Date,Current_Regime,Predawn_1h_Regime,Predawn_2h_Regime,DeltaT_mean_C,DeltaT_max_C,DeltaT_min_C,DeltaT_predawn_mean_C,DeltaT_predawn_median_C,DeltaT_range_C,Near_isothermal_fraction,St_mean_J_m2,St_max_J_m2,St_predawn_min_J_m2,St_predawn_median_J_m2,St_range_J_m2,N2_median_s2,N2_max_s2,N2_predawn_median_s2,N2_range_s2,MLD_PCHIP_0.1C_mean_m,MLD_PCHIP_0.1C_min_m,MLD_PCHIP_0.1C_max_m,MLD_PCHIP_0.1C_amplitude_m,MLD_PCHIP_0.1C_deepest_fraction,MLD_PCHIP_0.1C_predawn_median_m,MLD_PCHIP_0.2C_mean_m,MLD_PCHIP_0.2C_min_m,MLD_PCHIP_0.2C_max_m,MLD_PCHIP_0.2C_amplitude_m,MLD_PCHIP_0.2C_deepest_fraction,MLD_PCHIP_0.2C_predawn_median_m,MLD_PCHIP_0.3C_mean_m,MLD_PCHIP_0.3C_min_m,MLD_PCHIP_0.3C_max_m,MLD_PCHIP_0.3C_amplitude_m,MLD_PCHIP_0.3C_deepest_fraction,MLD_PCHIP_0.3C_predawn_median_m,MLD_linear_0.1C_mean_m,MLD_linear_0.1C_min_m,MLD_linear_0.1C_max_m,MLD_linear_0.1C_amplitude_m,MLD_linear_0.1C_deepest_fraction,MLD_linear_0.1C_predawn_median_m,MLD_linear_0.2C_mean_m,MLD_linear_0.2C_min_m,MLD_linear_0.2C_max_m,MLD_linear_0.2C_amplitude_m,MLD_linear_0.2C_deepest_fraction,MLD_linear_0.2C_predawn_median_m,MLD_linear_0.3C_mean_m,MLD_linear_0.3C_min_m,MLD_linear_0.3C_max_m,MLD_linear_0.3C_amplitude_m,MLD_linear_0.3C_deepest_fraction,MLD_linear_0.3C_predawn_median_m,DeltaT_mean_7d_median_C,DeltaT_predawn_7d_median_C,St_mean_7d_median_J_m2,N2_median_7d_median_s2,MLD_mean_7d_median_m,MLD_amplitude_7d_median_m,Near_isothermal_fraction_7d_mean,Nighttime_observations_n,Nighttime_duration_h,Nighttime_Rsw_min_W_m2,Nighttime_Rsw_max_W_m2,DeltaT_night_mean_C,DeltaT_night_median_C,DeltaT_night_min_C,DeltaT_night_max_C,St_night_min_J_m2,St_night_median_J_m2,N2_night_min_s2,N2_night_median_s2,MLD_PCHIP_0.1C_night_mean_m,MLD_PCHIP_0.1C_night_median_m,MLD_PCHIP_0.1C_night_min_m,MLD_PCHIP_0.1C_night_max_m,MLD_PCHIP_0.1C_night_deepest_fraction,MLD_PCHIP_0.2C_night_mean_m,MLD_PCHIP_0.2C_night_median_m,MLD_PCHIP_0.2C_night_min_m,MLD_PCHIP_0.2C_night_max_m,MLD_PCHIP_0.2C_night_deepest_fraction,MLD_PCHIP_0.3C_night_mean_m,MLD_PCHIP_0.3C_night_median_m,MLD_PCHIP_0.3C_night_min_m,MLD_PCHIP_0.3C_night_max_m,MLD_PCHIP_0.3C_night_deepest_fraction,MLD_linear_0.1C_night_mean_m,MLD_linear_0.1C_night_median_m,MLD_linear_0.1C_night_min_m,MLD_linear_0.1C_night_max_m,MLD_linear_0.1C_night_deepest_fraction,MLD_linear_0.2C_night_mean_m,MLD_linear_0.2C_night_median_m,MLD_linear_0.2C_night_min_m,MLD_linear_0.2C_night_max_m,MLD_linear_0.2C_night_deepest_fraction,MLD_linear_0.3C_night_mean_m,MLD_linear_0.3C_night_median_m,MLD_linear_0.3C_night_min_m,MLD_linear_0.3C_night_max_m,MLD_linear_0.3C_night_deepest_fraction,DeltaT_night_7d_median_C,St_night_7d_median_J_m2,N2_night_7d_median_s2,MLD_night_7d_median_m,Nocturnal_persistence_median_signature,Nocturnal_all_observations_stratified_signature,Predawn_1h_DeltaT_median_C,Predawn_1h_DeltaT_min_C,Predawn_1h_MLD_median_m,Predawn_1h_MLD_max_m,Predawn_1h_St_median_J_m2,Predawn_1h_N2_median_s2,Predawn_1h_St_observations_n,Predawn_1h_N2_observations_n,Predawn_1h_thermal_persistence_signature,Predawn_1h_strict_all_window_signature,Predawn_2h_DeltaT_median_C,Predawn_2h_DeltaT_min_C,Predawn_2h_MLD_median_m,Predawn_2h_MLD_max_m,Predawn_2h_St_median_J_m2,Predawn_2h_N2_median_s2,Predawn_2h_St_observations_n,Predawn_2h_N2_observations_n,Predawn_2h_thermal_persistence_signature,Predawn_2h_strict_all_window_signature,Current_vs_Predawn_1h_agreement,Current_vs_Predawn_2h_agreement,Predawn_1h_persistent_core,Predawn_2h_persistent_core
2024-01-01,Near-isothermal mixing,Near-isothermal mixing,Near-isothermal mixing,0.04750602961805557,0.15137640900000005,-0.061792497999999974,-0.0022471011666665617,-0.002639615000000095,0.21316890700000002,1.0,0.006773243791780826,0.017810664082796,-0.0004773558019309,0.00024300281664840003,0.023857892624437597,3.902971589921104e-05,0.0001209195721857,6.4039392725161556e-06,0.00012005722270686836,1.618053741730544,0.5211730780918815,2.25,1.7288269219081185,0.5833333333333334,2.25,2.25,2.25,2.25,0.0,1.0,2.25,2.25,2.25,2.25,0.0,1.0,2.25,1.6430184018867284,0.6113596010445453,2.25,1.6386403989554545,0.5833333333333334,2.25,2.25,2.25,2.25,0.0,1.0,2.25,2.25,2.25,2.25,0.0,1.0,2.25,,,,,,,,84,14.0,0.0,0.0,0.04157434848809525,0.020166918500000186,-0.061792497999999974,0.12199992099999957,-0.0060472285416416,0.0028353241908713,8.623494788316292e-07,1.574374369370645e-05,1.5432025163479839,2.25,0.5250323151420951,2.25,0.5357142857142857,2.25,2.25,2.25,2.25,1.0,2.25,2.25,2.25,2.25,1.0,1.5695436961356475,2.25,0.6113596010445453,2.25,0.5357142857142857,2.25,2.25,2.25,2.25,1.0,2.25,2.25,2.25,2.25,1.0,,,,,False,False,-0.0009904604999997346,-0.012358705999999664,2.25,2.25,0.0005750532237161,6.071646152124143e-06,1,1,False,False,-0.0030835494999998936,-0.012358705999999664,2.25,2.25,7.338848466809997e-05,4.453288309151212e-06,2,2,False,False,True,True,False,False
2024-01-02,Near-isothermal mixing,Near-isothermal mixing,Near-isothermal mixing,0.00019584779166667874,0.0540498119999997,-0.06064925700000057,-0.0030595935000001053,-0.0033227255000003453,0.11469906900000026,1.0,0.00027739415947090033,0.0065026151585128,-0.0005466956352232,-0.00046101583561900005,0.0103983504123904,6.43928144566273e-06,7.197975427116859e-05,2.4332383351317853e-06,7.036406433973174e-05,2.25,2.25,2.25,0.0,1.0,2.25,2.25,2.25,2.25,0.0,1.0,2.25,2.25,2.25,2.25,0.0,1.0,2.25,2.25,2.25,2.25,0.0,1.0,2.25,2.25,2.25,2.25,0.0,1.0,2.25,2.25,2.25,2.25,0.0,1.0,2.25,,,,,,,,87,14.5,0.0,0.0,-0.005636906551724105,-0.003802513999999313,-0.06064925700000057,0.0540498119999997,-0.0038957352538776,-0.0005337778758070001,1.6156899314368569e-06,3.723655933929948e-06,2.25,2.25,2.25,2.25,1.0,2.25,2.25,2.25,2.25,1.0,2.25,2.25,2.25,2.25,1.0,2.25,2.25,2.25,2.25,1.0,2.25,2.25,2.25,2.25,1.0,2.25,2.25,2.25,2.25,1.0,,,,,False,False,-8.03975000001067e-05,-0.0036697989999998626,2.25,2.25,-0.0001003554313544,4.011413068526469e-06,1,1,False,False,0.0018769445000001994,-0.010582921000000134,2.25,2.25,0.0002638590554693,4.210372871999592e-06,2,2,False,False,True,True,False,False
2024-01-03,Near-isothermal mixing,Near-isothermal mixing,Near-isothermal mixing,0.08725609637500004,0.2293915249999996,-0.03365314299999955,0.009630956249999878,0.009805130499999759,0.26304466799999915,0.9236111111111112,0.013566422634638557,0.0324800144249894,0.0016983267799164,0.00240757051684065,0.0336466185087538,6.610314141687848e-05,0.0001987237605211,9.033617574806317e-06,0.0001954825726960458,1.4452375000403432,0.4124107982178372,2.25,1.837589201782163,0.5208333333333334,2.25,2.091198078787461,0.6421803292705967,2.25,1.6078196707294032,0.875,2.25,2.25,2.25,2.25,0.0,1.0,2.25,1.4757795330995096,0.4815378963330836,2.25,1.7684621036669164,0.5208333333333334,2.25,2.1005120119462797,0.7130757926661693,2.25,1.5369242073338307,0.875,2.25,2.25,2.25,2.25,0.0,1.0,2.25,,,,,,,,86,14.333333333333332,0.0,0.0,0.08192953341860465,0.015525682999999901,-0.023181142999999516,0.2293915249999996,-0.0002180242968614,0.0028393027555142,3.241187825054191e-06,1.1310808929692232e-05,1.4489718617320113,2.25,0.4188884316917437,2.25,0.5465116279069767,2.14137687145356,2.25,0.6634506065099727,2.25,0.9186046511627907,2.25,2.25,2.25,2.25,1.0,1.480348835841944,2.25,0.4843805551853771,2.25,0.5465116279069767,2.1480807295357267,2.25,0.7187611103707564,2.25,0.9186046511627907,2.25,2.25,2.25,2.25,1.0,,,,,False,False,-0.011225322500000079,-0.023181142999999516,2.25,2.25,-0.0002180242968614,4.25331358217474e-06,1,1,False,False,0.006955757500000104,-0.023181142999999516,2.25,2.25,0.00117188348020105,8.20173602979941e-06,2,2,False,False,True,True,False,False
2024-01-04,Near-isothermal mixing,Near-isothermal mixing,Near-isothermal mixing,0.05442654104166666,0.17347974499999985,-0.02920892499999983,-0.0008510522500002615,0.002036185499999288,0.20268866999999968,1.0,0.008752207868513879,0.022329272439035,-0.0002231218710364,-0.00021064217636570002,0.0231269239170523,4.722870613663035e-05,0.0001299763061515,8.0987147335901e-06,0.0001262261349639885,1.5755579365815902,0.559674142897665,2.25,1.690325857102335,0.5416666666666666,2.25,2.25,2.25,2.25,0.0,1.0,2.25,2.25,2.25,2.25,0.0,1.0,2.25,1.5987150296173902,0.633456628827395,2.25,1.6165433711726052,0.5416666666666666,2.25,2.25,2.25,2.25,0.0,1.0,2.25,2.25,2.25,2.25,0.0,1.0,2.25,0.05096628532986111,-0.0003017147500004036,0.007762725830147352,4.3129211017920693e-05,2.25,0.0,0.9809027777777778,84,14.0,0.0,0.0,0.05145445547619042,0.07229073699999988,-0.02920892499999983,0.11878871900000032,-0.0007976514780173,0.00804705304361685,3.7501711875115095e-06,6.023372528096006e-05,1.5088819590601763,1.227946308752204,0.5814871326675736,2.25,0.4880952380952381,2.25,2.25,2.25,2.25,1.0,2.25,2.25,2.25,2.25,1.0,1.5350035918750884,1.270344000992555,0.6543731500433836,2.25,0.4880952380952381,2.25,2.25,2.25,2.25,1.0,2.25,2.25,2.25,2.25,1.0,0.017846300750000044,0.00283731347319275,1.352727631169934e-05,2.25,False,False,-0.0025616109999999637,-0.022662458000000107,2.25,2.25,0.0008370231460257,9.049547959449018e-06,1,1,False,False,0.002539877500000287,-0.022662458000000107,2.25,2.25,0.0002961409300045,7.935048985032076e-06,2,2,False,False,True,True,False,False
2024-01-05,Near-isothermal mixing,Near-isothermal mixing,Near-isothermal mixing,0.05922677773611108,0.15927101900000018,-0.047360316999999874,-0.00044324124999980025,-0.00021602599999992478,0.20663133600000005,1.0,0.010659376676688035,0.0240868656086162,-0.0003375894019686,-0.00020541945310282501,0.028229409626247703,6.888628591661762e-05,0.0001512768984792,5.024553996933829e-06,0.0001481250064379168,1.4912066949421405,0.4966356256870931,2.25,1.7533643743129068,0.5208333333333334,2.25,2.25,2.25,2.25,0.0,1.0,2.25,2.25,2.25,2.25,0.0,1.0,2.25,1.5168579754784133,0.5831086715209121,2.25,1.666891328479088,0.5208333333333334,2.25,2.25,2.25,2.25,0.0,1.0,2.25,2.25,2.25,2.25,0.0,1.0,2.25,0.05442654104166666,-0.00021602599999992478,0.008752207868513879,4.722870613663035e-05,2.25,0.0,0.9847222222222222,85,14.166666666666666,0.0,0.0,0.04909682750588233,0.05878615399999987,-0.047360316999999874,0.13332682700000031,-0.0041425440176315,0.009417110457710851,3.1518920412831823e-06,7.628107679326505e-05,1.4304111545270441,0.8487576986514397,0.5707219380412872,2.25,0.4823529411764706,2.25,2.25,2.25,2.25,1.0,2.25,2.25,2.25,2.25,1.0,1.4571270327985866,0.9087496138765064,0.646833128772466,2.25,0.4823529411764706,2.25,2.25,2.25,2.25,1.0,2.25,2.25,2.25,2.25,1.0,0.020166918500000186,0.0028393027555142,1.574374369370645e-05,2.25,False,False,-0.0026091410000002035,-0.009938976000000821,2.25,2.25,-0.0004838262884292,3.892347766446296e-06,1,1,False,False,-0.00469254699999988,-0.01445094700000027,2.25,2.25,-0.00064793176169635,3.644527360266926e-06,2,2,False,False,True,True,False,False
2024-01-06,Near-isothermal mixing,Near-isothermal mixing,Near-isothermal mixing,0.07606311916666669,0.22152621800000016,-0.04583683699999952,-0.006707327249999932,-0.0034747550000004956,0.2673630549999997,0.9791666666666666,0.01375691741662558,0.0285195460951944,-0.0022151192367938,-0.0010789634957132416,0.030734665331988202,0.0001043568422482093,0.0001959514058591,5.276160202003986e-06,0.00019329104736172408,1.387551885890597,0.4197992389377993,2.25,1.8302007610622006,0.4861111111111111,2.25,2.1913318133011384,0.6685263227058199,2.25,1.5814736772941802,0.9513888888888888,2.25,2.25,2.25,2.25,0.0,1.0,2.25,1.423183714816024,0.4846629890533332,2.25,1.7653370109466668,0.4861111111111111,2.25,2.194098666283352,0.7193259781066687,2.25,1.5306740218933315,0.9513888888888888,2.25,2.25,2.25,2.25,0.0,1.0,2.25,0.05682665938888887,-0.00142782050000001,0.009705792272600957,5.666592377675442e-05,2.25,0.0,0.9837962962962963,86,14.333333333333332,0.0,0.0,0.06751062900000003,0.06444170900000001,-0.04583683699999952,0.22152621800000016,-0.0022151192367938,0.0094436830191647,2.660358497375906e-06,0.00010052909464783829,1.3799475928855809,0.953113371993158,0.4197992389377993,2.25,0.47674418604651164,2.185384923571618,2.25,0.6685263227058199,2.25,0.9534883720930233,2.25,2.25,2.25,2.25,1.0,1.4138704085156952,1.0403295266593016,0.4846629890533332,2.25,0.47674418604651164,2.1883519189228506,2.25,0.7193259781066687,2.25,0.9534883720930233,2.25,2.25,2.25,2.25,1.0,0.03947653625000003,0.005443177899565525,3.7988734487333255e-05,2.25,False,False,-0.0010514884999999197,-0.01434063000000041,2.25,2.25,-0.0004835774014391,3.38930062288946e-06,1,1,False,False,-0.004214174000000348,-0.01652042699999967,2.25,2.25,-0.0004934173661761,3.024829560132683e-06,2,2,False,False,True,True,False,False
2024-01-07,Near-isothermal mixing,Near-isothermal mixing,Near-isothermal mixing,0.12235880948611115,0.24483050500000036,-0.014213127999999742,0.14434977783333328,0.14542623399999988,0.2590436330000001,0.9861111111111112,0.022832200912905137,0.0297320049481212,0.0220886955587209,0.0232087266592115,0.019269099080489197,0.0001754262471557,0.0001958176312123,0.0001668405158959,0.00013811338058354418,0.9170491004021559,0.3990332413585791,2.25,1.850966758641421,0.19444444444444445,0.5173792357992242,2.1804813758595745,0.5893941541144403,2.25,1.6606058458855597,0.9375,2.25,2.25,2.25,2.25,0.0,1.0,2.25,0.9697944355111022,0.4588577211161442,2.25,1.7911422788838558,0.19444444444444445,0.5984157461807431,2.1854595245136594,0.6677154422322903,2.25,1.5822845577677098,0.9375,2.25,2.25,2.25,2.25,0.0,1.0,2.25,0.05922677773611108,-0.00021602599999992478,0.010659376676688035,6.610314141687848e-05,2.25,0.0,0.9841269841269842,85,14.166666666666666,0.0,0.0,0.14174463011764712,0.14348941699999962,0.055099316999999814,0.24483050500000036,0.0136043706471047,0.024556561795092552,7.806989555919458e-05,0.0001764304684406,0.6600632552534632,0.526639913629762,0.3990332413585791,2.25,0.058823529411764705,2.16919991798147,2.25,0.5893941541144403,2.25,0.9411764705882353,2.25,2.25,2.25,2.25,1.0,0.7230056046976937,0.5946718800908031,0.4588577211161442,2.25,0.058823529411764705,2.1742321411341963,2.25,0.6677154422322903,2.25,0.9411764705882353,2.25,2.25,2.25,2.25,1.0,0.05878615399999987,0.00804705304361685,6.023372528096006e-05,2.25,False,False,0.08600599550000076,0.055099316999999814,2.25,2.25,0.0136043706471047,7.806989555919458e-05,1,1,False,False,0.0980895180000001,0.055099316999999814,2.25,2.25,0.01679030482659455,9.86124051104973e-05,2,2,False,False,True,True,False,False
2024-01-08,Near-isothermal mixing,Near-isothermal mixing,Near-isothermal mixing,0.08875497023611117,0.2083218510000009,-0.036446662999999546,0.1032800491666664,0.09709475899999909,0.24476851400000044,0.9930555555555556,0.018430396145898184,0.0327909408542225,0.0163237879290303,0.0184922610026685,0.027171097197985,0.0001570222908812,0.0001989717735292,0.00015166941099515,0.0001610802081867613,1.1098015720710008,0.4314642714310369,2.25,1.8185357285689632,0.2916666666666667,0.6221559360879311,2.2388257116907737,0.7466802907781279,2.25,1.5033197092218722,0.9861111111111112,2.25,2.25,2.25,2.25,0.0,1.0,2.25,1.153367952415624,0.4997048887742494,2.25,1.7502951112257505,0.2916666666666667,0.6909186656663777,2.2386101294481375,0.7494097775484989,2.25,1.500590222451501,0.9861111111111112,2.25,2.25,2.25,2.25,0.0,1.0,2.25,0.07606311916666669,0.002036185499999288,0.013566422634638557,6.888628591661762e-05,2.2388257116907737,1.5033197092218722,0.9831349206349207,85,14.166666666666666,0.0,0.0,0.09942916088235303,0.09273576000000006,0.011346190000001144,0.19287964699999982,0.0059847608532764,0.01883678436189235,6.36203651350314e-05,0.00016480554418995,0.770466804190059,0.5886028042105398,0.4314642714310369,2.25,0.10588235294117647,2.2323138857738605,2.25,0.7466802907781279,2.25,0.9882352941176471,2.25,2.25,2.25,2.25,1.0,0.8291174947287636,0.6520491641799928,0.4997048887742494,2.25,0.10588235294117647,2.2323459973829234,2.25,0.7494097775484989,2.25,0.9882352941176471,2.25,2.25,2.25,2.25,1.0,0.06444170900000001,0.009417110457710851,7.628107679326505e-05,2.25,False,False,0.04310824200000063,0.011346190000001144,2.25,2.25,0.0059847608532764,6.36203651350314e-05,1,1,False,False,0.04310824200000063,0.011346190000001144,2.25,2.25,0.00751225176029485,8.26207469423657e-05,2,2,False,False,True,True,False,False
2024-01-09,Near-isothermal mixing,Near-isothermal mixing,Near-isothermal mixing,0.04627028888194451,0.1483538640000006,-0.04247596299999934,-0.012518791249999625,-0.015931686000000056,0.19082982699999995,1.0,0.0109806068076116,0.0280959755384359,-0.0026499647845974,-0.0013293640994434417,0.0336699678962712,8.720207294711076e-05,0.0001878376761502,8.838567335341362e-06,0.00018431483345544275,1.4846919839987025,0.5143181703632266,2.25,1.7356818296367735,0.5208333333333334,2.25,2.25,2.25,2.25,0.0,1.0,2.25,2.25,2.25,2.25,0.0,1.0,2.25,1.5109914080264548,0.5870396459735561,2.25,1.662960354026444,0.5208333333333334,2.25,2.25,2.25,2.25,0.0,1.0,2.25,2.25,2.25,2.25,0.0,1.0,2.25,0.07606311916666669,0.002036185499999288,0.013566422634638557,8.720207294711076e-05,2.2388257116907737,1.5033197092218722,0.9831349206349207,83,13.833333333333332,0.0,0.0,0.03721376559036158,0.007555526000000867,-0.04247596299999934,0.1483538640000006,-0.0055739923578353,0.0032833904868654583,3.522842694757273e-06,3.997761239154124e-05,1.5141929413197828,2.25,0.5353600593442156,2.25,0.5421686746987951,2.25,2.25,2.25,2.25,1.0,2.25,2.25,2.25,2.25,1.0,1.5392208864652757,2.25,0.6149939340198105,2.25,0.5421686746987951,2.25,2.25,2.25,2.25,1.0,2.25,2.25,2.25,2.25,1.0,0.06444170900000001,0.009417110457710851,7.628107679326505e-05,2.25,False,False,0.00533664850000104,-0.03854064000000079,2.25,2.25,-7.231542789014999e-05,8.32945851642656e-06,1,1,False,False,0.0005494475000000776,-0.03854064000000079,2.25,2.25,-0.000227954832363425,7.467181378559492e-06,2,2,False,False,True,True,False,False
2024-01-10,Near-isothermal mixing,Near-isothermal mixing,Near-isothermal mixing,0.04008765752777789,0.16563705400000117,-0.05931197800000021,-0.002018930666666622,-0.005183294999999255,0.22494903200000138,1.0,0.008958763327699603,0.0308356184669049,0.0002312658094113,0.00079057678255275,0.0336373609624377,3.570747120911158e-05,0.0001845824572661,1.1725463309111478e-05,0.0001793889750502164,1.7113846855401973,0.4880439935441405,2.25,1.7619560064558595,0.6597222222222222,2.25,2.25,2.25,2.25,0.0,1.0,2.25,2.25,2.25,2.25,0.0,1.0,2.25,1.7284840392855365,0.5615757048295764,2.25,1.6884242951704236,0.6597222222222222,2.25,2.25,2.25,2.25,0.0,1.0,2.25,2.25,2.25,2.25,0.0,1.0,2.25,0.05922677773611108,-0.00021602599999992478,0.0109806068076116,8.720207294711076e-05,2.25,0.0,0.9940476190476192,83,13.833333333333332,0.0,0.0,0.04091752549397604,0.013622246999998922,-0.05931197800000021,0.15939330299999988,-0.0028017424955328,0.00125433592010585,5.1934822158835925e-06,1.4326799834211994e-05,1.763606191306667,2.25,0.4880439935441405,2.25,0.6987951807228916,2.25,2.25,2.25,2.25,1.0,2.25,2.25,2.25,2.25,1.0,1.7803577347223452,2.25,0.5615757048295764,2.25,0.6987951807228916,2.25,2.25,2.25,2.25,1.0,2.25,2.25,2.25,2.25,1.0,0.06444170900000001,0.009417110457710851,7.628107679326505e-05,2.25,False,False,-0.02188001199999956,-0.055503038000001226,2.25,2.25,-0.0015462528328285,8.854078290851138e-06,1,1,False,False,-0.0054891399999998924,-0.055503038000001226,2.25,2.25,-0.00217399766418065,7.582379040514807e-06,2,2,False,False,True,True,False,False
2024-01-11,Near-isothermal mixing,Near-isothermal mixing,Near-isothermal mixing,0.09169660448611111,0.24168309300000068,-0.021607317999999154,-0.004610598499999933,-0.001042998500000003,0.26329041099999984,0.875,0.019017256069116233,0.0418822404020999,-0.0021096542130447,-0.0011478061062695998,0.043991894615144606,9.163379164150076e-05,0.0002784816853705,5.5687033184265625e-06,0.00027456863764107735,1.408109921568314,0.4051319469209838,2.25,1.8448680530790162,0.4930555555555556,2.25,1.965043370469113,0.6059760472664221,2.25,1.644023952733578,0.7777777777777778,2.25,2.25,2.25,2.25,0.0,1.0,2.25,1.435263360453068,0.461778428327224,2.25,1.788221571672776,0.4930555555555556,2.25,1.9790219249205085,0.6735568566544481,2.25,1.576443143345552,0.7777777777777778,2.25,2.25,2.25,2.25,0.0,1.0,2.25,0.07606311916666669,-0.001042998500000003,0.01375691741662558,9.163379164150076e-05,2.2388257116907737,1.5033197092218722,0.9761904761904763,83,13.833333333333332,0.0,0.0,0.08584068467469873,0.008979596999999728,-0.021607317999999154,0.24168309300000068,-0.0021096542130447,0.00041591597276524996,3.913047729422676e-06,8.170468608118756e-06,1.4391165838904516,2.25,0.4051319469209838,2.25,0.5421686746987951,1.78855627654034,2.25,0.6059760472664221,2.25,0.6626506024096386,2.25,2.25,2.25,2.25,1.0,1.4661403282650578,2.25,0.461778428327224,2.25,0.5421686746987951,1.811406137239896,2.25,0.6735568566544481,2.25,0.6626506024096386,2.25,2.25,2.25,2.25,1.0,0.05878615399999987,0.009417110457710851,7.628107679326505e-05,2.25,False,False,0.0029724035000002758,-0.00040992899999992005,2.25,2.25,0.000131577671407,7.162589056438724e-06,1,1,False,False,0.003295468500000176,-0.020568466000000285,2.25,2.25,0.00034861695412915,8.139583682622893e-06,2,2,False,False,True,True,False,False
2024-01-12,Near-isothermal mixing,Near-isothermal mixing,Near-isothermal mixing,0.08855218188888893,0.23910494999999976,-0.017291247000001064,0.0035357531666669515,0.004889189500000057,0.2563961970000008,0.9861111111111112,0.018849410918388865,0.0397944267808475,0.0002689688763544,0.00089606241438435,0.0408943058879682,0.00010458260714703624,0.000211346299829,7.040639973856031e-06,0.00020665047779220585,1.3866870187896552,0.4697630269237204,2.25,1.7802369730762795,0.4652777777777778,2.25,2.2320240786044745,1.1507903835051922,2.25,1.0992096164948078,0.9791666666666666,2.25,2.25,2.25,2.25,0.0,1.0,2.25,1.4165550565272123,0.5411674188782836,2.25,1.7088325811217164,0.4652777777777778,2.25,2.2328662600752636,1.225658296849511,2.25,1.024341703150489,0.9791666666666666,2.25,2.25,2.25,2.25,0.0,1.0,2.25,0.08855218188888893,-0.001042998500000003,0.018430396145898184,0.0001043568422482093,2.2320240786044745,1.5033197092218722,0.9742063492063492,83,13.833333333333332,0.0,0.0,0.08245350738554223,0.12353677099999949,-0.017291247000001064,0.17252043299999897,-0.0010998791071207,0.02355663262365565,4.695822036794157e-06,0.00013430950991323625,1.3129661162755142,0.6228992172312839,0.4739122503080063,2.25,0.43373493975903615,2.2367565106446405,2.25,1.1507903835051922,2.25,0.9879518072289156,2.25,2.25,2.25,2.25,1.0,1.3490009904315041,0.6699881323113425,0.5411674188782836,2.25,0.43373493975903615,2.237658533696982,2.25,1.225658296849511,2.25,0.9879518072289156,2.25,2.25,2.25,2.25,1.0,0.06444170900000001,0.0094436830191647,0.00010052909464783829,2.25,False,False,0.0034370290000005355,-0.006158556999999121,2.25,2.25,0.0007582501397476,9.172035078348142e-06,1,1,False,False,0.004003906999999529,-0.006158556999999121,2.25,2.25,0.00104365080046655,9.77443834848586e-06,2,2,False,False,True,True,False,False
2024-01-13,Near-isothermal mixing,Near-isothermal mixing,Near-isothermal mixing,0.10157399382638899,0.2205908350000012,-0.030712432999999706,0.0015330598333333316,-0.0019268390000002356,0.2513032680000009,0.9583333333333334,0.02201598029153752,0.0477561546187521,-0.0009735135022202,0.0016945472031574,0.049599518259773503,0.00018017241961684998,0.0002369332012666,1.3032739241292856e-05,0.00023255570700720252,1.2482946423596866,0.4585563177391937,2.25,1.7914436822608062,0.4097222222222222,2.25,2.1518505422652288,0.9186701713368416,2.25,1.3313298286631583,0.9097222222222222,2.25,2.25,2.25,2.25,0.0,1.0,2.25,1.284934907681703,0.5230166838147527,2.25,1.7269833161852473,0.4097222222222222,2.25,2.1573847986375503,1.0080135577245513,2.25,1.2419864422754487,0.9097222222222222,2.25,2.25,2.25,2.25,0.0,1.0,2.25,0.08875497023611117,-0.001042998500000003,0.018849410918388865,0.00010458260714703624,2.2320240786044745,1.3313298286631583,0.9712301587301588,83,13.833333333333332,0.0,0.0,0.10636603789156635,0.1430214050000007,-0.030712432999999706,0.18241353500000024,-0.0018433636410214,0.02750410069739065,4.377494259397478e-06,0.000193710097095,1.0904401500228869,0.5374403288172583,0.4657877160372615,2.25,0.3253012048192771,2.25,2.25,2.25,2.25,1.0,2.25,2.25,2.25,2.25,1.0,1.1366873810793157,0.6077974654958547,0.5431221903065555,2.25,0.3253012048192771,2.25,2.25,2.25,2.25,1.0,2.25,2.25,2.25,2.25,1.0,0.09273576000000006,0.01883678436189235,0.00013430950991323625,2.25,False,False,-0.008106028000000265,-0.030712432999999706,2.25,2.25,-0.0008538088912747,7.001124802834951e-06,1,1,False,False,-0.008124563500000903,-0.030712432999999706,2.25,2.25,-0.00134858626614805,5.6893095311162145e-06,2,2,False,False,True,True,False,False
2024-01-14,Transition/unclassified,Transition/unclassified,Transition/unclassified,0.22368954006944441,0.5044482289999994,0.11026456799999984,0.14952797133333315,0.1482324385,0.3941836609999996,0.5555555555555556,0.045933366223260615,0.078624020881068,0.0288831251445756,0.029753279493578602,0.0517973837228802,0.00026518901298774997,0.0005361196273607,0.00021170976475685,0.0003269477830734,0.45679224876027635,0.3204262653689971,0.8257321913423371,0.50530592597334,0.0,0.5120269995868378,1.423462046979508,0.3941883073418587,2.25,1.8558116926581412,0.4861111111111111,2.25,1.9029783692226248,0.4756409611488329,2.25,1.7743590388511672,0.7777777777777778,2.25,0.517869433929861,0.3529174175307035,0.866557864094248,0.5136404465635445,0.0,0.5866031768564419,1.4600700330073453,0.455834835061407,2.25,1.794165164938593,0.4861111111111111,2.25,1.9187178245892522,0.5587522525921123,2.25,1.6912477474078877,0.7777777777777778,2.25,0.08875497023611117,-0.001042998500000003,0.018849410918388865,0.00010458260714703624,2.2320240786044745,1.3313298286631583,0.9097222222222222,87,14.5,0.0,0.0,0.23213962994252876,0.17070953800000055,0.11844787999999973,0.5044482289999994,0.0269832185397283,0.03363574921085135,0.0002091718442873,0.00022141695206924998,0.45572219589174806,0.4964353639995009,0.3204262653689971,0.6568914062819109,0.0,1.5111898518414724,2.25,0.3941883073418587,2.25,0.5632183908045977,1.8154900815833532,2.25,0.4756409611488329,2.25,0.7241379310344828,0.5164474153280706,0.5695389456910889,0.3529174175307035,0.6604683449562521,0.0,1.5425892313776262,2.25,0.455834835061407,2.25,0.5632183908045977,1.8346513704728304,2.25,0.5587522525921123,2.25,0.7241379310344828,0.09273576000000006,0.01883678436189235,0.00013430950991323625,2.25,False,False,0.14212827299999997,0.11844787999999973,2.25,2.25,0.0269832185397283,0.0002124116794024,1,1,False,False,0.1443171190000001,0.11844787999999973,2.25,2.25,0.02795203538801115,0.000212683428973,2,2,False,False,True,True,False,False
2024-01-15,Near-isothermal mixing,Near-isothermal mixing,Near-isothermal mixing,0.0006092864930555707,0.20706947300000067,-0.06435266499999948,-0.01862564591666634,-0.019613450000000476,0.27142213800000015,0.9930555555555556,0.002221236127967817,0.0443039502156964,-0.0033547427732498,-0.0030251632874737,0.053102096850740896,1.2905094702120883e-05,0.0002045999008615,5.745813373672797e-06,0.00020230346652080552,2.1086280762069065,0.4931218090509286,2.25,1.7568781909490714,0.8958333333333334,2.25,2.2335443631132423,1.0176019247949513,2.25,1.2323980752050487,0.9861111111111112,2.25,2.25,2.25,2.25,0.0,1.0,2.25,2.1126836721632127,0.5501444505197022,2.25,1.6998555494802978,0.8958333333333334,2.25,2.2347000058165447,1.1052800940128016,2.25,1.1447199059871984,0.9861111111111112,2.25,2.25,2.25,2.25,0.0,1.0,2.25,0.08855218188888893,-0.0019268390000002356,0.018849410918388865,9.163379164150076e-05,2.2320240786044745,1.2323980752050487,0.9097222222222222,88,14.666666666666666,0.0,0.0,0.00891485507954546,-0.018889557499998766,-0.06435266499999948,0.20706947300000067,-0.0087981466350445,-0.0028430982277449,2.2964343406944897e-06,6.825794566484345e-06,2.0186641247022106,2.25,0.4931218090509286,2.25,0.8295454545454546,2.2230725941853056,2.25,1.0176019247949513,2.25,0.9772727272727273,2.25,2.25,2.25,2.25,1.0,2.025300554448894,2.25,0.5501444505197022,2.25,0.8295454545454546,2.2249636458816187,2.25,1.1052800940128016,2.25,0.9772727272727273,2.25,2.25,2.25,2.25,1.0,0.013622246999998922,0.0032833904868654583,3.997761239154124e-05,2.25,False,False,0.013991665499999861,-0.0017844809999996158,2.25,2.25,0.0043291597713577,1.7731088111321906e-05,1,1,False,False,-0.004253712499999729,-0.024503249000000338,2.25,2.25,0.00418553129004625,1.642344457571964e-05,2,2,False,False,True,True,False,False
2024-01-16,Near-isothermal mixing,Near-isothermal mixing,Near-isothermal mixing,-0.02673549439583336,0.012113052000000124,-0.09211423800000063,-0.02299668866666682,-0.022304984499999847,0.10422729000000075,1.0,-0.004153884073377554,0.0017158431291131,-0.005184943712916,-0.0033841842978891,0.011108268137920001,6.521594164799303e-06,2.0585492711727863e-05,7.176966201247935e-06,1.8830288493436725e-05,2.25,2.25,2.25,0.0,1.0,2.25,2.25,2.25,2.25,0.0,1.0,2.25,2.25,2.25,2.25,0.0,1.0,2.25,2.25,2.25,2.25,0.0,1.0,2.25,2.25,2.25,2.25,0.0,1.0,2.25,2.25,2.25,2.25,0.0,1.0,2.25,0.08855218188888893,-0.0019268390000002356,0.018849410918388865,9.163379164150076e-05,2.2320240786044745,1.2323980752050487,0.9097222222222222,88,14.666666666666666,0.0,0.0,-0.029837482420454527,-0.026914019500000386,-0.09211423800000063,0.003134648999999712,-0.0093924250088069,-0.0042786592672302,1.7552042182911398e-06,4.95707760552813e-06,2.25,2.25,2.25,2.25,1.0,2.25,2.25,2.25,2.25,1.0,2.25,2.25,2.25,2.25,1.0,2.25,2.25,2.25,2.25,1.0,2.25,2.25,2.25,2.25,1.0,2.25,2.25,2.25,2.25,1.0,0.013622246999998922,0.00125433592010585,1.4326799834211994e-05,2.25,False,False,-0.020527349499999126,-0.049321707000000714,2.25,2.25,-0.0039054577329738,4.300977549459607e-06,1,1,False,False,-0.028299422000000796,-0.09211423800000063,2.25,2.25,-0.00419026046452125,5.0761112858646366e-06,2,2,False,False,True,True,False,False
2024-01-17,Near-isothermal mixing,Near-isothermal mixing,Near-isothermal mixing,-0.06804303138888888,-0.00408621799999942,-0.13710411500000141,-0.053221585416666294,-0.0467196190000001,0.133017897000002,1.0,-0.010418327264791707,-0.0030819337780054,-0.0102287283328765,-0.007819627859543151,0.0173676587269134,9.761741717412441e-06,3.913291270025602e-05,1.0098213690379907e-05,3.5320605315774454e-05,2.25,2.25,2.25,0.0,1.0,2.25,2.25,2.25,2.25,0.0,1.0,2.25,2.25,2.25,2.25,0.0,1.0,2.25,2.25,2.25,2.25,0.0,1.0,2.25,2.25,2.25,2.25,0.0,1.0,2.25,2.25,2.25,2.25,0.0,1.0,2.25,0.08855218188888893,-0.0019268390000002356,0.018849410918388865,9.163379164150076e-05,2.2320240786044745,1.2323980752050487,0.9097222222222222,90,15.0,0.0,0.0,-0.0716992920666666,-0.07016698149999989,-0.13710411500000141,-0.007262454999999335,-0.0204495925049188,-0.0111730979751289,3.8123073844815696e-06,7.62320852186124e-06,2.25,2.25,2.25,2.25,1.0,2.25,2.25,2.25,2.25,1.0,2.25,2.25,2.25,2.25,1.0,2.25,2.25,2.25,2.25,1.0,2.25,2.25,2.25,2.25,1.0,2.25,2.25,2.25,2.25,1.0,0.008979596999999728,0.00041591597276524996,8.170468608118756e-06,2.25,False,False,-0.06731767650000098,-0.09473710199999985,2.25,2.25,-0.0115867083765668,6.029887958858286e-06,1,1,False,False,-0.06564738950000049,-0.09473710199999985,2.25,2.25,-0.01137990317584785,8.096552981373135e-06,2,2,False,False,True,True,False,False
2024-01-18,Near-isothermal mixing,Near-isothermal mixing,Near-isothermal mixing,-0.00857035451388894,0.06150438299999905,-0.10503276999999933,-0.03103070133333352,-0.02861222750000003,0.16653715299999838,1.0,0.0001222473957716417,0.0075273745643701,-0.0062648159786884,-0.0033739276850816,0.0178298553996576,1.5002982224999948e-05,2.7565289257335198e-05,1.2955141330523292e-05,2.2526646489118574e-05,2.25,2.25,2.25,0.0,1.0,2.25,2.25,2.25,2.25,0.0,1.0,2.25,2.25,2.25,2.25,0.0,1.0,2.25,2.25,2.25,2.25,0.0,1.0,2.25,2.25,2.25,2.25,0.0,1.0,2.25,2.25,2.25,2.25,0.0,1.0,2.25,0.0006092864930555707,-0.019613450000000476,0.002221236127967817,1.5002982224999948e-05,2.2335443631132423,1.0992096164948078,0.927579365079365,93,15.5,0.0,0.0,-0.010922691666666727,-0.005653650999999371,-0.10503276999999933,0.06150438299999905,-0.0103024808352875,0.0016059413793829,6.146463968022567e-06,1.6534876817229623e-05,2.25,2.25,2.25,2.25,1.0,2.25,2.25,2.25,2.25,1.0,2.25,2.25,2.25,2.25,1.0,2.25,2.25,2.25,2.25,1.0,2.25,2.25,2.25,2.25,1.0,2.25,2.25,2.25,2.25,1.0,-0.005653650999999371,0.0016059413793829,1.6534876817229623e-05,2.25,False,False,0.011083027000000634,-0.02087075000000027,2.25,2.25,-0.0005444714125339,1.5847788331821913e-05,1,1,False,False,-0.009824202500000823,-0.04492722300000018,2.25,2.25,0.00116749332532035,1.7432330232839445e-05,2,2,False,False,True,True,False,False
2024-01-19,Near-isothermal mixing,Near-isothermal mixing,Near-isothermal mixing,0.011491985298611007,0.054225588000000435,-0.03493802400000057,0.01034388916666599,0.006978192499999203,0.089163612000001,1.0,0.003311442600148446,0.0082500377890125,0.0028217097456615,0.003273993006239,0.0091057406651875,1.6184241471565423e-05,2.787604173065332e-05,1.6702681357070818e-05,1.8797269481489556e-05,2.25,2.25,2.25,0.0,1.0,2.25,2.25,2.25,2.25,0.0,1.0,2.25,2.25,2.25,2.25,0.0,1.0,2.25,2.25,2.25,2.25,0.0,1.0,2.25,2.25,2.25,2.25,0.0,1.0,2.25,2.25,2.25,2.25,0.0,1.0,2.25,0.0006092864930555707,-0.019613450000000476,0.002221236127967817,1.5002982224999948e-05,2.25,0.0,0.9295634920634921,92,15.333333333333332,0.0,0.0,0.013455028543478098,0.01394366549999937,-0.03493802400000057,0.054225588000000435,0.0001641602028077,0.0036964777367044,9.078772249163764e-06,1.6813806930022252e-05,2.25,2.25,2.25,2.25,1.0,2.25,2.25,2.25,2.25,1.0,2.25,2.25,2.25,2.25,1.0,2.25,2.25,2.25,2.25,1.0,2.25,2.25,2.25,2.25,1.0,2.25,2.25,2.25,2.25,1.0,-0.005653650999999371,0.0016059413793829,1.6534876817229623e-05,2.25,False,False,-0.002510830000000297,-0.010559378000001729,2.25,2.25,0.0029816359504227,1.55226907704197e-05,1,1,False,False,0.005703291000000554,-0.010559378000001729,2.25,2.25,0.00230258749667295,1.370766360213249e-05,2,2,False,False,True,True,False,False
2024-01-20,Near-isothermal mixing,Near-isothermal mixing,Near-isothermal mixing,0.014746183194444453,0.082903473,-0.06719343299999991,0.006170169000000077,0.006539806000000148,0.15009690599999992,1.0,0.003908476211536504,0.0112841284815072,0.0018917858074443,0.0026877393623077,0.0146555366790987,1.7001227229120596e-05,6.060621970687977e-05,1.6615977180791802e-05,5.612550158993544e-05,2.25,2.25,2.25,0.0,1.0,2.25,2.25,2.25,2.25,0.0,1.0,2.25,2.25,2.25,2.25,0.0,1.0,2.25,2.25,2.25,2.25,0.0,1.0,2.25,2.25,2.25,2.25,0.0,1.0,2.25,2.25,2.25,2.25,0.0,1.0,2.25,0.0006092864930555707,-0.019613450000000476,0.002221236127967817,1.5002982224999948e-05,2.25,0.0,0.9355158730158729,85,14.166666666666666,0.0,0.0,0.0027911951764705944,0.0012437770000000015,-0.06719343299999991,0.04978633300000013,-0.0033714081975915,0.0022308942055175,4.480718116944324e-06,1.4970279589156064e-05,2.25,2.25,2.25,2.25,1.0,2.25,2.25,2.25,2.25,1.0,2.25,2.25,2.25,2.25,1.0,2.25,2.25,2.25,2.25,1.0,2.25,2.25,2.25,2.25,1.0,2.25,2.25,2.25,2.25,1.0,-0.005653650999999371,0.0016059413793829,1.4970279589156064e-05,2.25,False,False,0.010705735499999758,-0.0020989949999998814,2.25,2.25,0.0039724510450672,2.0631215315867745e-05,1,1,False,False,0.01617488399999978,-0.003645366999999844,2.25,2.25,0.0043405718631195495,1.7546821288786776e-05,2,2,False,False,True,True,False,False
2024-01-21,Near-isothermal mixing,Near-isothermal mixing,Near-isothermal mixing,0.05106328811805554,0.3422334600000001,-0.06685662100000034,0.029776769749999914,0.02638676100000037,0.40909008100000044,0.9236111111111112,0.009485664509028146,0.0358256765578516,0.0041399833454827,0.0060477337973035,0.038130617155966696,2.2775373963000033e-05,0.000199219571287,2.6818528617894842e-05,0.00019425743734650467,1.9071871924119452,0.3857385991188206,2.25,1.8642614008811793,0.7638888888888888,2.25,2.1270365514652685,0.5461671004242727,2.25,1.7038328995757273,0.9166666666666666,2.25,2.232969698235566,0.8420099751128304,2.25,1.4079900248871695,0.9861111111111112,2.25,1.9171285447016817,0.4283247958256869,2.25,1.8216752041743132,0.7638888888888888,2.25,2.131945449188757,0.6066495916513756,2.25,1.6433504083486246,0.9166666666666666,2.25,2.2335421033117613,0.8857395270433689,2.25,1.364260472956631,0.9861111111111112,2.25,0.0006092864930555707,-0.019613450000000476,0.002221236127967817,1.5002982224999948e-05,2.25,0.0,0.9880952380952381,83,13.833333333333332,0.0,0.0,0.02962296838554217,0.016299636000000284,-0.054893805999999934,0.25496105599999996,-0.0023049405981151,0.00452736501425875,4.962133940495336e-06,1.8365232293370474e-05,2.1212569949840345,2.25,0.4172872096431986,2.25,0.9156626506024096,2.188233887601718,2.25,0.6464090466974441,2.25,0.9518072289156626,2.25,2.25,2.25,2.25,1.0,2.124193972477139,2.25,0.4753341367246407,2.25,0.9156626506024096,2.191710815173706,2.25,0.7006682734492835,2.25,0.9518072289156626,2.25,2.25,2.25,2.25,1.0,-0.005653650999999371,0.0016059413793829,1.4970279589156064e-05,2.25,False,False,0.015213272,-0.014228783000000078,2.25,2.25,0.0049147466830348,1.6819729086739105e-05,1,1,False,False,0.01334847299999975,-0.014228783000000078,2.25,2.25,0.0037080147153733,1.4583431410777808e-05,2,2,False,False,True,True,False,False
2024-01-22,Near-isothermal mixing,Near-isothermal mixing,Near-isothermal mixing,0.00024038797222221872,0.06530457499999986,-0.07256597499999984,0.009304346166666718,0.008012166999999959,0.1378705499999997,1.0,0.0024264414951142128,0.0076470926511903,0.0034664241498688,0.0048150266237171,0.009344025050480799,1.887719824109571e-05,3.5587097175452e-05,2.8592525341726243e-05,2.79463377862338e-05,2.25,2.25,2.25,0.0,1.0,2.25,2.25,2.25,2.25,0.0,1.0,2.25,2.25,2.25,2.25,0.0,1.0,2.25,2.25,2.25,2.25,0.0,1.0,2.25,2.25,2.25,2.25,0.0,1.0,2.25,2.25,2.25,2.25,0.0,1.0,2.25,0.00024038797222221872,0.006539806000000148,0.0024264414951142128,1.6184241471565423e-05,2.25,0.0,0.9890873015873016,82,13.666666666666666,0.0,0.0,0.003176715829268259,0.004123218000000151,-0.062409811000000204,0.06530457499999986,-0.0008841171390497,0.00370410761096195,1.4285579983659213e-05,2.000238847952843e-05,2.25,2.25,2.25,2.25,1.0,2.25,2.25,2.25,2.25,1.0,2.25,2.25,2.25,2.25,1.0,2.25,2.25,2.25,2.25,1.0,2.25,2.25,2.25,2.25,1.0,2.25,2.25,2.25,2.25,1.0,0.0012437770000000015,0.0022308942055175,1.6534876817229623e-05,2.25,False,False,0.028184165999999955,-0.01966443600000023,2.25,2.25,0.0047137710194389,1.988432655720642e-05,1,1,False,False,0.01563711950000002,-0.02454877500000041,2.25,2.25,0.00424479841897095,1.9847541898219624e-05,2,2,False,False,True,True,False,False
2024-01-23,Near-isothermal mixing,Near-isothermal mixing,Near-isothermal mixing,-0.034792751374999986,0.16742641900000077,-0.2172512710000003,-0.05507030141666661,-0.06019495900000038,0.38467769000000107,0.9722222222222222,-0.00024972249127285423,0.0095485636783504,-0.0043975480984785,-0.00112812748839715,0.021320319873469,1.810277822775225e-05,8.493143343535024e-05,1.9628693760610865e-05,7.953179527822982e-05,1.820130986820594,0.4148292451388632,2.25,1.835170754861137,0.7152777777777778,2.25,2.17278043698434,0.6308078809842016,2.25,1.6191921190157985,0.9375,2.25,2.25,2.25,2.25,0.0,1.0,2.25,1.8350903199911879,0.4663052011359971,2.25,1.7836947988640028,0.7152777777777778,2.25,2.1768798282109296,0.6826104022719961,2.25,1.567389597728004,0.9375,2.25,2.25,2.25,2.25,0.0,1.0,2.25,0.00024038797222221872,0.006539806000000148,0.0024264414951142128,1.7001227229120596e-05,2.25,0.0,0.9851190476190477,82,13.666666666666666,0.0,0.0,-0.07266211976829268,-0.07561920749999951,-0.2172512710000003,0.054177967000000216,-0.0117717561951186,-0.0032666215095528,5.3996381571204135e-06,1.810277822775225e-05,2.028424959546111,2.25,0.4563168376204587,2.25,0.8414634146341463,2.208576122881851,2.25,0.8295449820319301,2.25,0.9634146341463414,2.25,2.25,2.25,2.25,1.0,2.037490994212038,2.25,0.5176153824658143,2.25,0.8414634146341463,2.2109831533786344,2.25,0.8710793897467509,2.25,0.9634146341463414,2.25,2.25,2.25,2.25,1.0,0.0012437770000000015,0.0022308942055175,1.6813806930022252e-05,2.25,False,False,-0.0829510990000002,-0.10115993500000009,2.25,2.25,-0.0061964956483349,1.3704159945210284e-05,1,1,False,False,-0.06979086849999971,-0.10115993500000009,2.25,2.25,-0.00328454457542925,1.53986135432123e-05,2,2,False,False,True,True,False,False
2024-01-24,Transition/unclassified,Transition/unclassified,Transition/unclassified,-0.19287252947916672,0.17121090900000002,-0.4179399520000002,-0.2990870095000003,-0.3020168560000003,0.5891508610000002,0.4791666666666667,-0.010755076095444292,0.0059576577120052,-0.0176682559154218,-0.017341429297975802,0.028728098468018798,1.7342621540077287e-05,9.79262180836866e-05,5.8986850225096335e-06,9.52710877186395e-05,1.7004072611761638,0.4097882944425644,2.25,1.8402117055574356,0.6597222222222222,2.25,2.184287131491381,0.6298138355506301,2.25,1.62018616444937,0.9513888888888888,2.25,2.25,2.25,2.25,0.0,1.0,2.25,1.7234138199996893,0.4767696388289843,2.25,1.7732303611710156,0.6597222222222222,2.25,2.1869228494918307,0.7035392776579706,2.25,1.5464607223420295,0.9513888888888888,2.25,2.25,2.25,2.25,0.0,1.0,2.25,0.00024038797222221872,0.006539806000000148,0.0024264414951142128,1.7342621540077287e-05,2.25,0.0,0.9107142857142857,82,13.666666666666666,0.0,0.0,-0.2351919458780488,-0.26613957600000004,-0.4179399520000002,-0.00835744000000016,-0.0227704407560136,-0.016959453515555098,2.655130365047111e-06,6.530222548994687e-06,1.9000918442558357,2.25,0.4758870261952069,2.25,0.7926829268292683,2.236320102448994,2.25,1.1282484008174771,2.25,0.9878048780487805,2.25,2.25,2.25,2.25,1.0,1.9150131601377645,2.25,0.5542878861361522,2.25,0.7926829268292683,2.237203477162402,2.25,1.2006851273169727,2.25,0.9878048780487805,2.25,2.25,2.25,2.25,1.0,0.0012437770000000015,0.0022308942055175,1.6813806930022252e-05,2.25,False,False,-0.39933954500000013,-0.4179399520000002,2.25,2.25,-0.022339514903833,6.6832643893922325e-06,1,1,False,False,-0.38574873499999995,-0.4179399520000002,2.25,2.25,-0.0225549778299233,5.63748671753485e-06,2,2,False,False,True,True,False,False
2024-01-25,Near-isothermal mixing,Near-isothermal mixing,Near-isothermal mixing,-0.06993057438888889,0.16620673800000052,-0.36480523200000015,-0.24216915483333348,-0.23810761550000015,0.5310119700000007,0.7291666666666666,-0.003185946812601521,0.0062171776425121,-0.0146879885840521,-0.01385519509310355,0.0231952586060615,2.141552479284676e-05,8.364452271958622e-05,3.76871944672285e-06,8.112749877896205e-05,1.5079092870643716,0.4183355205214837,2.25,1.8316644794785164,0.5416666666666666,2.25,2.202842211779177,0.6805751306193963,2.25,1.5694248693806037,0.9583333333333334,2.25,2.25,2.25,2.25,0.0,1.0,2.25,1.542542579324862,0.4931133145518888,2.25,1.7568866854481113,0.5416666666666666,2.25,2.2054911616549,0.7362266291037797,2.25,1.5137733708962204,0.9583333333333334,2.25,2.25,2.25,2.25,0.0,1.0,2.25,0.00024038797222221872,0.006539806000000148,0.0024264414951142128,1.810277822775225e-05,2.202842211779177,1.5694248693806037,0.8720238095238095,82,13.666666666666666,0.0,0.0,-0.10989275718292683,-0.15316853499999983,-0.36480523200000015,0.0927134280000006,-0.0169780809635494,-0.0099888742484733,2.517023940624167e-06,4.781623784013711e-06,1.5362857332674382,2.25,0.4983259968777837,2.25,0.573170731707317,2.25,2.25,2.25,2.25,1.0,2.25,2.25,2.25,2.25,1.0,1.5730527344915433,2.25,0.5888773280135369,2.25,0.573170731707317,2.25,2.25,2.25,2.25,1.0,2.25,2.25,2.25,2.25,1.0,0.0012437770000000015,0.0022308942055175,1.6813806930022252e-05,2.25,False,False,-0.2665643055000002,-0.31543685300000046,2.25,2.25,-0.0158660890544522,4.285562254401032e-06,1,1,False,False,-0.27086009550000023,-0.36480523200000015,2.25,2.25,-0.01522274283050985,3.5891885065638524e-06,2,2,False,False,True,True,False,False
2024-01-26,Near-isothermal mixing,Near-isothermal mixing,Near-isothermal mixing,-0.016545227222222236,0.09664038499999972,-0.13263583400000023,-0.05350157750000014,-0.039970845500000074,0.22927621899999995,1.0,-0.00034363930094505834,0.004593095848946,-0.0042202968384733,-0.0030843933753083998,0.0104952556281278,1.2927718729133463e-05,5.116830108987096e-05,1.5188279325931224e-06,5.0581342681107614e-05,2.071573728229521,0.631015617100292,2.25,1.6189843828997081,0.8680555555555556,2.25,2.25,2.25,2.25,0.0,1.0,2.25,2.25,2.25,2.25,0.0,1.0,2.25,2.080225750614137,0.6936361118446394,2.25,1.5563638881553605,0.8680555555555556,2.25,2.25,2.25,2.25,0.0,1.0,2.25,2.25,2.25,2.25,0.0,1.0,2.25,-0.016545227222222236,-0.039970845500000074,-0.00024972249127285423,1.810277822775225e-05,2.202842211779177,1.5694248693806037,0.8720238095238095,84,14.0,0.0,0.0,-0.03445646029761911,-0.03310229100000006,-0.13263583400000023,0.03646638200000041,-0.0059021597791818,-0.0018921147398356,5.869584087633481e-07,4.632856232891374e-06,2.25,2.25,2.25,2.25,1.0,2.25,2.25,2.25,2.25,1.0,2.25,2.25,2.25,2.25,1.0,2.25,2.25,2.25,2.25,1.0,2.25,2.25,2.25,2.25,1.0,2.25,2.25,2.25,2.25,1.0,-0.03310229100000006,-0.0018921147398356,1.4970279589156064e-05,2.25,False,False,-0.0797003854999998,-0.109308972,2.25,2.25,-0.0037900574504471,5.869584087633481e-07,1,1,False,False,-0.06635269799999977,-0.109308972,2.25,2.25,-0.0039743204970481005,6.899970567250757e-07,2,2,False,False,True,True,False,False
2024-01-27,Near-isothermal mixing,Near-isothermal mixing,Near-isothermal mixing,0.03712296861805556,0.19756509400000066,-0.15614298599999987,-0.07780649125000012,-0.08090629400000049,0.35370808000000054,1.0,0.0031628985040783168,0.0125365413281799,-0.0046404642965692,-0.00436337886870645,0.017177005624749102,3.628076453044586e-05,0.0001016207886682,1.7158726376379802e-06,0.00010014481438528788,1.3639227444725555,0.4282940202621897,2.25,1.8217059797378103,0.4722222222222222,2.25,2.13639726246549,0.7130807502799125,2.25,1.5369192497200874,0.9027777777777778,2.25,2.25,2.25,2.25,0.0,1.0,2.25,1.4044981199460072,0.495093459332024,2.25,1.754906540667976,0.4722222222222222,2.25,2.1424961688983175,0.7401869186640502,2.25,1.5098130813359498,0.9027777777777778,2.25,2.25,2.25,2.25,0.0,1.0,2.25,-0.016545227222222236,-0.06019495900000038,-0.00024972249127285423,1.887719824109571e-05,2.184287131491381,1.5694248693806037,0.8720238095238095,81,13.5,0.0,0.0,0.004891272518518531,0.00758259500000058,-0.15614298599999987,0.13300771000000022,-0.0046404642965692,-0.0007240329464631,1.4759742829121152e-06,3.741727823218573e-06,1.4797173180202838,2.25,0.4405694903229768,2.25,0.5679012345679012,2.25,2.25,2.25,2.25,1.0,2.25,2.25,2.25,2.25,1.0,1.517637441290616,2.25,0.5212901084452359,2.25,0.5679012345679012,2.25,2.25,2.25,2.25,1.0,2.25,2.25,2.25,2.25,1.0,-0.03310229100000006,-0.0018921147398356,6.530222548994687e-06,2.25,False,False,-0.026583494500000082,-0.06886461700000002,2.25,2.25,-0.001467185603131,3.358637937180158e-06,1,1,False,False,-0.0632053840000002,-0.15614298599999987,2.25,2.25,-0.00261474683265815,3.033791880842709e-06,2,2,False,False,True,True,False,False
2024-01-28,Near-isothermal mixing,Near-isothermal mixing,Near-isothermal mixing,0.02609925502083336,0.1667068269999996,-0.07952537599999943,-0.028838813499999876,-0.02340100199999995,0.24623220299999904,1.0,0.0027027350614986117,0.0105304436942106,-0.0030486490087521,-0.00150601217892206,0.0135790927029627,3.99592563763395e-05,8.017614701018572e-05,4.653012346146235e-06,7.758321938975858e-05,1.4330108253406761,0.4552370850685404,2.25,1.7947629149314597,0.4861111111111111,2.25,2.237283008804347,0.9515974205466076,2.25,1.2984025794533924,0.9861111111111112,2.25,2.25,2.25,2.25,0.0,1.0,2.25,1.4653203968127628,0.5370240914532227,2.25,1.7129759085467773,0.4861111111111111,2.25,2.2380816468478306,1.0385507178075386,2.25,1.2114492821924614,0.9861111111111112,2.25,2.25,2.25,2.25,0.0,1.0,2.25,-0.016545227222222236,-0.06019495900000038,-0.00024972249127285423,1.887719824109571e-05,2.202842211779177,1.5369192497200874,0.8829365079365079,82,13.666666666666666,0.0,0.0,0.01192154917073179,0.017667518000000104,-0.07952537599999943,0.08380051600000016,-0.0030486490087521,0.0012318291162388,2.592927620427149e-06,2.7392277361185842e-05,1.480244074545632,2.25,0.5699537579666446,2.25,0.5121951219512195,2.25,2.25,2.25,2.25,1.0,2.25,2.25,2.25,2.25,1.0,1.510322424974372,2.25,0.6537662573556215,2.25,0.5121951219512195,2.25,2.25,2.25,2.25,1.0,2.25,2.25,2.25,2.25,1.0,-0.03310229100000006,-0.0018921147398356,6.530222548994687e-06,2.25,False,False,0.011927093999999805,0.0015157620000003647,2.25,2.25,-0.0001031758515296,5.264875214254997e-06,1,1,False,False,0.008306449000000438,-0.02249429400000036,2.25,2.25,0.00021421953252084998,6.024863007727298e-06,2,2,False,False,True,True,False,False
2024-01-29,Near-isothermal mixing,Near-isothermal mixing,Near-isothermal mixing,0.07303322366666672,0.2473108719999999,-0.08797689100000028,-0.019520167749999873,-0.017111211000000015,0.3352877630000002,0.9444444444444444,0.0075243167702661205,0.0217907638848374,-0.0026138532143032,-0.0016331286593439,0.025198454059102697,9.112046316300897e-05,0.0001536206491068,4.503471812311511e-05,0.00011083021023647945,1.0725345918877562,0.3928100942643124,2.25,1.8571899057356875,0.3125,2.25,1.5475317729816416,0.5711159742453219,2.25,1.678884025754678,0.5277777777777778,2.25,2.2357404139716497,1.141496058192796,2.25,1.108503941807204,0.9861111111111112,2.25,1.1161093632140726,0.4493500725143851,2.25,1.800649927485615,0.3125,2.25,1.5661825389145194,0.6487001450287719,2.25,1.601299854971228,0.5277777777777778,2.25,2.2363316432849225,1.1936043825296518,2.25,1.0563956174703482,0.9861111111111112,2.25,-0.016545227222222236,-0.06019495900000038,-0.00024972249127285423,2.141552479284676e-05,2.184287131491381,1.5694248693806037,0.875,85,14.166666666666666,0.0,0.0,0.054972321776470615,0.03192399599999973,-0.062221699000000186,0.1552036060000006,-0.0026138532143032,0.0019608272151505,4.279043887032055e-05,5.2448572760227996e-05,1.2277004854336608,0.8068140770832092,0.4190386566896653,2.25,0.4,1.58265308004378,2.25,0.6630034879150801,2.25,0.5411764705882353,2.25,2.25,2.25,2.25,1.0,1.267291068408494,0.8492788178379161,0.483907082769152,2.25,0.4,1.6000376639563934,2.25,0.7178141655383062,2.25,0.5411764705882353,2.25,2.25,2.25,2.25,1.0,-0.03310229100000006,-0.0018921147398356,6.530222548994687e-06,2.25,False,False,0.017256625499999956,-0.03191099300000033,2.25,2.25,-0.0004121586071933,4.4075155569562434e-05,1,1,False,False,-0.012512714499999689,-0.03833311100000003,2.25,2.25,-0.0005899884838105501,4.34327972199415e-05,2,2,False,False,True,True,False,False
2024-01-30,Transition/unclassified,Transition/unclassified,Transition/unclassified,0.21062898927083334,0.48597175099999923,0.07768393800000073,0.12896171324999992,0.12242237899999964,0.4082878129999985,0.4930555555555556,0.023113392522489774,0.0490770636533084,0.0122662661731797,0.0133603744444192,0.038634075616705496,0.0001736460378965,0.0003427482202879,0.00011660009333615,0.00023452081319269997,0.419244024032436,0.3276828776496011,0.5686823914770449,0.24099951382744383,0.0,0.46943301218506506,0.7801266642166128,0.4101579139283228,2.25,1.8398420860716773,0.041666666666666664,1.0005857928825233,1.5675593858780248,0.5033457279784653,2.25,1.7466542720215346,0.4861111111111111,2.25,0.4726983096057654,0.3604839257820248,0.6135597331768208,0.25307580739479596,0.0,0.5339059079407236,0.8442574422604152,0.4709678515640506,2.25,1.7790321484359495,0.041666666666666664,1.1011561826278167,1.6034224374156012,0.5814517773460754,2.25,1.6685482226539246,0.4861111111111111,2.25,0.02609925502083336,-0.039970845500000074,0.0027027350614986117,3.628076453044586e-05,2.184287131491381,1.5694248693806037,0.806547619047619,87,14.5,0.0,0.0,0.2205380327011494,0.1787503250000002,0.07768393800000073,0.48597175099999923,0.0104429880366029,0.014842774220457551,0.000114601516811,0.0001236273347885,0.41527005304381215,0.4479831544325467,0.3276828776496011,0.4900802947490171,0.0,0.8015225624289095,0.8496996327634743,0.4101579139283228,2.25,0.04597701149425287,1.5232654828031933,2.25,0.5033457279784653,2.25,0.5287356321839081,0.4691741269473568,0.512231901446453,0.3604839257820248,0.556754633343149,0.0,0.8718355758139823,0.9121449210462038,0.4709678515640506,2.25,0.04597701149425287,1.5540546288469612,2.25,0.5814517773460754,2.25,0.5287356321839081,0.00758259500000058,-0.0007240329464631,6.530222548994687e-06,2.25,False,False,0.08744430349999988,0.07768393800000073,1.1689630774128528,2.25,0.0104429880366029,0.000114601516811,1,1,False,False,0.09639201049999979,0.07768393800000073,1.1271046152710766,2.25,0.0104707913546188,0.00011495557653204999,2,2,False,False,True,True,False,False
2024-01-31,Transition/unclassified,Transition/unclassified,Transition/unclassified,0.8531127712430556,1.2048727479999997,0.48493538700000016,0.6465971787499999,0.6479957635,0.7199373609999995,0.0,0.10648740619682324,0.1599988933953785,0.068644707192825,0.071312811636848,0.10518366936163331,0.0006762777579196,0.0008004253133693,0.0005004995417712,0.0004208095519032,0.3011840182726214,0.2869896379586674,0.3274850837418622,0.040495445783194806,0.0,0.307066024957168,0.3541063772935912,0.3246596818189416,0.409805570711793,0.0851458888928514,0.0,0.3661595725417353,0.4100130372144612,0.3633850664522425,0.5025808730868714,0.13919580663462888,0.0,0.42902325372146366,0.3213733586775844,0.3028580476389157,0.3592672939990478,0.05640924636013206,0.0,0.33140511345991264,0.3927467173551695,0.3557160952778319,0.4685345879980964,0.11281849272026451,0.0,0.412810226919826,0.46412007603275396,0.4085741429167476,0.5778018819971442,0.16922773908039662,0.0,0.4942153403797387,0.03712296861805556,-0.02340100199999995,0.0031628985040783168,3.99592563763395e-05,2.13639726246549,1.5369192497200874,0.7380952380952381,89,14.833333333333332,0.0,0.0,0.8260432071573033,0.7170625910000004,0.48493538700000016,1.2048727479999997,0.0548152240337452,0.0820261260885096,0.0003796157614661,0.0005456034692207,0.3038159373822919,0.304036221825798,0.2869896379586674,0.3274850837418622,0.0,0.359616190461334,0.3598435936806958,0.3246596818189416,0.409805570711793,0.0,0.4189274220125497,0.4188331251985195,0.3633850664522425,0.5025808730868714,0.0,0.3248432814731309,0.3261681536114593,0.3028580476389157,0.3592672939990478,0.0,0.3996865629462625,0.4023363072229194,0.3557160952778319,0.4685345879980964,0.0,0.47452984441939344,0.4785044608343788,0.4085741429167476,0.5778018819971442,0.0,0.017667518000000104,0.0012318291162388,2.7392277361185842e-05,2.25,True,True,0.7139162925,0.7027792230000003,0.3588190766675191,0.3635441961019448,0.0820261260885096,0.0005456034692207,1,1,True,True,0.7082232915,0.6727510059999995,0.35898860006709216,0.3647682882895349,0.0800829707776332,0.00053948030487995,2,2,True,True,True,True,True,True
2024-02-01,Transition/unclassified,Transition/unclassified,Transition/unclassified,0.7727047536805556,1.3091732919999997,0.007375298999999558,1.2068682820833334,1.2096732555000003,1.301797993,0.09722222222222222,0.1438606034223892,0.2123503640411078,0.1890782513087243,0.20071430767491605,0.2073927640088374,0.00059944699662815,0.0008668153485128,0.00070672490101215,0.0008524080105723008,0.8957901606833956,0.2845986481234373,2.25,1.9654013518765627,0.0625,0.3256353277568327,1.007548491394993,0.3198464568559587,2.25,1.9301535431440413,0.09722222222222222,0.4026040971159033,1.095205506447785,0.3560153095367122,2.25,1.8939846904632878,0.16666666666666666,0.4810473125521423,0.8702769819120681,0.2984390658760589,2.25,1.951560934123941,0.0625,0.32986608192094713,0.995719877519537,0.3468781317521182,2.25,1.9031218682478819,0.09722222222222222,0.40973216384189504,1.097640114866652,0.3953171976281772,2.25,1.8546828023718227,0.16666666666666666,0.48959824576284217,0.07303322366666672,-0.017111211000000015,0.0075243167702661205,9.112046316300897e-05,1.5475317729816416,1.5369192497200874,0.6478174603174603,92,15.333333333333332,0.0,0.0,0.772129079673913,1.0938666854999997,0.007375298999999558,1.3091732919999997,0.0049576000322704,0.1728191139834103,1.4407337940499213e-05,0.000615305734132,0.9347923833199829,0.4570416111017335,0.2845986481234373,2.25,0.09782608695652174,1.048719900968486,0.5924634685280603,0.3198464568559587,2.25,0.15217391304347827,1.1429341021326587,0.7092508413721202,0.3560153095367122,2.25,0.2608695652173913,0.9197789936150127,0.39869050564636166,0.2984390658760589,2.25,0.09782608695652174,1.0490741245140038,0.5473810112927248,0.3468781317521182,2.25,0.15217391304347827,1.1560447977489219,0.6960715169390865,0.3953171976281772,2.25,0.2608695652173913,0.03192399599999973,0.0019608272151505,5.2448572760227996e-05,2.25,True,False,1.0443766469999995,1.0233817289999996,0.6368799500601636,0.7281206769975066,0.209492792988708,0.0006804929086057,1,1,True,True,1.0938666854999997,1.0233817289999996,0.5924634685280603,0.7281206769975066,0.20821973524303855,0.00065862159403375,2,2,True,True,True,True,True,True
2024-02-02,Near-isothermal mixing,Near-isothermal mixing,Near-isothermal mixing,0.029601646631944447,0.0743197630000001,-0.02243746800000057,0.02563442775000002,0.025408008000000315,0.09675723100000067,1.0,0.004374424601061717,0.0099523707584553,0.0023478861305143,0.00411546998166885,0.008292944396889901,1.2864142841000424e-05,2.5414492197245967e-05,1.0582923183363854e-05,1.8706799889442053e-05,2.25,2.25,2.25,0.0,1.0,2.25,2.25,2.25,2.25,0.0,1.0,2.25,2.25,2.25,2.25,0.0,1.0,2.25,2.25,2.25,2.25,0.0,1.0,2.25,2.25,2.25,2.25,0.0,1.0,2.25,2.25,2.25,2.25,0.0,1.0,2.25,0.07303322366666672,0.025408008000000315,0.0075243167702661205,9.112046316300897e-05,1.5475317729816416,1.5369192497200874,0.6478174603174603,91,15.166666666666666,0.0,0.0,0.031755791032967016,0.02945717100000067,-0.02243746800000057,0.0743197630000001,0.0016594263615654,0.0040975396746601,6.707692307803915e-06,1.219019708645548e-05,2.25,2.25,2.25,2.25,1.0,2.25,2.25,2.25,2.25,1.0,2.25,2.25,2.25,2.25,1.0,2.25,2.25,2.25,2.25,1.0,2.25,2.25,2.25,2.25,1.0,2.25,2.25,2.25,2.25,1.0,0.03192399599999973,0.0040975396746601,5.2448572760227996e-05,2.25,False,False,0.02145375149999973,0.009349692999999881,2.25,2.25,0.0030921380201568,1.08952632190915e-05,1,1,False,False,0.02721337999999962,0.009349692999999881,2.25,2.25,0.0035343673419337,9.740113438482684e-06,2,2,False,False,True,True,False,False
2024-02-03,Near-isothermal mixing,Near-isothermal mixing,Near-isothermal mixing,0.038004086590277764,0.1576857270000005,-0.02875671799999946,0.05509645641666694,0.042180398500000216,0.18644244499999996,1.0,0.004388883864070696,0.0089142545980241,0.0042814776436305,0.0065978661208273,0.007477003260262301,1.2878363903996801e-05,3.08218273587166e-05,2.1678783462500074e-05,2.50322704835311e-05,2.2332912459001584,1.4835231508293545,2.25,0.7664768491706455,0.9722222222222222,2.25,2.25,2.25,2.25,0.0,1.0,2.25,2.25,2.25,2.25,0.0,1.0,2.25,2.2336741659619554,1.5266533111379763,2.25,0.7233466888620237,0.9722222222222222,2.25,2.25,2.25,2.25,0.0,1.0,2.25,2.25,2.25,2.25,0.0,1.0,2.25,0.07303322366666672,0.042180398500000216,0.0075243167702661205,9.112046316300897e-05,1.5475317729816416,1.2984025794533924,0.6478174603174603,90,15.0,0.0,0.0,0.03604407176666665,0.032089916499999926,-0.02875671799999946,0.1576857270000005,0.00176328912568,0.00436974443535685,5.7895568751855e-06,1.2466435689503697e-05,2.223265993440253,2.25,1.4835231508293545,2.25,0.9555555555555556,2.25,2.25,2.25,2.25,1.0,2.25,2.25,2.25,2.25,1.0,2.2238786655391287,2.25,1.5266533111379763,2.25,0.9555555555555556,2.25,2.25,2.25,2.25,1.0,2.25,2.25,2.25,2.25,1.0,0.032089916499999926,0.00436974443535685,5.2448572760227996e-05,2.25,False,False,0.028343424500000047,0.0013513940000002833,2.25,2.25,0.0039859943870704,1.3220988241710055e-05,1,1,False,False,0.0379654920000001,0.0013513940000002833,2.25,2.25,0.004362621480926849,1.3446142501124517e-05,2,2,False,False,True,True,False,False
2024-02-04,Near-isothermal mixing,Near-isothermal mixing,Near-isothermal mixing,0.04893420527083334,0.19167641700000004,-0.018444726000000244,0.07232849083333341,0.06296500749999989,0.2101211430000003,1.0,0.0034142523116113665,0.0066273223090551,0.0039504918836169,0.0052556111006568,0.0062166955959928995,8.972213399732565e-06,1.877828749752349e-05,1.5420607830583857e-05,1.5251684014751592e-05,2.242756721784757,1.664611623990584,2.25,0.5853883760094161,0.9513888888888888,2.25,2.25,2.25,2.25,0.0,1.0,2.25,2.25,2.25,2.25,0.0,1.0,2.25,2.2424390146866546,1.6590994570015625,2.25,0.5909005429984375,0.9513888888888888,2.25,2.25,2.25,2.25,0.0,1.0,2.25,2.25,2.25,2.25,0.0,1.0,2.25,0.07303322366666672,0.06296500749999989,0.0075243167702661205,9.112046316300897e-05,1.5475317729816416,0.0851458888928514,0.6478174603174603,86,14.333333333333332,0.0,0.0,0.044539681511627904,0.04074051200000017,0.0007710779999996475,0.19167641700000004,0.0015211967450685,0.0026213123028737996,5.537010968859144e-06,8.677392779093464e-06,2.2415609516460346,2.25,1.664611623990584,2.25,0.9534883720930233,2.25,2.25,2.25,2.25,1.0,2.25,2.25,2.25,2.25,1.0,2.2412772086719177,2.25,1.6590994570015625,2.25,0.9534883720930233,2.25,2.25,2.25,2.25,1.0,2.25,2.25,2.25,2.25,1.0,0.04074051200000017,0.00436974443535685,5.2448572760227996e-05,2.25,False,False,0.046675715499999715,0.04079578799999961,2.25,2.25,0.0029754767042869,9.31157993256288e-06,1,1,False,False,0.0610626824999998,0.04079578799999961,2.25,2.25,0.0043471615689659,1.1396695325048655e-05,2,2,False,False,True,True,False,False
2024-02-05,Near-isothermal mixing,Near-isothermal mixing,Near-isothermal mixing,0.02635224181250005,0.07626918799999949,-0.028444057999999828,0.02655412333333329,0.023882659999999944,0.10471324599999932,1.0,0.0012870775493000917,0.0031482704982085,0.0004262029955587,0.00132155635833805,0.0035058042488375,4.952010363148117e-06,1.0285992054231263e-05,5.293761888026579e-06,8.642124939251791e-06,2.25,2.25,2.25,0.0,1.0,2.25,2.25,2.25,2.25,0.0,1.0,2.25,2.25,2.25,2.25,0.0,1.0,2.25,2.25,2.25,2.25,0.0,1.0,2.25,2.25,2.25,2.25,0.0,1.0,2.25,2.25,2.25,2.25,0.0,1.0,2.25,0.04893420527083334,0.06296500749999989,0.004388883864070696,1.2878363903996801e-05,2.25,0.0,0.6557539682539683,85,14.166666666666666,0.0,0.0,0.01907732444705887,0.016992800000000585,-0.02593436899999979,0.06608621699999961,-0.000357533750629,0.0007263135165982,1.874032477699712e-06,3.6122443458100055e-06,2.25,2.25,2.25,2.25,1.0,2.25,2.25,2.25,2.25,1.0,2.25,2.25,2.25,2.25,1.0,2.25,2.25,2.25,2.25,1.0,2.25,2.25,2.25,2.25,1.0,2.25,2.25,2.25,2.25,1.0,0.04074051200000017,0.00436974443535685,1.2466435689503697e-05,2.25,False,False,0.04935407199999986,0.030096013000000532,2.25,2.25,0.002908567839859,7.941502882645549e-06,1,1,False,False,0.04936093950000009,0.018629694000000363,2.25,2.25,0.0024380121977739,7.74234068568946e-06,2,2,False,False,True,True,False,False
2024-02-06,Near-isothermal mixing,Near-isothermal mixing,Near-isothermal mixing,0.052974173111111085,0.19810480400000063,-0.02561705000000014,0.05973800524999991,0.05321172949999964,0.22372185400000077,1.0,0.0017065895350256374,0.0046857783087231,0.0018179039904664,0.0023900567853636,0.004528908881325,4.663693337592704e-06,1.1369530682312068e-05,6.211291349128937e-06,9.774229754158593e-06,2.1857383295108312,1.068723275542711,2.25,1.181276724457289,0.8680555555555556,2.25,2.25,2.25,2.25,0.0,1.0,2.25,2.25,2.25,2.25,0.0,1.0,2.25,2.1856964125244533,1.0842685170865023,2.25,1.1657314829134977,0.8680555555555556,2.25,2.25,2.25,2.25,0.0,1.0,2.25,2.25,2.25,2.25,0.0,1.0,2.25,0.04893420527083334,0.05321172949999964,0.004374424601061717,1.2864142841000424e-05,2.25,0.0,0.7281746031746031,90,15.0,0.0,0.0,0.033997185066666616,0.033755084000000046,-0.02561705000000014,0.11495757399999995,0.0004501922913488,0.00112456180575085,2.498247088365833e-06,3.858682052188597e-06,2.243628076553732,2.25,1.67652688983588,2.25,0.9888888888888889,2.25,2.25,2.25,2.25,1.0,2.25,2.25,2.25,2.25,1.0,2.2440123698902044,2.25,1.7111132901183974,2.25,0.9888888888888889,2.25,2.25,2.25,2.25,1.0,2.25,2.25,2.25,2.25,1.0,0.033755084000000046,0.0040975396746601,1.219019708645548e-05,2.25,False,False,0.023806199000000028,-0.005973209999999618,2.25,2.25,0.0009077627217801,3.1269598927300277e-06,1,1,False,False,0.016161381999999946,-0.009633392999999657,2.25,2.25,0.0008466703335268,2.81260349054793e-06,2,2,False,False,True,True,False,False
2024-02-07,Near-isothermal mixing,Near-isothermal mixing,Near-isothermal mixing,0.11564609949305554,0.30381420900000045,-0.010152104000000328,0.021510195916666586,0.02138835799999983,0.3139663130000008,0.8263888888888888,0.0030484169992423663,0.0076409011134024,0.0002929014801972,0.00046451015719945,0.0073479996332052,1.592415925220959e-05,3.0075069633643187e-05,3.1714370608782232e-06,2.786291937176587e-05,1.3818054961379669,0.4301348911474946,2.25,1.8198651088525053,0.4444444444444444,2.25,2.0577141383858555,0.680151979198691,2.25,1.569848020801309,0.8125,2.25,2.2432102965518355,1.2722827034643411,2.25,0.9777172965356589,0.9930555555555556,2.25,1.4049992218230225,0.4783982750101503,2.25,1.7716017249898497,0.4444444444444444,2.25,2.064501319196504,0.7067965500203027,2.25,1.5432034499796972,0.8125,2.25,2.2433211504065556,1.2882456585439717,2.25,0.9617543414560283,0.9930555555555556,2.25,0.04893420527083334,0.042180398500000216,0.0034142523116113665,1.2864142841000424e-05,2.25,0.0,0.8462301587301587,82,13.666666666666666,0.0,0.0,0.07943124103658528,0.05610617349999991,-0.010152104000000328,0.21123989699999957,0.0002929014801972,0.0010722493942121,2.212150261877319e-06,4.130723859879127e-06,1.5549075954319427,2.25,0.4794809459085595,2.25,0.573170731707317,2.205074624498873,2.25,0.9965420900011768,2.25,0.9634146341463414,2.25,2.25,2.25,2.25,1.0,1.57503750646841,2.25,0.5406110959663968,2.25,0.573170731707317,2.2086469924356504,2.25,1.0975145549790668,2.25,0.9634146341463414,2.25,2.25,2.25,2.25,1.0,0.033755084000000046,0.0026213123028737996,8.677392779093464e-06,2.25,False,False,0.05610617349999991,0.04355632399999987,2.25,2.25,0.0010722493942121,2.870048128366972e-06,1,1,False,False,0.049370267500000065,0.017555611999999776,2.25,2.25,0.0010618870161371,3.0033425187904782e-06,2,2,False,False,True,True,False,False
2024-02-08,Near-isothermal mixing,Near-isothermal mixing,Near-isothermal mixing,0.14876308507638894,0.35680649299999967,-0.04375983500000036,0.017791800416666764,0.028312860000000217,0.400566328,0.6180555555555556,0.0052607217631470875,0.0117801143054475,-0.0001473692750482,0.0005874683001145,0.0119274835804957,2.264357489980439e-05,4.817337488482299e-05,2.965600576937236e-06,4.6987258659681784e-05,1.1820897732640518,0.4281758554336996,2.25,1.8218241445663004,0.3472222222222222,2.25,1.6829910405125885,0.6529083266047668,2.25,1.5970916733952332,0.5416666666666666,2.25,2.2156461351050707,1.03360414489734,2.25,1.21639585510266,0.9513888888888888,2.25,1.2135351940879648,0.4661192919707227,2.25,1.7838807080292773,0.3472222222222222,2.25,1.709554322233413,0.6822385839414473,2.25,1.5677614160585527,0.5416666666666666,2.25,2.217610546443936,1.0935209350920023,2.25,1.1564790649079977,0.9513888888888888,2.25,0.04893420527083334,0.028312860000000217,0.0034142523116113665,1.2864142841000424e-05,2.25,0.0,0.9206349206349207,79,13.166666666666666,0.0,0.0,0.11491511482278488,0.10038947699999934,-0.04375983500000036,0.22988294600000003,-0.0001473692750482,0.0021366854587115,1.1861162251412009e-06,1.4521154728429835e-05,1.3355830306632646,0.6652887258054292,0.4587409365143124,2.25,0.46835443037974683,1.7685196208862184,2.25,0.8619567528634676,2.25,0.6075949367088608,2.25,2.25,2.25,2.25,1.0,1.3666524285048414,0.7167593893528801,0.5210645024493681,2.25,0.46835443037974683,1.7999253148497252,2.25,0.9183373825834024,2.25,0.6075949367088608,2.25,2.25,2.25,2.25,1.0,0.033755084000000046,0.0021366854587115,8.677392779093464e-06,2.25,False,False,0.015358382999999698,-0.004954915999999976,2.25,2.25,0.0004198027117345,2.111223083771485e-06,1,1,False,False,0.01793802099999997,-0.004954915999999976,2.25,2.25,0.00044467879583975,1.9921662196942525e-06,2,2,False,False,True,True,False,False
2024-02-09,Near-isothermal mixing,Near-isothermal mixing,Near-isothermal mixing,0.18204282422916665,0.5377767819999999,-0.05469331799999999,0.014408979416666856,0.009230355500000176,0.5924700999999999,0.5763888888888888,0.00861233329726789,0.0178012370660889,-7.192506521973335e-05,0.0007976940353383833,0.0183602941550965,3.3567082737749166e-05,0.0001011379788664,4.052752140936246e-06,9.902219164651938e-05,1.1540873306224853,0.3338020080524759,2.25,1.916197991947524,0.3472222222222222,2.25,1.577245101590189,0.4237990535187376,2.25,1.8262009464812623,0.5625,2.25,1.8770650196631589,0.5262706480409427,2.25,1.7237293519590573,0.7013888888888888,2.25,1.1803422701761805,0.3631900419240518,2.25,1.8868099580759483,0.3472222222222222,2.25,1.59641500051375,0.4763800838481045,2.25,1.7736199161518955,0.5625,2.25,1.891828904015962,0.5895701257721564,2.25,1.6604298742278436,0.7013888888888888,2.25,0.052974173111111085,0.028312860000000217,0.0034142523116113665,1.2878363903996801e-05,2.25,0.0,0.8601190476190476,79,13.166666666666666,0.0,0.0,0.18956017237974682,0.18753794100000043,-0.037102293999999425,0.39939797099999996,-0.0005590570890076,0.006146223963625,2.115787219880618e-06,3.4991285406607044e-05,0.9821921619327174,0.5206475809246315,0.3594147267499204,2.25,0.27848101265822783,1.4909539619541468,2.25,0.4820175896116262,2.25,0.5316455696202531,1.782906168467123,2.25,0.644432748948744,2.25,0.6582278481012658,1.0155728350852453,0.5785585928198183,0.3982042866145457,2.25,0.27848101265822783,1.514960084484494,2.25,0.5464085732290929,2.25,0.5316455696202531,1.8027649785650364,2.25,0.6946128598436387,2.25,0.6582278481012658,0.04074051200000017,0.0021366854587115,8.677392779093464e-06,2.25,False,False,-0.0008720355000000346,-0.037102293999999425,2.25,2.25,-0.0005590570890076,2.115787219880618e-06,1,1,False,False,-0.000259346500000035,-0.037102293999999425,2.25,2.25,-0.00017526893455039997,2.2319038130096684e-06,2,2,False,False,True,True,False,False
2024-02-10,Persistent stratification,Transition/unclassified,Transition/unclassified,0.20989712261805557,0.4015763210000003,-0.024849739000000426,0.11230335791666672,0.10647960349999996,0.4264260600000007,0.4166666666666667,0.01201315710858078,0.02151829646882,0.0044284730159682,0.0057377356505078,0.0220268015387333,8.024912931144814e-05,0.0001092556588537,2.9725563160967815e-05,0.000107541166143362,0.9299323958442088,0.352978113730959,2.25,1.897021886269041,0.22916666666666666,0.8634138818340777,1.3410148591501199,0.4670657183089744,2.25,1.7829342816910256,0.4166666666666667,2.25,1.854781077930087,0.6170216201085131,2.25,1.6329783798914868,0.6388888888888888,2.25,0.9658327056231619,0.3952569917201476,2.25,1.8547430082798524,0.22916666666666666,0.9107083729754186,1.365387632205946,0.5405139834402966,2.25,1.7094860165597034,0.4166666666666667,2.25,1.8729934338654652,0.685770975160444,2.25,1.5642290248395558,0.6388888888888888,2.25,0.11564609949305554,0.028312860000000217,0.0034142523116113665,1.592415925220959e-05,2.0577141383858555,1.569848020801309,0.7767857142857143,79,13.166666666666666,0.0,0.0,0.23663162221518988,0.2911077329999996,-0.020924255999999808,0.39242657800000025,-0.0005085050699133,0.0154825779522389,1.7144927103379957e-06,9.03649965998665e-05,0.7181811345511252,0.4239785607864569,0.352978113730959,2.25,0.13924050632911392,1.0975685366976105,0.6487022913848435,0.4670657183089744,2.25,0.26582278481012656,1.754878140948141,2.25,0.6170216201085131,2.25,0.5316455696202531,0.7595636233744822,0.4716301525375723,0.3952569917201476,2.25,0.13924050632911392,1.130818930638046,0.6932603050751467,0.5405139834402966,2.25,0.26582278481012656,1.7765140239081418,2.25,0.685770975160444,2.25,0.5316455696202531,0.05610617349999991,0.0021366854587115,8.677392779093464e-06,2.25,True,False,-0.015212573999999979,-0.020924255999999808,2.25,2.25,-0.0005085050699133,1.7144927103379957e-06,1,1,False,False,0.030795366000000435,-0.020924255999999808,2.25,2.25,0.00024276084373825002,3.4570307629452673e-06,2,2,False,False,False,False,False,False
2024-02-11,Persistent stratification,Persistent stratification,Persistent stratification,0.41859912675694455,0.6554823259999996,0.2446408800000004,0.29025244083333335,0.2885349930000003,0.41084144599999917,0.0,0.030633164498500443,0.0515012873087232,0.0173535564130213,0.01785953990013505,0.0342931960666528,0.0001523042692256,0.0002648612806503,9.946431062947812e-05,0.00017041162904871641,0.37331000031580674,0.3192029816472055,0.4392139761626381,0.12001099451543257,0.0,0.41663060622214276,0.5220820225176527,0.3914749137806077,0.7033234924502377,0.31184857866963,0.0,0.6331168254052346,1.053096279137999,0.470978891668371,2.25,1.779021108331629,0.2152777777777778,2.25,0.41278517052952207,0.3496238254164185,0.4872943065322098,0.13767048111579128,0.0,0.46530892587245415,0.5755703410590456,0.449247650832838,0.7245886130644218,0.2753409622315838,0.0,0.6806178517449102,1.0964031282340352,0.5488714762492566,2.25,1.7011285237507434,0.2152777777777778,2.25,0.14876308507638894,0.028312860000000217,0.0052607217631470875,2.264357489980439e-05,1.6829910405125885,1.569848020801309,0.6339285714285714,79,13.166666666666666,0.0,0.0,0.3837647042151899,0.30095469200000036,0.2446408800000004,0.5250157280000005,0.0172080912420704,0.018268389465154,9.44496516015836e-05,0.00010272195046,0.3858327105116416,0.4041232078117519,0.3398653582800621,0.4392139761626381,0.0,0.5551664749836897,0.5955449666756744,0.4371982074064162,0.7033234924502377,0.0,1.327980210023388,1.155932880249395,0.5503242500533009,2.25,0.3670886075949367,0.42666170083513927,0.4510617427235645,0.3704322072015503,0.4872943065322098,0.0,0.6033234016702802,0.6521234854471307,0.4908644144031016,0.7245886130644218,0.0,1.3640219285157906,1.219127699979868,0.6112966216046518,2.25,0.3670886075949367,0.10038947699999934,0.0021366854587115,1.4521154728429835e-05,2.25,True,True,0.26473801250000006,0.2446408800000004,0.6464845151747606,0.6927034547502153,0.0180134569167987,0.0001078557955416,1,1,True,True,0.27868242200000015,0.2446408800000004,0.6274496764130228,0.7033234924502377,0.017610774079434552,0.0001011527235715918,2,2,True,True,True,True,True,True
2024-02-12,Persistent stratification,Persistent stratification,Persistent stratification,0.6188852294027778,0.8222865290000003,0.4660865490000008,0.49262570666666666,0.4931409615000004,0.3561999799999995,0.0,0.05625018597326189,0.0770312045490177,0.0401377618196378,0.04038437890369555,0.037453958551457,0.0002915553621778,0.0003943768965703,0.00021664088269325,0.0001796216787585,0.3308874194520983,0.305609348397595,0.3659872779861857,0.06037792958859067,0.0,0.34659385162140743,0.4177359335632552,0.3629533081084364,0.4954848753975205,0.1325315672890841,0.0,0.4523017867658194,0.5167631440164254,0.423734678226829,0.655964694910543,0.232230016683714,0.0,0.5790760557266368,0.3578760091594125,0.3307795602380124,0.3957948724637334,0.06501531222572099,0.0,0.3796168743375311,0.46575201831882596,0.4115591204760255,0.5415897449274683,0.13003062445144276,0.0,0.5092337486750635,0.5736280274782385,0.4923386807140379,0.6873846173912017,0.1950459366771638,0.0,0.6388506230125947,0.18204282422916665,0.05321172949999964,0.00861233329726789,3.3567082737749166e-05,1.577245101590189,1.569848020801309,0.49107142857142855,80,13.333333333333332,0.0,0.0,0.6090985965250001,0.5153250100000002,0.4660865490000008,0.762896638,0.0395772459975607,0.041139141496511,0.0002147552178118,0.00022739656778339998,0.33444102604215054,0.34085934857534317,0.3159293143578925,0.3519201334278147,0.0,0.42554516846387713,0.43944116997094784,0.385213378132937,0.4640824615110815,0.0,0.5304454542649886,0.5560181830360416,0.4599304207536366,0.5990428005806141,0.0,0.36154027052588256,0.3735138215455268,0.3376446460726273,0.3855164182694077,0.0,0.47308054105176617,0.49702764309105485,0.4252892921452554,0.5210328365388167,0.0,0.5846208115776488,0.6205414646365818,0.5129339382178828,0.6565492548082246,0.0,0.18753794100000043,0.006146223963625,3.4991285406607044e-05,2.25,True,True,0.48090721699999994,0.4660865490000008,0.4442660065857875,0.4624918502460627,0.0407044589550522,0.0002344993230173,1,1,True,True,0.48742190750000036,0.4660865490000008,0.450002251641308,0.4624918502460627,0.04014085247630645,0.00022739656778339998,2,2,True,True,True,True,True,True
2024-02-13,Persistent stratification,Persistent stratification,Persistent stratification,0.8783108040902777,1.1088908479999997,0.7125914800000004,0.7247136941666668,0.7248536990000001,0.3962993679999993,0.0,0.10067719929578219,0.1307242978341686,0.0750184221218345,0.07519122850294825,0.05573009388372341,0.00046541011888945,0.0006185979436779,0.0003668176265644,0.00025278102474209996,0.31324283536727676,0.2963215823144952,0.3271434283361056,0.030821846021610422,0.0,0.3222873856372864,0.37958349355729903,0.344026732987189,0.4091144404737377,0.06508770748654868,0.0,0.3987707103023078,0.4507036687145283,0.3937813085445998,0.4989556839845827,0.10517437543998287,0.0,0.48217097257320973,0.331978785531821,0.3129513805198087,0.348906049833627,0.0359546693138183,0.0,0.34466017682757316,0.41395757106364267,0.3759027610396179,0.4478120996672549,0.07190933862763699,0.0,0.43932035365514727,0.49593635659546365,0.4388541415594266,0.5467181495008819,0.10786400794145534,0.0,0.5339805304827205,0.20989712261805557,0.10647960349999996,0.01201315710858078,8.024912931144814e-05,1.3410148591501199,1.569848020801309,0.3482142857142857,80,13.333333333333332,0.0,0.0,0.8609882280875001,0.7407873279999997,0.7125914800000004,1.051989925,0.0749942039504452,0.0755851876639701,0.0003658169189358,0.0003691210165252,0.3152170654535327,0.32106530877941575,0.3024395578746331,0.3243609743855198,0.0,0.38375913808735523,0.3961452394581365,0.3568121651064317,0.4031850493049408,0.0,0.45747421864026955,0.4777278443966819,0.4138314439783891,0.4893053118405545,0.0,0.33424453939668025,0.34285580207684524,0.3175008651282128,0.3463499715236691,0.0,0.41848907879336117,0.4357116041536915,0.3850017302564261,0.442699943047339,0.0,0.5027336181900415,0.5285674062305368,0.4525025953846389,0.5390499145710081,0.0,0.2911077329999996,0.0154825779522389,9.03649965998665e-05,0.6487022913848435,True,True,0.7266212904999998,0.7146918169999994,0.3988638649580196,0.4031850493049408,0.0749942039504452,0.0003678234887243,1,1,True,True,0.7266212904999998,0.7146918169999994,0.3984326822613299,0.4031850493049408,0.07528969580720765,0.00036847225262475,2,2,True,True,True,True,True,True
2024-02-14,Persistent stratification,Persistent stratification,Persistent stratification,1.166726235034722,1.6890188230000005,1.0129631120000004,1.0310574954166667,1.0284093229999995,0.6760557110000001,0.0,0.15876812969504117,0.1938935709474914,0.1321846537780376,0.1323549927675664,0.06301391251919711,0.0007691030065762,0.0008797790927671,0.00058936959602865,0.00029648847736720005,0.29921411271097803,0.2773348492849223,0.3135046072436284,0.036169757958706084,0.0,0.30667723767292465,0.35012995001402714,0.3050679912999092,0.3798356964821475,0.0747677051822383,0.0,0.3656414824458605,0.40333981315227996,0.333317788754305,0.4500295660173748,0.1167117772630698,0.0,0.427759048541568,0.31323435818049483,0.2878460556853631,0.3283879561959757,0.04054190051061263,0.0,0.32205084679447327,0.37646871636099033,0.3256921113707265,0.4067759123919522,0.0810838010212257,0.0,0.3941016935889473,0.43970307454148516,0.3635381670560896,0.4851638685879279,0.12162570153183833,0.0,0.4661525403834207,0.41859912675694455,0.2885349930000003,0.030633164498500443,0.0001523042692256,0.5220820225176527,0.31184857866963,0.23015873015873015,78,13.0,0.0,0.0,1.1442704033461537,1.0411372484999997,1.0129631120000004,1.6890188230000005,0.1308796584282943,0.1326001496357363,0.0005832906153999,0.0005951679081934,0.3011690804750946,0.3054428340066037,0.2773348492849223,0.3135046072436284,0.0,0.35419312039179973,0.3630668645405101,0.3050679912999092,0.3798356964821475,0.0,0.40972476123473806,0.42369137012925234,0.333317788754305,0.4500295660173748,0.0,0.31531737794965853,0.3205957836896113,0.2878460556853631,0.3283879561959757,0.0,0.38063475589931756,0.39119156737922334,0.3256921113707265,0.4067759123919522,0.0,0.4459521338489761,0.4617873510688346,0.3635381670560896,0.4851638685879279,0.0,0.30095469200000036,0.018268389465154,0.00010272195046,0.5955449666756744,True,True,1.0272265265000002,1.0163678039999997,0.36453653463018354,0.3668223624255456,0.1329708119763233,0.0005989226700749,1,1,True,True,1.03001174,1.0163678039999997,0.3647005248171463,0.3702907797526973,0.13251045289923405,0.00059704528913415,2,2,True,True,True,True,True,True
2024-02-15,Persistent stratification,Persistent stratification,Persistent stratification,2.437859954854167,2.9707290520000003,0.997276544,2.1117241479166666,2.2458754080000003,1.9734525080000003,0.0,0.3958799084328359,0.4940385853052349,0.2615141929210012,0.3230505976410484,0.30518995423532425,0.00269399091500295,0.0029408725895504,0.0018397783953021502,0.0020857207149555,0.27165130845754176,0.2635619814763234,0.3203302518351881,0.05676827035886467,0.0,0.2710198639496436,0.29365737514143103,0.2771727212739906,0.3940363036809319,0.11686358240694128,0.0,0.2922609552854878,0.3161189507686398,0.2908495641102882,0.4723549635620302,0.18150539945174204,0.0,0.313775357569799,0.27930432706155395,0.2698139409756932,0.3349580055212404,0.06514406454554716,0.0,0.2791740540223643,0.30860865412310806,0.2896278819513864,0.4199160110424816,0.13028812909109522,0.0,0.30834810804472856,0.3379129811846624,0.3094418229270799,0.5048740165637222,0.19543219363664233,0.0,0.33752216206709335,0.6188852294027778,0.4931409615000004,0.05625018597326189,0.0002915553621778,0.4177359335632552,0.1325315672890841,0.14186507936507936,80,13.333333333333332,0.0,0.0,2.2398668944,2.6384935149999995,0.997276544,2.9707290520000003,0.1888486310699107,0.3845870023610956,0.0008551518745949,0.0024987930435246,0.2759454642373623,0.26717674328750896,0.2635619814763234,0.3203302518351881,0.0,0.3024341460013873,0.28450322273509876,0.2771727212739906,0.3940363036809319,0.0,0.3296277088908111,0.3020051021103676,0.2908495641102882,0.4723549635620302,0.0,0.2844957429354372,0.2734108826773481,0.2698139409756932,0.3349580055212404,0.0,0.3189914858708746,0.2968217653546962,0.2896278819513864,0.4199160110424816,0.0,0.3534872288063121,0.32023264803204476,0.3094418229270799,0.5048740165637222,0.0,0.5153250100000002,0.041139141496511,0.00022739656778339998,0.43944116997094784,True,True,2.6468197005,2.570348664000001,0.2808669606930063,0.2834936003062758,0.3836513515921684,0.0024987930435246,1,1,True,True,2.6163028179999994,2.2928222589999994,0.2809765086133881,0.2959220926890443,0.39485422921360086,0.0025589816509925,2,2,True,True,True,True,True,True
2024-02-16,Persistent stratification,Persistent stratification,Persistent stratification,2.3994766270416665,2.707519626999999,2.202802062000001,2.457744105666667,2.4607622975,0.5047175649999982,0.0,0.44054381901449263,0.4826297325349567,0.4219220008342748,0.4267931809146507,0.09265245561931384,0.0021429983756575503,0.00265581300602,0.0023374598497625,0.0006768600904173997,0.2729407747491519,0.2667219133394061,0.2845797679095491,0.017857854570142995,0.0,0.26976216244380485,0.2961901742906758,0.2835819612914845,0.3195543632857078,0.0359724019942233,0.0,0.2897416636744865,0.31979305069945313,0.300604424380744,0.3549478433103977,0.05434341892965372,0.0,0.3099740480289367,0.27961882751681183,0.2730720578259451,0.2877157197073283,0.014643661881383163,0.0,0.2765530636876209,0.3092376550336236,0.2961441156518902,0.3254314394146567,0.029287323762766493,0.0,0.3031061273752417,0.33885648255043604,0.3192161734778357,0.3631471591219857,0.04393098564414999,0.0,0.329659191062863,0.8783108040902777,0.7248536990000001,0.10067719929578219,0.00046541011888945,0.37958349355729903,0.11686358240694128,0.05952380952380953,79,13.166666666666666,0.0,0.0,2.46539035221519,2.427382092,2.279948040999999,2.707519626999999,0.3953038910155156,0.4521205392771678,0.0020481815133234,0.0021682841263431,0.2720808696657849,0.2715119950371765,0.2667219133394061,0.2785742713998687,0.0,0.29444646447160266,0.2932894828082479,0.2835819612914845,0.3076044515153202,0.0,0.3171371396350582,0.3153768229084815,0.300604424380744,0.3371422060194755,0.0,0.27857997168982646,0.278622569956476,0.2730720578259451,0.284311543191952,0.0,0.30715994337965297,0.3072451399129521,0.2961441156518902,0.3186230863839041,0.0,0.33573991506948,0.3358677098694287,0.3192161734778357,0.3529346295758567,0.0,0.7407873279999997,0.0755851876639701,0.0003691210165252,0.3961452394581365,True,True,2.3088928135000004,2.279948040999999,0.29333895111978975,0.2952411048696525,0.3953038910155156,0.0020481815133234,1,1,True,True,2.3570745504999997,2.279948040999999,0.2932870186190618,0.2952411048696525,0.40062121520248817,0.0021082328198332497,2,2,True,True,True,True,True,True
2024-02-17,Persistent stratification,Persistent stratification,Persistent stratification,2.350403161548611,2.4695544490000003,2.228047492999999,2.369847045666667,2.374821728,0.24150695600000116,0.0,0.48795031007642015,0.5269739882079665,0.4718139594749667,0.47191390450565596,0.07551680105659248,0.00205693179564015,0.0021337589076439,0.0021046229852459504,0.0002343616004451001,0.2780127369899658,0.2739913185034833,0.2823138472446486,0.008322528741165292,0.0,0.27571422765102016,0.30647226804788996,0.2983288336700804,0.3151711858423345,0.016842352172254105,0.0,0.3018197913826667,0.335432018176527,0.3230609493266811,0.3486315152206529,0.025570565893971775,0.0,0.328365684308651,0.2840151179963777,0.2806472209575679,0.2878562057056791,0.0072089847481112135,0.0,0.28191548831730817,0.31803023599275543,0.3112944419151359,0.3257124114113583,0.014417969496222427,0.0,0.3138309766346164,0.3520453539891337,0.3419416628727043,0.3635686171170381,0.021626954244333807,0.0,0.3457464649519252,1.166726235034722,1.0284093229999995,0.15876812969504117,0.0007691030065762,0.35012995001402714,0.0747677051822383,0.0,80,13.333333333333332,0.0,0.0,2.3687387107749998,2.376232119,2.2498081129999994,2.447273976999999,0.451457187151374,0.47191390450565596,0.0019450370626326,0.0020624150675121,0.27738258697497487,0.2772940113524003,0.2739913185034833,0.2821582750443634,0.0,0.30519603532286743,0.3050177211585404,0.2983288336700804,0.3148134549720406,0.0,0.33349238649661805,0.33322226382586717,0.3230609493266811,0.3480127633475182,0.0,0.28343557688253085,0.2834249506038915,0.2806472209575679,0.2870172883137215,0.0,0.3168711537650617,0.316849901207783,0.3112944419151359,0.324034576627443,0.0,0.3503067306475932,0.35027485181167506,0.3419416628727043,0.3610518649411652,0.0,1.0411372484999997,0.1326001496357363,0.0005951679081934,0.3630668645405101,True,True,2.306165598,2.2498081129999994,0.30410189888330796,0.3084453085136612,0.451457187151374,0.0019450370626326,1,1,True,True,2.3419308845,2.2498081129999994,0.30329435051500925,0.3084453085136612,0.45785424554448095,0.00199477601120215,2,2,True,True,True,True,True,True
2024-02-18,Persistent stratification,Persistent stratification,Persistent stratification,2.434212862347222,2.9242054140000002,2.289487864999999,2.3447359161666665,2.347344254,0.6347175490000012,0.0,0.5514692388851451,0.6495819488703471,0.5143116194241194,0.5145909957104866,0.13527032944622774,0.00208206038714805,0.0025307062412111,0.00200610423444925,0.0005350156676432001,0.27894603229376014,0.269369324556793,0.2873226035574001,0.01795327900060706,0.0,0.27998796900915146,0.3083571340963757,0.2889565024046015,0.3251098961713667,0.036153393766765185,0.0,0.31047785235126973,0.3382864825853067,0.3087902970822774,0.3633928313691902,0.05460253428691281,0.0,0.34152888695151395,0.28471345795316944,0.275377720777928,0.2907158336046418,0.015338112826713823,0.0,0.2858896671846488,0.3194269159063389,0.300755441555856,0.3314316672092836,0.03067622565342759,0.0,0.3217793343692976,0.354140373859509,0.3261331623337844,0.3721475008139261,0.04601433848014169,0.0,0.35766900155394704,2.350403161548611,2.2458754080000003,0.3958799084328359,0.00205693179564015,0.3083571340963757,0.06508770748654868,0.0,80,13.333333333333332,0.0,0.0,2.4613143101125,2.3769657080000006,2.3216106120000006,2.9242054140000002,0.5143116194241194,0.5175169163369345,0.0019956905735679,0.0020455362310361,0.27862628614566703,0.27900660465104976,0.269369324556793,0.2873226035574001,0.0,0.30770732288097974,0.3084887426398177,0.2889565024046015,0.3251098961713667,0.0,0.3372948785193975,0.3385026428559193,0.3087902970822774,0.3633928313691902,0.0,0.28436387277256814,0.28493511955916817,0.275377720777928,0.2907158336046418,0.0,0.3187277455451363,0.3198702391183364,0.300755441555856,0.3314316672092836,0.0,0.353091618317705,0.3548053586775052,0.3261331623337844,0.3721475008139261,0.0,2.376232119,0.3845870023610956,0.0020455362310361,0.3084887426398177,True,True,2.3383160725,2.3216106120000006,0.31031208160618184,0.3126791459029409,0.5150859838330001,0.0020141491800791,1,1,True,True,2.3382311875000004,2.3216106120000006,0.3107214743690436,0.3126791459029409,0.5147476531864756,0.0020049198768235,2,2,True,True,True,True,True,True
2024-02-19,Persistent stratification,Persistent stratification,Persistent stratification,3.3700314239513887,3.7249670350000006,2.558132979,3.0841831213333335,3.131437948,1.1668340560000008,0.0,0.8902929748280762,1.087539606740057,0.7402798310636003,0.7500096418617084,0.44156595836588897,0.0032963614396137996,0.0037073932702337,0.003098458305794,0.0009482330934972999,0.2742871325406896,0.2642245410433994,0.3110100488810278,0.046785507837628415,0.0,0.2716002609343655,0.2985500564845385,0.2785512865839042,0.3651438140021361,0.08659252741823187,0.0,0.2934722175467961,0.32285387423043943,0.2929941488108199,0.4146185361392935,0.12162438732847358,0.0,0.3156440830452027,0.27710224780942627,0.2694426823692633,0.2934733202968263,0.024030637927563048,0.0,0.27682858261546445,0.30420449561885265,0.2888853647385266,0.3369466405936527,0.048061275855126095,0.0,0.30365716523092884,0.3313067434282794,0.3083280471077903,0.3804199608904798,0.07209191378268948,0.0,0.3304857478463938,2.3994766270416665,2.347344254,0.44054381901449263,0.00208206038714805,0.30647226804788996,0.06508770748654868,0.0,81,13.5,0.0,0.0,3.2784866442098766,3.2640182940000004,2.558132979,3.7249670350000006,0.6459736483741679,0.7927799959091872,0.0027591601767364,0.0031125302025818502,0.2769695099459379,0.2744200591228622,0.2657455431263689,0.3110100488810278,0.0,0.30374531206367716,0.2991991639138421,0.2816235801727773,0.3651438140021361,0.0,0.33043145175816985,0.3243029338052657,0.2976519355081355,0.4146185361392935,0.0,0.27901819823145924,0.278361601389653,0.2712546178096158,0.2934733202968263,0.0,0.30803639646291847,0.306723202779306,0.2925092356192316,0.3369466405936527,0.0,0.33705459469437826,0.3350848041689596,0.3137638534288478,0.3804199608904798,0.0,2.3769657080000006,0.4521205392771678,0.0020624150675121,0.3050177211585404,True,True,3.2102795229999996,3.0179072729999996,0.2873126781249058,0.3071440448680799,0.825820539158558,0.0035047530131877,1,1,True,True,3.1486743804999997,2.813614417,0.2890230341269592,0.3071440448680799,0.7910129009989055,0.0034136121980117,2,2,True,True,True,True,True,True
2024-02-20,Persistent stratification,Persistent stratification,Persistent stratification,2.3809776175416664,3.553020243999999,1.4804162500000002,2.871422739416667,2.8756433595000006,2.0726039939999987,0.0,0.8253719432193044,1.0802886587482463,1.0048582844267238,1.014823166853604,0.5772260758225745,0.0023273714972279003,0.0035361686806095,0.0033353436511887,0.0022094465257572,0.7269049820220453,0.2808385263930655,1.2779741393433433,0.9971356129502777,0.0,0.5451280249861263,0.8070092464199544,0.3116694623442754,1.3343961546091492,1.022726692264874,0.0,0.6783145231390635,0.8588078290479331,0.3424928162355728,1.3724579974990916,1.0299651812635187,0.0,0.7737211776826316,0.6701679281584131,0.2807809744971,1.256603259759346,0.975822285262246,0.0,0.4389528185545325,0.7524634194220452,0.3115619489942001,1.2918903215632802,0.9803283725690801,0.0,0.627905637109065,0.8080569875037507,0.3423429234913007,1.3291259276194194,0.9867830041281187,0.0,0.7576706120754326,2.3994766270416665,2.374821728,0.48795031007642015,0.0021429983756575503,0.30647226804788996,0.0747677051822383,0.0,89,14.833333333333332,0.0,0.0,2.446536802494382,2.6616424960000007,1.4804162500000002,3.553020243999999,0.5030625829256719,0.9492436246575036,0.0013267221548523,0.0028997528043002,0.6941577844344705,0.7146428111454883,0.2808385263930655,1.2779741393433433,0.0,0.7832240438687105,0.8096438839830218,0.3116694623442754,1.3343961546091492,0.0,0.8428080613807204,0.8452103185680667,0.3424928162355728,1.3724579974990916,0.0,0.6284376209073576,0.6851921813024477,0.2807809744971,1.256603259759346,0.0,0.7262411695469804,0.771880423672037,0.3115619489942001,1.2918903215632802,0.0,0.7947358885004421,0.7971612719363413,0.3423429234913007,1.3291259276194194,0.0,2.427382092,0.47191390450565596,0.0021682841263431,0.3050177211585404,True,True,2.6312275495,2.609170078,0.8067913939515801,0.8400189010436718,0.905032023604708,0.0028997528043002,1,1,True,True,2.6872691435,2.609170078,0.7995905112901682,0.8400189010436718,0.9271378241311058,0.0029889760637024,2,2,True,True,True,True,True,True
2024-02-21,Near-isothermal mixing,Near-isothermal mixing,Near-isothermal mixing,0.4647616069166667,1.457851764,0.005904925000000283,1.006311034333333,0.9991591675000007,1.4519468389999997,0.5138888888888888,0.12778864724396882,0.4662275566222766,0.254345456481341,0.2839953947658282,0.4597595131710127,0.00014946483236299058,0.0015163759056396,0.0009231576976689,0.001498260405194425,1.8373419838176315,0.8705724661802081,2.25,1.3794275338197919,0.4791666666666667,1.3247454226252944,1.921355941981429,1.0045171085898787,2.25,1.2454828914101213,0.5138888888888888,1.4020477698875178,1.9661143430273453,1.107151430637085,2.25,1.142848569362915,0.5347222222222222,1.4547226488410447,1.8106616472654784,0.8084482243229392,2.25,1.4415517756770608,0.4791666666666667,1.2830273188138672,1.8994340195992758,0.9321752406655628,2.25,1.3178247593344372,0.5138888888888888,1.3527256316519252,1.9482615795256335,1.0559022570081886,2.25,1.1940977429918114,0.5347222222222222,1.4176983309860014,2.3994766270416665,2.374821728,0.48795031007642015,0.0021429983756575503,0.30647226804788996,0.08659252741823187,0.0734126984126984,85,14.166666666666666,0.0,0.0,0.6096171420941175,0.8147396479999989,0.005904925000000283,1.457851764,0.0064680434512639,0.18896276816325808,1.811550044517477e-05,0.0006742265822313499,1.7257178657863501,1.440624171248413,0.8705724661802081,2.25,0.4588235294117647,1.7923737837709441,1.5792425467159974,1.0045171085898787,2.25,0.47058823529411764,1.8293877620162948,1.7173894130220466,1.107151430637085,2.25,0.47058823529411764,1.7003533434263876,1.3638938267626417,0.8084482243229392,2.25,0.4588235294117647,1.7691255975459155,1.5282315474573531,0.9321752406655628,2.25,0.47058823529411764,1.8109785424744687,1.7088398787842063,1.0559022570081886,2.25,0.47058823529411764,2.427382092,0.47191390450565596,0.0021682841263431,0.3050177211585404,True,False,0.8169920054999995,0.7805587989999996,1.5792399324056912,1.7436201964236493,0.160640690615145,0.0006912887908467,1,1,True,True,0.8827078285000005,0.7805587989999996,1.515603672473632,1.7436201964236493,0.18896276816325808,0.0006742265822313499,2,2,True,True,True,True,True,True
2024-02-22,Near-isothermal mixing,Near-isothermal mixing,Near-isothermal mixing,0.044989013125,0.1355351090000001,-0.03535021199999999,0.06414236908333337,0.06915737150000023,0.1708853210000001,1.0,0.007361429304120666,0.0145053398894705,0.0118270088710094,0.01255489289719205,0.0121876535327569,2.0145797416783644e-05,4.827953225249616e-05,3.983843735297412e-05,3.9639230002544006e-05,2.2447107347200865,1.9858332039172475,2.25,0.2641667960827525,0.9652777777777778,2.25,2.25,2.25,2.25,0.0,1.0,2.25,2.25,2.25,2.25,0.0,1.0,2.25,2.2440084205217294,1.9798762568728387,2.25,0.27012374312716125,0.9652777777777778,2.25,2.25,2.25,2.25,0.0,1.0,2.25,2.25,2.25,2.25,0.0,1.0,2.25,2.3809776175416664,2.374821728,0.48795031007642015,0.00208206038714805,0.3083571340963757,0.036153393766765185,0.21626984126984125,83,13.833333333333332,0.0,0.0,0.04623555660240964,0.042473213000000065,-0.03535021199999999,0.1355351090000001,0.0023176863567136,0.0074333492793624,8.640302249952155e-06,2.294310477519238e-05,2.2408234433697882,2.25,1.9858332039172475,2.25,0.9397590361445783,2.25,2.25,2.25,2.25,1.0,2.25,2.25,2.25,2.25,1.0,2.239604970543724,2.25,1.9798762568728387,2.25,0.9397590361445783,2.25,2.25,2.25,2.25,1.0,2.25,2.25,2.25,2.25,1.0,2.3769657080000006,0.47191390450565596,0.0020624150675121,0.3084887426398177,False,False,0.08593796800000009,0.01725454099999979,2.25,2.25,0.0104065627961027,2.7984267698600224e-05,1,1,False,False,0.07637375849999994,-0.03535021199999999,2.25,2.25,0.00910893083339845,3.125491122815936e-05,2,2,False,False,True,True,False,False
2024-02-23,Near-isothermal mixing,Near-isothermal mixing,Near-isothermal mixing,0.04101881693750006,0.10248851700000028,-0.030054505999999925,0.03648476475000003,0.04559508100000009,0.1325430230000002,1.0,0.004462456785451583,0.0105055506554546,0.0027476142436834,0.00447077259088165,0.0096273985916615,1.2683483869504557e-05,2.869920561558009e-05,1.2733536949471585e-05,2.5149575410973266e-05,2.2445365198207363,1.6965486601497684,2.25,0.5534513398502316,0.9861111111111112,2.25,2.25,2.25,2.25,0.0,1.0,2.25,2.25,2.25,2.25,0.0,1.0,2.25,2.245473160402318,1.7415479323987206,2.25,0.5084520676012794,0.9861111111111112,2.25,2.25,2.25,2.25,0.0,1.0,2.25,2.25,2.25,2.25,0.0,1.0,2.25,2.350403161548611,2.347344254,0.48795031007642015,0.00205693179564015,0.8070092464199544,0.036153393766765185,0.35912698412698413,83,13.833333333333332,0.0,0.0,0.04095745484337354,0.041188324000000165,-0.030054505999999925,0.10248851700000028,0.0008781520637931,0.00415697733169115,3.549630204606825e-06,1.1982973541424693e-05,2.24052119101429,2.25,1.6965486601497684,2.25,0.9759036144578314,2.25,2.25,2.25,2.25,1.0,2.25,2.25,2.25,2.25,1.0,2.242146205999203,2.25,1.7415479323987206,2.25,0.9759036144578314,2.25,2.25,2.25,2.25,1.0,2.25,2.25,2.25,2.25,1.0,2.376232119,0.47191390450565596,0.0020455362310361,0.8096438839830218,False,False,0.05056194050000018,0.043142521000000045,2.25,2.25,0.00571786509113,1.5269593797694197e-05,1,1,False,False,0.05056194050000018,0.028585258999999752,2.25,2.25,0.0054956129429512505,1.4009867349510256e-05,2,2,False,False,True,True,False,False
2024-02-24,Near-isothermal mixing,Near-isothermal mixing,Near-isothermal mixing,0.04594691939583333,0.13696709099999982,-0.0406138269999996,0.042056083249999876,0.03989714649999998,0.17758091799999942,1.0,0.003545629212512521,0.0085161473323338,0.0026732545453866,0.0033477089368554496,0.008695331831740899,1.119704086753057e-05,3.144410576604004e-05,1.0922871320232451e-05,2.8255562466421003e-05,2.199859769254374,0.976671654704486,2.25,1.273328345295514,0.9236111111111112,2.25,2.25,2.25,2.25,0.0,1.0,2.25,2.25,2.25,2.25,0.0,1.0,2.25,2.2012199354001187,1.0301085907712453,2.25,1.2198914092287547,0.9236111111111112,2.25,2.25,2.25,2.25,0.0,1.0,2.25,2.25,2.25,2.25,0.0,1.0,2.25,0.4647616069166667,0.9991591675000007,0.12778864724396882,0.00014946483236299058,1.921355941981429,0.036153393766765185,0.501984126984127,83,13.833333333333332,0.0,0.0,0.02355905139759032,0.01975859599999996,-0.0406138269999996,0.10706668999999991,-0.0001791844994071,0.0024372819722041,3.18854329961904e-06,7.597042116643573e-06,2.2492904165942442,2.25,2.191104577322265,2.25,0.9879518072289156,2.25,2.25,2.25,2.25,1.0,2.25,2.25,2.25,2.25,1.0,2.2491434410429942,2.25,2.178905606568518,2.25,0.9879518072289156,2.25,2.25,2.25,2.25,1.0,2.25,2.25,2.25,2.25,1.0,0.8147396479999989,0.18896276816325808,0.0006742265822313499,1.5792425467159974,False,False,0.046718121999999696,0.03152413999999926,2.25,2.25,0.0033073925347911,9.361590436778653e-06,1,1,False,False,0.03880972650000025,0.015331415000000348,2.25,2.25,0.00311052341180495,1.0578365199422704e-05,2,2,False,False,True,True,False,False
2024-02-25,Near-isothermal mixing,Near-isothermal mixing,Near-isothermal mixing,0.13935112419444445,0.30384452699999986,-0.017473492999999785,0.017738701166666832,0.015588784000000189,0.32131801999999965,0.6736111111111112,0.009044709692712913,0.017822050525999,0.0007319316900816,0.0012340675740214499,0.017850667819952183,5.170060600324225e-05,8.222577536561081e-05,4.060297244696551e-06,8.037375455726271e-05,1.199101088852603,0.4279892756957568,2.25,1.8220107243042432,0.3680555555555556,2.25,1.8306825384699492,0.6989234270561959,2.25,1.551076572943804,0.6458333333333334,2.25,2.249476914259611,2.1746756533840124,2.25,0.07532434661598764,0.9930555555555556,2.25,1.2297389539823564,0.4912377468774625,2.25,1.7587622531225375,0.3680555555555556,2.25,1.8501803702259083,0.7324754937549272,2.25,1.5175245062450728,0.6458333333333334,2.25,2.249477149309487,2.174709500566147,2.25,0.0752904994338528,0.9930555555555556,2.25,0.13935112419444445,0.06915737150000023,0.009044709692712913,5.170060600324225e-05,1.921355941981429,0.08659252741823187,0.5982142857142857,78,13.0,0.0,0.0,0.09208822474358985,0.04255462000000021,-0.017473492999999785,0.22146830499999925,-2.8617293953183352e-05,0.0017970263721694,1.8520208083481012e-06,5.165596341932062e-06,1.4784834233517141,2.25,0.4917752406420561,2.25,0.5512820512820513,2.12106651035875,2.25,0.9519117161417476,2.25,0.8846153846153846,2.25,2.25,2.25,2.25,1.0,1.5044887606205695,2.25,0.545972075768661,2.25,0.5512820512820513,2.1312440275042763,2.25,1.0375084900914489,2.25,0.8846153846153846,2.25,2.25,2.25,2.25,1.0,0.04255462000000021,0.0074333492793624,2.294310477519238e-05,2.25,False,False,0.012667244500000674,-0.00011474700000047022,2.25,2.25,0.0016132663647284,4.883321885078106e-06,1,1,False,False,0.013949655500000269,-0.00011474700000047022,2.25,2.25,0.001308090100142,4.288345348643187e-06,2,2,False,False,True,True,False,False
2024-02-26,Near-isothermal mixing,Near-isothermal mixing,Near-isothermal mixing,0.10934205411805555,0.21347458000000064,0.008398255000000354,0.10183351950000012,0.10428854350000005,0.20507632500000028,0.9861111111111112,0.007731694263195671,0.016070807483532,0.0055226751038669,0.0062272711444416,0.0140030777773282,4.256445379692394e-05,5.966809732742831e-05,3.977265612984199e-05,5.237606039123476e-05,1.2635177335880845,0.5341446634498045,2.25,1.7158553365501956,0.3263888888888889,0.8442986487456836,2.2481433262486403,2.0311051920514283,2.25,0.21889480794857175,0.9861111111111112,2.25,2.25,2.25,2.25,0.0,1.0,2.25,1.295512206019128,0.6067792150247888,2.25,1.6432207849752112,0.3263888888888889,0.9007868484254895,2.2477887542093744,1.9937429881331816,2.25,0.2562570118668184,0.9861111111111112,2.25,2.25,2.25,2.25,0.0,1.0,2.25,0.10934205411805555,0.06915737150000023,0.007731694263195671,4.256445379692394e-05,2.2481433262486403,0.21889480794857175,0.7390873015873015,80,13.333333333333332,0.0,0.0,0.11099799822499998,0.11207120299999973,0.04970397799999926,0.17604387700000057,0.003384813416038,0.0072269996085536,1.5870417671315962e-05,4.274634786085898e-05,1.0845130377616579,0.8414549918028416,0.5341446634498045,2.25,0.2125,2.25,2.25,2.25,2.25,1.0,2.25,2.25,2.25,2.25,1.0,1.1283869463358567,0.8906984180347927,0.6067792150247888,2.25,0.2125,2.25,2.25,2.25,2.25,1.0,2.25,2.25,2.25,2.25,1.0,0.04255462000000021,0.0072269996085536,2.294310477519238e-05,2.25,False,False,0.06013922900000024,0.04970397799999926,2.25,2.25,0.003384813416038,1.5870417671315962e-05,1,1,False,False,0.07598844049999975,0.04970397799999926,2.25,2.25,0.0040370398997237,2.4999180632199095e-05,2,2,False,False,True,True,False,False
2024-02-27,Transition/unclassified,Transition/unclassified,Transition/unclassified,0.18590914398611114,0.3714147300000006,-0.014938650000000386,0.007190966666666594,0.0064810600000000385,0.38635338000000097,0.4791666666666667,0.015500758256640004,0.0307737781532462,-0.0004708441672988,0.00041168315648454996,0.031244622320545,5.9072750069197094e-05,0.0001334809557098,5.745582497589077e-06,0.00012859733402868198,1.173384432708409,0.3906634549065959,2.25,1.859336545093404,0.3611111111111111,2.25,1.500232047247361,0.5603969738569059,2.25,1.689603026143094,0.4791666666666667,2.25,1.8628926192748922,0.9492894120057048,2.25,1.300710587994295,0.6111111111111112,2.25,1.1984153880507098,0.4376023610072301,2.25,1.8123976389927698,0.3611111111111111,2.25,1.5167951617336202,0.6252047220144619,2.25,1.6247952779855381,0.4791666666666667,2.25,1.8856643625814153,1.0215037380562648,2.25,1.2284962619437352,0.6111111111111112,2.25,0.10934205411805555,0.04559508100000009,0.007731694263195671,4.256445379692394e-05,2.2481433262486403,0.21889480794857175,0.8075396825396826,78,13.0,0.0,0.0,0.15793418296153844,0.0793176179999997,-0.014938650000000386,0.3208783259999999,-0.0004708441672988,0.0055466630219759,4.883621681118024e-06,3.143372550867855e-05,1.4086504278539185,2.25,0.4125475539794917,2.25,0.5384615384615384,1.5150724104896165,2.25,0.6175390062408801,2.25,0.5384615384615384,1.8318522081617465,2.25,1.0564784393775324,2.25,0.5769230769230769,1.4289635282335678,2.25,0.4573747392807001,2.25,0.5384615384615384,1.5310039795440595,2.25,0.6647494785614021,2.25,0.5384615384615384,1.8573925292080093,2.25,1.1521561896033394,2.25,0.5769230769230769,0.04255462000000021,0.0055466630219759,2.294310477519238e-05,2.25,False,False,0.017067137999999815,0.0017366650000001371,2.25,2.25,0.0017041199674389,5.2617502458213865e-06,1,1,False,False,0.016354967499999873,-0.006369858999999423,2.25,2.25,0.0014991652238534,5.072685963469705e-06,2,2,False,False,True,True,False,False
2024-02-28,Transition/unclassified,Transition/unclassified,Transition/unclassified,0.28228349050694446,0.34254468399999993,0.22130218099999954,0.2603630425833334,0.25941570599999997,0.12124250300000039,0.0,0.02364508163286275,0.0276140756463573,0.0210996173996029,0.021569182174460202,0.007569419059304,0.0001442469012808,0.0001634185787829,0.00012421272557085,4.216601280089999e-05,0.40817355084511875,0.3715070198139318,0.4604050522213988,0.08889803240746702,0.0,0.4238149687838815,0.6154476005400578,0.5120393517141884,0.8281578588953348,0.3161185071811464,0.0,0.6630964747245444,1.9597174414371048,0.8002307336538592,2.25,1.4497692663461408,0.7222222222222222,2.25,0.46065965674925785,0.4201366374140527,0.516050764114023,0.09591412669997024,0.0,0.4779098716261915,0.6719347686852052,0.590273274828107,0.8707270751110615,0.2804538002829545,0.0,0.7058197432523851,1.9764719822934136,0.8362811606464177,2.25,1.4137188393535824,0.7222222222222222,2.25,0.10934205411805555,0.04559508100000009,0.007731694263195671,4.256445379692394e-05,2.2481433262486403,0.21889480794857175,0.7341269841269842,81,13.5,0.0,0.0,0.27621498553086427,0.278329501,0.2447695740000002,0.33220400500000036,0.0200446565870533,0.0231862006173221,0.000121252565982,0.0001279599491834,0.4113967144230412,0.4188829964013805,0.3715070198139318,0.4338952096343669,0.0,0.6241297871394682,0.6434065539857218,0.5120393517141884,0.7108917469085778,0.0,2.1038440431133054,2.25,0.8173770670470138,2.25,0.8765432098765432,0.4639629841984593,0.4689724175379535,0.4207429782692917,0.4921800204592699,0.0,0.6779259683969207,0.687944835075909,0.591485956538585,0.7343600409185419,0.0,2.1130114209814574,2.25,0.866058072488014,2.25,0.8765432098765432,0.04255462000000021,0.0055466630219759,2.294310477519238e-05,2.25,True,True,0.25239301550000004,0.24594390599999993,0.6638484742256392,0.7108917469085778,0.0200446565870533,0.000121252565982,1,1,True,True,0.25155905400000034,0.24594390599999993,0.674529399785762,0.7108917469085778,0.0202160448856126,0.00012187809857885,2,2,True,True,True,True,True,True
2024-02-29,Transition/unclassified,Transition/unclassified,Transition/unclassified,0.2713301256041667,0.370263907,0.17897501199999954,0.2580927505833333,0.2597634649999998,0.19128889500000046,0.013888888888888888,0.02432839140369941,0.0284721633109885,0.0206538491901411,0.02099717852475455,0.007818314120847401,0.00015764768694895,0.0001861413022202,0.00015031689180735,0.00010214927000926569,0.42423461722775857,0.3500528159080148,0.9479290411351295,0.5978762252271148,0.0,0.39671534137100734,0.6548438380260531,0.4598913388373606,2.25,1.7901086611626393,0.006944444444444444,0.5827295294859893,1.9829502827270313,0.6056626575373523,2.25,1.6443373424626477,0.7708333333333334,2.25,0.4764464005713489,0.396676380828243,0.940001329179355,0.543324948351112,0.0,0.4572232023213476,0.723406095899232,0.5433527616564873,2.25,1.7066472383435127,0.006944444444444444,0.6644464046426972,1.9974702042952366,0.6900291424847304,2.25,1.5599708575152698,0.7708333333333334,2.25,0.13935112419444445,0.04559508100000009,0.009044709692712913,5.170060600324225e-05,1.8306825384699492,0.3161185071811464,0.5932539682539684,81,13.5,0.0,0.0,0.26662782735802465,0.2629557370000004,0.17897501199999954,0.370263907,0.0206538491901411,0.022805213081667948,8.399203221093431e-05,0.00015095619029199998,0.4419237260177751,0.3984312254321747,0.3500528159080148,0.9479290411351295,0.0,0.6818960569127853,0.5863959916745942,0.4598913388373606,2.25,0.012345679012345678,2.033548075368432,2.25,0.6056626575373523,2.25,0.8271604938271605,0.49087929079662196,0.4554411102708148,0.396676380828243,0.940001329179355,0.0,0.750366047774542,0.6608822205416315,0.5433527616564873,2.25,0.012345679012345678,2.0455293660621967,2.25,0.6900291424847304,2.25,0.8271604938271605,0.0793176179999997,0.0055466630219759,3.143372550867855e-05,2.25,True,False,0.2868744589999994,0.24399222799999976,0.5215593949116173,0.5758941143397279,0.0228822505851439,0.0001646024861128,1,1,True,True,0.2807395319999997,0.23626090199999972,0.5325522159055316,0.5878095690277872,0.022805213081667948,0.00017168721370585,2,2,True,True,True,True,True,True
2024-03-01,Transition/unclassified,Transition/unclassified,Transition/unclassified,0.07779605547916664,0.20534758699999944,-0.05651523999999952,0.011706601333333344,0.009415243499999892,0.26186282699999897,0.9861111111111112,0.008539028913397646,0.0240377374301811,-0.0007109659570718,0.00151410612130175,0.0270196939572455,4.506090391932377e-05,8.115441615078002e-05,7.4601892220047944e-06,8.023716905225964e-05,1.6766258033167345,0.6495093172131056,2.25,1.6004906827868943,0.5277777777777778,2.25,2.2468727954094865,1.9428294467985343,2.25,0.3071705532014657,0.9861111111111112,2.25,2.25,2.25,2.25,0.0,1.0,2.25,1.6995524779741544,0.6667707030534162,2.25,1.5832292969465838,0.5277777777777778,2.25,2.2465946947313373,1.971554037996974,2.25,0.27844596200302596,0.9861111111111112,2.25,2.25,2.25,2.25,0.0,1.0,2.25,0.13935112419444445,0.03989714649999998,0.009044709692712913,5.170060600324225e-05,1.8306825384699492,0.3161185071811464,0.5912698412698413,78,13.0,0.0,0.0,0.07821281685897431,0.09080729949999977,-0.05651523999999952,0.20534758699999944,-0.0029819565270644,0.0087902289636573,9.172470985203766e-07,5.184735093873654e-05,1.5988005588440946,1.6046129735230967,0.6495093172131056,2.25,0.47435897435897434,2.2442266992175135,2.25,1.9428294467985343,2.25,0.9743589743589743,2.25,2.25,2.25,2.25,1.0,1.6282845444235996,1.6838471695072865,0.6667707030534162,2.25,0.47435897435897434,2.2437132825809303,2.25,1.971554037996974,2.25,0.9743589743589743,2.25,2.25,2.25,2.25,1.0,0.09080729949999977,0.0072269996085536,4.274634786085898e-05,2.25,False,False,-0.0320544009999999,-0.05651523999999952,2.25,2.25,-0.0017985435320319,7.195170154603181e-06,1,1,False,False,-0.016397748000000156,-0.05651523999999952,2.25,2.25,-0.00239025002954815,4.0562086265617785e-06,2,2,False,False,True,True,False,False
2024-03-02,Transition/unclassified,Transition/unclassified,Transition/unclassified,0.23833341284722234,0.6081528120000002,-0.026063826999999762,0.008387678000000212,0.008121067999999898,0.6342166389999999,0.5,0.02815226186562743,0.0601541651331529,0.0004413854986688,0.00098115032564215,0.0607782242419524,0.00011947905557518719,0.0002787375517911,4.300152498810828e-06,0.00027684597821720706,1.216548288735505,0.3272062877727514,2.25,1.9227937122272487,0.4166666666666667,2.25,1.4102771394986258,0.4093984365286648,2.25,1.8406015634713353,0.5,2.25,1.588360800739473,0.5010102065119127,2.25,1.7489897934880871,0.5763888888888888,2.25,1.237217124446543,0.354527600034052,2.25,1.895472399965948,0.4166666666666667,2.25,1.434289087093856,0.4590552000681049,2.25,1.790944799931895,0.5,2.25,1.6040100912758233,0.563582800102157,2.25,1.686417199897843,0.5763888888888888,2.25,0.18590914398611114,0.015588784000000189,0.015500758256640004,5.9072750069197094e-05,1.500232047247361,1.551076572943804,0.5198412698412699,77,12.833333333333332,0.0,0.0,0.21585356529870134,0.046852181000000215,-0.026063826999999762,0.5309057939999997,-0.0006240591087995,0.0022898994705435,1.8915735738929264e-06,9.585815439880884e-06,1.4181107891079212,2.25,0.354194834998205,2.25,0.5584415584415584,1.4755049292827525,2.25,0.4691865160301736,2.25,0.5584415584415584,1.5478933116341864,2.25,0.6077922519573788,2.25,0.5584415584415584,1.4318647321178257,2.25,0.3831851256358461,2.25,0.5584415584415584,1.4968463473525353,2.25,0.5163702512716934,2.25,0.5584415584415584,1.5625448549276273,2.25,0.6495553769075396,2.25,0.5584415584415584,0.09080729949999977,0.0072269996085536,4.274634786085898e-05,2.25,False,False,-0.0031496899999998718,-0.015095102000000082,2.25,2.25,0.0008030180728812,7.270529446951274e-06,1,1,False,False,-0.0001910734999999164,-0.015095102000000082,2.25,2.25,0.00020004285956044996,4.5810515104221e-06,2,2,False,False,True,True,False,False
2024-03-03,Persistent stratification,Persistent stratification,Persistent stratification,0.639021104,0.8854596670000001,0.41581650000000003,0.44349241466666656,0.44175112950000006,0.4696431670000001,0.0,0.08430242461714478,0.1153538777765454,0.0530427296057757,0.0533496644022145,0.0632246467594857,0.000446972191741,0.000586014549323,0.00027536077952055,0.0003149382390841,0.33380172496354077,0.3046996168032067,0.3721221988438701,0.06742258204066343,0.0,0.3608853720077756,0.42483960803578996,0.3613957369338244,0.5104007965483679,0.14900505961454352,0.0,0.48501952747250304,0.5327283908518685,0.421336687638724,0.6920437120417403,0.2707070244030163,0.0,0.6448826192034538,0.3606228953321454,0.3235593458751054,0.405102098577614,0.0815427527025086,0.0,0.3961610699519278,0.47124579066429184,0.3971186917502114,0.5602041971552294,0.16308550540501798,0.0,0.5423221399038568,0.5818686859964373,0.4706780376253168,0.7153062957328435,0.24462825810752675,0.0,0.6884832098557847,0.23833341284722234,0.10428854350000005,0.02364508163286275,0.00011947905557518719,1.4102771394986258,0.3161185071811464,0.4236111111111111,77,12.833333333333332,0.0,0.0,0.6104483691688312,0.465469068,0.41581650000000003,0.8281040410000005,0.0521292310170597,0.05625180961181285,0.0002710763102389,0.00027940760513205,0.339581024756874,0.3554367119044014,0.3078397956853745,0.3721221988438701,0.0,0.4378255811076195,0.4720988835001197,0.3681065006252638,0.5104007965483679,0.0,0.5573264820113235,0.6148148702520531,0.4321374639989956,0.6920437120417403,0.0,0.36733315953953705,0.3872718934757583,0.3276873792240924,0.405102098577614,0.0,0.48466631907907515,0.5245437869515179,0.4053747584481856,0.5602041971552294,0.0,0.6019994786186124,0.6618156804272763,0.4830621376722781,0.7153062957328435,0.0,0.11207120299999973,0.0087902289636573,5.184735093873654e-05,2.25,True,True,0.4390320590000001,0.41581650000000003,0.4843917345789017,0.4896782057434762,0.0521292310170597,0.0002737612685756,1,1,True,True,0.4407103704999997,0.41581650000000003,0.48718524878401337,0.5011437786270648,0.0528929151078565,0.00027241878940725,2,2,True,True,True,True,True,True
2024-03-04,Persistent stratification,Persistent stratification,Persistent stratification,0.8068737023472222,0.8731345570000002,0.7380844090000007,0.7900203865000002,0.7926374335000004,0.13505014799999948,0.0,0.11643093495142498,0.1230581488393668,0.1116578285515037,0.11183498931927735,0.0120941427522811,0.0005923966407589,0.0006260006034448,0.000566192419871,6.562396060410007e-05,0.31211356516024324,0.3058428375215881,0.3234283654407054,0.017585527919117327,0.0,0.31358739273884106,0.37713403194595735,0.3639075611435531,0.4011779061533584,0.037270345009805306,0.0,0.38024601869866687,0.4466745095894351,0.4253928025517335,0.4859179811154433,0.060525178563709814,0.0,0.4516903742273114,0.33220104706965015,0.3252924482168354,0.3450356159751027,0.019743167758267288,0.0,0.33383708945664625,0.41440209413930096,0.4005848964336715,0.4400712319502063,0.0394863355165348,0.0,0.4176741789132933,0.49660314120895116,0.4758773446505071,0.5351068479253092,0.05922950327480209,0.0,0.5015112683699396,0.2713301256041667,0.25941570599999997,0.02432839140369941,0.0001442469012808,0.6548438380260531,0.3161185071811464,0.28273809523809523,83,13.833333333333332,0.0,0.0,0.8052633166626507,0.7997967429999999,0.7587291290000007,0.8597740609999995,0.1109640060870857,0.1123582484151416,0.0005603766428407,0.0005685318127259,0.312170955998113,0.3125199356300522,0.3058428375215881,0.3187755612213756,0.0,0.3772542989050819,0.3779862548946314,0.3639075611435531,0.3912577518659745,0.0,0.4468762812099688,0.4480840108151452,0.4253928025517335,0.4696428553324498,0.0,0.332353080666744,0.3325837641380078,0.3252924482168354,0.3398699382123321,0.0,0.41470616133348875,0.4151675282760162,0.4005848964336715,0.429739876424665,0.0,0.4970592420002328,0.497751292414024,0.4758773446505071,0.5196098146369972,0.0,0.2629557370000004,0.022805213081667948,0.0001279599491834,0.6434065539857218,True,True,0.7804059040000002,0.7663515720000005,0.3794929994594738,0.3837468733543996,0.1118113102140109,0.0005628915460371,1,1,True,True,0.7896617825000005,0.7587291290000007,0.3785758192237124,0.3912577518659745,0.1113876581505483,0.0005657832210256,2,2,True,True,True,True,True,True
2024-03-05,Persistent stratification,Persistent stratification,Persistent stratification,0.8272722832569444,0.9599239800000001,0.7279775760000007,0.7775701128333332,0.7743965504999997,0.23194640399999944,0.0,0.12388692280861942,0.1358703265711885,0.1111146351052859,0.11346432837627779,0.024755691465902604,0.00065286401041175,0.0007323855543006,0.0006041022716158,0.00015062889863549998,0.30836945541543115,0.2930415291054015,0.3281561037865443,0.03511457468114282,0.0,0.30997544158317486,0.36924909561779373,0.3371736657696162,0.4111108309549994,0.07393716518538318,0.0,0.3726012002587952,0.43402641221668675,0.3829669020085355,0.5015427987180248,0.11857589670948926,0.0,0.4394063510490157,0.3280587258037952,0.3102396878627078,0.3480319284540395,0.03779224059133174,0.0,0.33069047300888715,0.40611745160759116,0.3704793757254162,0.4460638569080799,0.0755844811826637,0.0,0.4113809460177751,0.4841761774113864,0.430719063588124,0.5440957853621194,0.11337672177399544,0.0,0.4920714190266622,0.28228349050694446,0.2597634649999998,0.02815226186562743,0.00015764768694895,0.6154476005400578,0.3071705532014657,0.21428571428571427,79,13.166666666666666,0.0,0.0,0.8238660452911392,0.8154714319999998,0.7326699689999998,0.9599239800000001,0.1111146351052859,0.1187067485927833,0.0005817566556651,0.0006266139480008,0.3082593789365882,0.309323515991633,0.2930415291054015,0.3206187886582238,0.0,0.36902579650099027,0.3712351998540051,0.3371736657696162,0.3951616432523639,0.0,0.4336916345955171,0.4371674909595107,0.3829669020085355,0.4759000005492687,0.0,0.32794921935988675,0.3293140588971065,0.3102396878627078,0.3413423332422757,0.0,0.4058984387197742,0.4086281177942138,0.3704793757254162,0.4326846664845523,0.0,0.483847658079661,0.4879421766913203,0.430719063588124,0.524026999726828,0.0,0.278329501,0.0231862006173221,0.00015095619029199998,0.5863959916745942,True,True,0.789763175,0.7534236730000003,0.3676273034464539,0.3830633453596551,0.1194421703423563,0.0006287645931113,1,1,True,True,0.7909369774999999,0.7534236730000003,0.36925460095289525,0.3830633453596551,0.11808843078529455,0.00062768927055605,2,2,True,True,True,True,True,True
2024-03-06,Persistent stratification,Persistent stratification,Persistent stratification,1.0883296474097222,1.426989593,0.708743739,0.8684027530833333,0.8734228049999997,0.7182458540000001,0.0,0.17486593825600197,0.2130971469114942,0.1288565598461963,0.1304386480390559,0.08599992216406399,0.000970746252302,0.0011813238108259,0.0007172947729546,0.0004916193528391001,0.29441540478042977,0.2793473059289314,0.3217162625176931,0.042368956588761664,0.0,0.30352730163277764,0.34019509260371295,0.3090996906696773,0.3975025970102021,0.08840290634052478,0.0,0.35907462520452965,0.38797383247906425,0.3394273903264639,0.479753471681465,0.14032608135500108,0.0,0.41763219571285354,0.3100653831410751,0.2917190283930319,0.3426481715444189,0.050929143151387024,0.0,0.32173460775525214,0.3701307662821506,0.3334380567860638,0.4352963430888387,0.10185828630277488,0.0,0.39346921551050495,0.43019614942322615,0.3751570851790965,0.5279445146332576,0.15278742945416113,0.0,0.4652038232657571,0.639021104,0.44175112950000006,0.08430242461714478,0.000446972191741,0.42483960803578996,0.14900505961454352,0.21428571428571427,77,12.833333333333332,0.0,0.0,1.0336129155324676,0.9858622060000002,0.7300450830000003,1.3394140099999996,0.1270972247474302,0.1427600475332734,0.0006897044579868,0.0007955947488808,0.2970312299149976,0.2962197906658689,0.2834955080334319,0.3195909595699455,0.0,0.3456166541643613,0.3438313806181192,0.3176409940614852,0.3929718394648572,0.0,0.3965146009310097,0.3934779126903883,0.352657524637946,0.4723023557552465,0.0,0.31349015773925554,0.313031802469021,0.2959829419195575,0.3401111566172449,0.0,0.37698031547851146,0.3760636049380426,0.3419658838391149,0.4302223132344906,0.0,0.4404704732177675,0.4390954074070636,0.3879488257586733,0.5203334698517357,0.0,0.465469068,0.05625180961181285,0.00027940760513205,0.4720988835001197,True,True,0.9206811684999998,0.795811338,0.3491406008299806,0.3616996115605813,0.1501370408791868,0.0009181242917045,1,1,True,True,0.9206811684999998,0.7300450830000003,0.3493442332858996,0.3842815112733027,0.1464485442062301,0.0008568595202926501,2,2,True,True,True,True,True,True
2024-03-07,Persistent stratification,Persistent stratification,Persistent stratification,1.511542936574627,1.9939254890000004,1.1343861079999993,1.1788683239166666,1.1807706914999994,0.8595393810000012,0.0,0.29165952478186513,0.3973969797046177,0.2015714354816691,0.20198881487653148,0.1958255442229486,0.001259914834286,0.0017319730640861,0.00106630425657725,0.0006904141472881,0.28634174748798324,0.2773812792219954,0.2946068145360659,0.017225535314070506,0.0,0.2912598077897668,0.3235300251375131,0.3052120304167154,0.3405541655055564,0.03534213508884099,0.0,0.3336279970990004,0.36180780641445043,0.3335865604747193,0.3882898023905985,0.05470324191587922,0.0,0.3774881265970853,0.2976388174647202,0.2863275469140696,0.3084853168061998,0.022157769892130197,0.0,0.30504003852999995,0.34527763492944047,0.3226550938281392,0.3669706336123995,0.04431553978426034,0.0,0.3600800770599999,0.3929164523941615,0.3589826407422094,0.4254559504186004,0.06647330967639098,0.0,0.4151201155900008,0.8068737023472222,0.7743965504999997,0.11643093495142498,0.0005923966407589,0.37713403194595735,0.08840290634052478,0.2123015873015873,76,12.666666666666666,0.0,0.0,1.4969872096315788,1.2469413404999994,1.1476379250000006,1.9939254890000004,0.2015714354816691,0.20818021822028565,0.0010583178687494,0.0011108750347691501,0.286502053071282,0.2863735877026935,0.2773812792219954,0.2944363416133437,0.0,0.3238616168230983,0.32353204917705886,0.3052120304167154,0.340199003603804,0.0,0.3623334729182388,0.3617666538444248,0.3335865604747193,0.3877461056096493,0.0,0.2980177672963125,0.2998247354587711,0.2863275469140696,0.3084853168061998,0.0,0.3460355345926251,0.34964947091754217,0.3226550938281392,0.3669706336123995,0.0,0.39405330188893845,0.3994742063763142,0.3589826407422094,0.4254559504186004,0.0,0.7997967429999999,0.1123582484151416,0.0005685318127259,0.3779862548946314,True,True,1.1992154454999993,1.1634759409999997,0.3315671541921966,0.340155753713465,0.2043428300295151,0.0010686090825326,1,1,True,True,1.183603722,1.1476379250000006,0.33274027163208475,0.340155753713465,0.20295713275559207,0.0010634634756409998,2,2,True,True,True,True,True,True
2024-03-08,Persistent stratification,Persistent stratification,Persistent stratification,2.1085642327430554,2.533507029999999,1.7766626249999993,1.8051108201666668,1.8084351640000005,0.7568444049999998,0.0,0.48467358881771433,0.5942754951317761,0.3865952175312754,0.3876863948694699,0.20807854985933905,0.00206322189303985,0.0024452456762337,0.00167864961087645,0.0007830190666574001,0.2796290918840016,0.273022538646057,0.2859847343623738,0.012962195716316793,0.0,0.2826187328710082,0.30980013962754765,0.2963613612572938,0.3227651397478236,0.026403778490529828,0.0,0.31590433596157647,0.3406028774759876,0.3200638753527458,0.3604824711458651,0.04041859579311935,0.0,0.34998407404755083,0.2872577743636515,0.2799141748920795,0.2944180352574016,0.014503860365322141,0.0,0.29140008851886484,0.32451554872730304,0.3098283497841589,0.3388360705148032,0.029007720730644282,0.0,0.33280017703772974,0.3617733230909552,0.339742524676239,0.3832541057722056,0.04351158109596659,0.0,0.3742002655565954,0.8272722832569444,0.7926374335000004,0.12388692280861942,0.00065286401041175,0.36924909561779373,0.07393716518538318,0.07142857142857142,75,12.5,0.0,0.0,2.0931657086666666,1.8537699729999995,1.7766626249999993,2.533507029999999,0.3861969452724371,0.39154543680574494,0.0016622266095763,0.0016928506442097,0.28006123220851586,0.2818142308254019,0.2739720643820927,0.2859847343623738,0.0,0.31068433352800817,0.3142615012335121,0.2982893171481616,0.3227651397478236,0.0,0.34196456884799215,0.3474618263192101,0.322998722960191,0.3604824711458651,0.0,0.28781306370436954,0.2906149519954132,0.2805002305231822,0.2944180352574016,0.0,0.32562612740873914,0.3312299039908264,0.3110004610463644,0.3388360705148032,0.0,0.36343919111310935,0.3718448559862404,0.3415006915695471,0.3832541057722056,0.0,0.8154714319999998,0.1187067485927833,0.0006266139480008,0.3712351998540051,True,True,1.7932599120000003,1.7802136830000004,0.31657914527656006,0.3189887489564776,0.3861969452724371,0.0016739647751682,1,1,True,True,1.7956768755000008,1.7766626249999993,0.3158837473257819,0.3189887489564776,0.3863960814018562,0.0016760514860056,2,2,True,True,True,True,True,True
2024-03-09,Persistent stratification,Persistent stratification,Persistent stratification,2.5648476375416664,2.7626091410000004,2.3471420199999997,2.3886136268333336,2.3868616585000004,0.4154671210000007,0.0,0.6551213099179377,0.7190687430606464,0.5891447249607621,0.5900271054564159,0.1305068194059601,0.00274104099011595,0.0028560794838654,0.0023890670575326496,0.0004986264957953001,0.27560472420688004,0.2724571154076695,0.2792499349494948,0.006792819541825312,0.0,0.27703549957322104,0.30159646866925405,0.2952152407760137,0.3089926176846314,0.013777376908617689,0.0,0.30450906949237955,0.32802319637218247,0.3183135455868929,0.339289691201701,0.020976145614808095,0.0,0.33248049975824706,0.2817108930799208,0.2786898264686435,0.2855029177746345,0.006813091305991004,0.0,0.2837131365216268,0.3134217861598417,0.3073796529372869,0.321005835549269,0.013626182611982063,0.0,0.31742627304325355,0.3451326792397631,0.3360694794059309,0.3565087533239041,0.020439273917973177,0.0,0.351139409564881,1.0883296474097222,0.8734228049999997,0.17486593825600197,0.000970746252302,0.34019509260371295,0.037270345009805306,0.0,75,12.5,0.0,0.0,2.5358238457200004,2.4263423729999998,2.3471420199999997,2.7626091410000004,0.5885619236546863,0.5924188130084568,0.0023574529880701,0.00239452713209425,0.2760766003060409,0.276142714071323,0.2738120386584136,0.2792499349494948,0.0,0.3025552985511737,0.3026977533614407,0.2979555569335196,0.3089926176846314,0.0,0.32948686553034234,0.3297229900721333,0.3224679649203438,0.339289691201701,0.0,0.2822776717423386,0.2829321886703477,0.2794715719910275,0.2855029177746345,0.0,0.3145553434846771,0.3158643773406954,0.308943143982055,0.321005835549269,0.0,0.3468330152270163,0.3487965660110437,0.338414715973083,0.3565087533239041,0.0,0.9858622060000002,0.1427600475332734,0.0007955947488808,0.3438313806181192,True,True,2.3681514775000005,2.3471420199999997,0.30511142126010454,0.3089926176846314,0.5916877273105398,0.0023603020317549,1,1,True,True,2.3816807410000007,2.3471420199999997,0.30476581183000245,0.3089926176846314,0.5912986066313047,0.0023771992671832,2,2,True,True,True,True,True,True
2024-03-10,Persistent stratification,Persistent stratification,Persistent stratification,2.562531644736111,2.8843438690000003,2.2049222420000003,2.5112283517500003,2.5136667384999996,0.679421627,0.0,0.7299065997924225,0.8047608896306762,0.6568022267110251,0.6691245593044289,0.1919760751502837,0.0024043827702364,0.0030320938351293,0.00244735311175575,0.0010806726936591,0.28297414279793404,0.2719386251644748,0.2904816560185531,0.01854303085407827,0.0,0.27895639404800543,0.3163953032869861,0.2941611994887435,0.3314367744748336,0.03727557498609013,0.0,0.3083787907429232,0.35030172496202927,0.3166999190561189,0.3728941093303392,0.05619419027422029,0.0,0.3383200239272679,0.2872586568736458,0.2775524222152399,0.2946611414939366,0.01710871927869667,0.0,0.2846960705121982,0.32451731374729165,0.3051048444304799,0.3393222829878733,0.0342174385573934,0.0,0.3193921410243964,0.36177597062093814,0.3326572666457204,0.3839834244818108,0.0513261578360904,0.0,0.3540882115365952,1.511542936574627,1.1807706914999994,0.29165952478186513,0.001259914834286,0.3235300251375131,0.037270345009805306,0.0,76,12.666666666666666,0.0,0.0,2.648497862,2.6630500450000003,2.331856835,2.8843438690000003,0.6339120425834419,0.7372132010716004,0.0021743158224438,0.00240806044421725,0.2805691766590282,0.28238061920817314,0.2719386251644748,0.2866775138940817,0.0,0.31154009702851293,0.3153105954016695,0.2941611994887435,0.323728216930419,0.0,0.34294836168333,0.3488509613730312,0.3166999190561189,0.3611716724493078,0.0,0.2850577408827784,0.2875030028223605,0.2775524222152399,0.2898976420885319,0.0,0.3201154817655568,0.32500600564472104,0.3051048444304799,0.3297952841770638,0.0,0.35517322264833584,0.3625090084670822,0.3326572666457204,0.3696929262655964,0.0,1.2469413404999994,0.20818021822028565,0.0011108750347691501,0.32353204917705886,True,True,2.3765216165,2.331856835,0.3153105954016695,0.3199229768228714,0.6339120425834419,0.0021743158224438,1,1,True,True,2.4193552190000007,2.331856835,0.3128296989953188,0.3199229768228714,0.6453571346472335,0.0022685300504443,2,2,True,True,True,True,True,True
2024-03-11,Persistent stratification,Persistent stratification,Persistent stratification,2.9698935700347224,3.4892712049999997,2.6210891720000014,2.648937859916667,2.6517040775000007,0.8681820329999983,0.0,0.950627239483071,1.1390117723096858,0.8089836250848483,0.8099987989123911,0.3335095876018779,0.0027867432623768,0.0033866114167639,0.0023633529025917,0.0010341022573024002,0.2823086179613554,0.2713016807295414,0.3017441406252636,0.030442459895722196,0.0,0.28579970695715906,0.31490192532645,0.2928645452484165,0.3519381798070344,0.059073634558617916,0.0,0.32199119929929076,0.3477995793108502,0.3147141726167885,0.4007559684833224,0.08604179586653388,0.0,0.3585969761765103,0.28499860600030763,0.276286422420905,0.2960094867880996,0.019723064367194565,0.0,0.28875081359031696,0.31999721200061526,0.3025728448418102,0.3420189735761992,0.03944612873438902,0.0,0.3275016271806339,0.35499581800092345,0.3288592672627157,0.3880284603642996,0.05916919310158392,0.0,0.36625244077095165,2.1085642327430554,1.8084351640000005,0.48467358881771433,0.00206322189303985,0.3163953032869861,0.03727557498609013,0.0,75,12.5,0.0,0.0,2.9600824150266667,2.6671595099999994,2.6238022769999993,3.4892712049999997,0.8055021847078079,0.8155917457649264,0.0023525091594615,0.0023767781526209,0.2827196502662198,0.2853310086993502,0.2730012073216913,0.2919069398812565,0.0,0.31574817215109696,0.3210715611242264,0.2962777957101928,0.3338650466099889,0.0,0.3491045337673114,0.3572469535126097,0.3198517686704484,0.3758746046402789,0.0,0.28545837835748056,0.2884280789558311,0.2768494968476783,0.2921897134635403,0.0,0.3209167567149611,0.3268561579116623,0.3036989936953566,0.3343794269270806,0.0,0.3563751350724423,0.3652842368674941,0.3305484905430355,0.3765691403906216,0.0,1.8537699729999995,0.39154543680574494,0.0016928506442097,0.3210715611242264,True,True,2.6460389844999996,2.6309295830000003,0.3228208365435553,0.3338650466099889,0.820169518789919,0.0023608517546141,1,1,True,True,2.6505942135,2.6298725869999995,0.3224883319175353,0.3338650466099889,0.8155917457649264,0.0023566804570378,2,2,True,True,True,True,True,True
2024-03-12,Persistent stratification,Persistent stratification,Persistent stratification,3.7208339486249997,4.056343507999999,3.320944462,3.59705763725,3.6002687025,0.7353990459999995,0.0,1.3147050588854523,1.468175716651465,1.1868435231329677,1.1961394846094087,0.3368596025644861,0.0038965728970798497,0.0042924463250474,0.0039003207083618497,0.0009065961375499996,0.27564900459751807,0.270797396560664,0.283695717325998,0.012898320765334037,0.0,0.27293042437490184,0.30150380672014404,0.2918140723672468,0.3172292742067438,0.02541520183949697,0.0,0.29611870793759987,0.32757540341856006,0.3130651562136851,0.3506040110160667,0.037538854802381616,0.0,0.3195832040370511,0.2781381319820778,0.2744654351353789,0.2835414691060159,0.009076033970636999,0.0,0.2768162559969009,0.3062762639641557,0.2989308702707578,0.3170829382120319,0.018152067941274053,0.0,0.30363251199380176,0.33441439594623407,0.3233963054061372,0.3506244073180484,0.027228101911911218,0.0,0.3304487679907031,2.562531644736111,2.3868616585000004,0.6551213099179377,0.0024043827702364,0.31490192532645,0.03534213508884099,0.0,75,12.5,0.0,0.0,3.7090497072133335,3.642805943999999,3.320944462,4.002154431000001,1.131316114086979,1.2058122589444396,0.0033858501874974,0.0039156699990597,0.2754065023375436,0.2749738919583344,0.2716566938005541,0.2823987751939992,0.0,0.3010315378699424,0.3001663606071902,0.2935600643935694,0.3149463342967147,0.0,0.32688714571499816,0.3255423632359995,0.3157291662528091,0.3476459434445789,0.0,0.27806936782548314,0.2773243146846014,0.2757241539701331,0.2835414691060159,0.0,0.30613873565096633,0.3046486293692028,0.3014483079402662,0.3170829382120319,0.0,0.33420810347645,0.3319729440538047,0.3271724619103997,0.3506244073180484,0.0,2.4263423729999998,0.5924188130084568,0.0023767781526209,0.3153105954016695,True,True,3.611521614499999,3.5804199289999996,0.2957859936982501,0.3042148838590972,1.2061890718030297,0.0039119221877777,1,1,True,True,3.608698218,3.5700558989999998,0.2957859936982501,0.3042148838590972,1.2058122589444396,0.0039156699990597,2,2,True,True,True,True,True,True
2024-03-13,Persistent stratification,Persistent stratification,Persistent stratification,4.186430190111111,4.482433384,3.891124185999999,3.995751512583333,3.9847966674999995,0.5913091980000011,0.0,1.5724976000209907,1.6855797440330849,1.4542133642724655,1.461603416504164,0.23136637976061936,0.0047382043377804505,0.0051124690704396,0.0043146938735323,0.0009886015115301997,0.27314651832170384,0.267931245201035,0.2839642749395888,0.016033029738553806,0.0,0.27373999649658814,0.29646601754794744,0.2860411014285735,0.3174393888161819,0.031398287387608415,0.0,0.29770008852853463,0.3199670075027024,0.304342997658632,0.350453218339321,0.04611022068068904,0.0,0.32189174602227333,0.27549100391951425,0.271867257733395,0.2810449635383111,0.009177705804916114,0.0,0.2765229100711166,0.3009820078390285,0.2937345154667899,0.3120899270766222,0.018355411609832284,0.0,0.30304582014223325,0.3264730117585432,0.3156017732001853,0.3431348906149338,0.02753311741474851,0.0,0.32956873021335037,2.5648476375416664,2.5136667384999996,0.7299065997924225,0.00274104099011595,0.30980013962754765,0.031398287387608415,0.0,76,12.666666666666666,0.0,0.0,4.141058653934211,4.0558441165,3.891124185999999,4.466944123999999,1.4542133642724655,1.4739624403873348,0.0041238675589094,0.004368539638933,0.27384601301980266,0.2739496864871922,0.2695510548662068,0.2785634165306385,0.0,0.2978715609890814,0.2980786691347621,0.2892998135229285,0.3072296325213545,0.0,0.32208467798332086,0.32239413656959504,0.3092571422097833,0.3360004024693738,0.0,0.27610799930707564,0.276181338177762,0.2729113506414412,0.2794610153784908,0.0,0.30221599861415127,0.302362676355524,0.2958227012828824,0.3089220307569816,0.0,0.3283239979212274,0.3285440145332865,0.318734051924324,0.338383046135473,0.0,2.6630500450000003,0.7372132010716004,0.00239452713209425,0.3142615012335121,True,True,4.0359173525,3.966696445,0.29815917538223446,0.3014684709333035,1.478931412038807,0.0044022983195562,1,1,True,True,4.0075595889999995,3.9454921879999993,0.2974074798904026,0.3052887616059435,1.4665723881556363,0.0043484525541555,2,2,True,True,True,True,True,True
2024-03-14,Persistent stratification,Persistent stratification,Persistent stratification,4.436411250381944,4.652518324000001,4.202078985,4.327984414,4.3281848145,0.45043933900000077,0.0,1.7904659288566485,1.934321692945831,1.6692339538280674,1.669603651178662,0.27800557042567986,0.00479930613179905,0.0050588068659064,0.00474581245068355,0.0006706551359635,0.2746828400849348,0.2699572427847701,0.2809773519270404,0.011020109142270251,0.0,0.27318947540990374,0.29947827124636894,0.2901100219061251,0.3117987283264321,0.021688706420306958,0.0,0.2965571998213914,0.3243903452051289,0.3104705476845731,0.3424674724121167,0.03199692472754362,0.0,0.3201105090737174,0.2760275375483315,0.2733017819748822,0.2798662785165466,0.006564496541664411,0.0,0.2753641691426185,0.3020550750966631,0.2966035639497644,0.3097325570330932,0.013128993083328822,0.0,0.30072833828523704,0.32808261264499505,0.3199053459246471,0.3395988355496403,0.019693489624993232,0.0,0.3260925074278559,2.9698935700347224,2.6517040775000007,0.950627239483071,0.0027867432623768,0.30159646866925405,0.026403778490529828,0.0,74,12.333333333333332,0.0,0.0,4.453557100527027,4.3825539104999995,4.253841214000001,4.652518324000001,1.656316122520151,1.6716855573929528,0.0046366432060105,0.00481824167505805,0.2740293814919146,0.274092127798765,0.2699572427847701,0.2771841263298154,0.0,0.2981874999650981,0.29832828702318126,0.2901100219061251,0.3043334257950564,0.0,0.32247914873191535,0.3227087213529247,0.3104705476845731,0.3314480957869352,0.0,0.27561258114048093,0.2757091291366097,0.2733017819748822,0.2773009115424911,0.0,0.3012251622809619,0.3014182582732196,0.2966035639497644,0.3046018230849823,0.0,0.3268377434214433,0.32712738740982983,0.3199053459246471,0.3319027346274739,0.0,2.6671595099999994,0.8155917457649264,0.00240806044421725,0.3026977533614407,True,True,4.304494064,4.253841214000001,0.29751802616655676,0.3020030506408124,1.6627630126073178,0.0046366432060105,1,1,True,True,4.316519062,4.253841214000001,0.296669388928517,0.3020030506408124,1.6663681805682873,0.00470611262422875,2,2,True,True,True,True,True,True
2024-03-15,Persistent stratification,Persistent stratification,Persistent stratification,4.939928530576389,5.266486421,4.585759632,4.693389854333334,4.690510555500001,0.6807267889999995,0.0,2.125566217564868,2.307036388259173,1.9503209908063537,1.9545896890231216,0.3855307212993748,0.0057690828132387,0.0062846042385828,0.0050971381570256,0.0014157001862455006,0.2723364718014255,0.2685080703010745,0.2774994248790075,0.008991354577932986,0.0,0.2743717307293818,0.2947797561656129,0.287151173073921,0.304974207127459,0.017823034053537967,0.0,0.2988510547089459,0.31733295235359354,0.3059348693198564,0.3324244449396246,0.02648957561976817,0.0,0.32344036991486774,0.2737004333261873,0.2707315554761269,0.2772905270972636,0.006558971621136722,0.0,0.2754863082788178,0.29740086665237464,0.2914631109522538,0.3045810541945273,0.0131179432422735,0.0,0.30097261655763574,0.3211012999785624,0.312194666428381,0.3318715812917915,0.0196769148634105,0.0,0.326458924836454,3.7208339486249997,3.6002687025,1.3147050588854523,0.0038965728970798497,0.30150380672014404,0.02541520183949697,0.0,75,12.5,0.0,0.0,4.9036766226,4.742892548,4.585759632,5.266486421,1.921505666959798,1.9654213278448174,0.0048689040523373,0.0051364346505557,0.2731164222557206,0.2728439988287305,0.2693196909042445,0.2774994248790075,0.0,0.296330432365396,0.2958436755437255,0.2887804087354433,0.304974207127459,0.0,0.3196445021473171,0.3189961481731972,0.3083878726557037,0.3324244449396246,0.0,0.2742931236205615,0.2743751909735274,0.2715237838543398,0.2772905270972636,0.0,0.2985862472411231,0.2987503819470548,0.2930475677086797,0.3045810541945273,0.0,0.32287937086168506,0.3231255729205826,0.3145713515630199,0.3318715812917915,0.0,3.642805943999999,1.2058122589444396,0.0039156699990597,0.3001663606071902,True,True,4.727420227999999,4.6765576719999995,0.29816981350646965,0.3034108232481738,1.9719842684497455,0.0051482105272307,1,1,True,True,4.70184911,4.657398928999999,0.2983446976729818,0.3037516833530328,1.9654213278448174,0.0051089140337006005,2,2,True,True,True,True,True,True
2024-03-16,Persistent stratification,Persistent stratification,Persistent stratification,5.416124834104167,5.598887749999999,5.17176772,5.3162042136666665,5.3119673245,0.4271200299999993,0.0,2.435251691424983,2.5340505768119863,2.3528578025512537,2.3561493881211915,0.22038886863562412,0.00666679635769055,0.0069466041258875,0.00629199747204005,0.0009108869552467008,0.26967835636712023,0.2679401416501245,0.2730848546820839,0.0051447130319594025,0.0,0.2701863751249358,0.289472077123625,0.2860066496081864,0.2962337628202891,0.010227113212102734,0.0,0.29049684428156264,0.3093848148536537,0.3042045416942086,0.3194475643408674,0.015243022646658833,0.0,0.31093540425949706,0.2713686970477919,0.2699935192207056,0.2737845002500702,0.003790981029364593,0.0,0.27197897532088533,0.29273739409558375,0.2899870384414112,0.2975690005001403,0.007581962058729075,0.0,0.29395795064177077,0.31410609114337606,0.3099805576621173,0.3213535007502109,0.011372943088093612,0.0,0.3159369259626566,4.186430190111111,3.9847966674999995,1.5724976000209907,0.0047382043377804505,0.29947827124636894,0.02541520183949697,0.0,77,12.833333333333332,0.0,0.0,5.394401155077922,5.35337839,5.17176772,5.598887749999999,2.313661708176362,2.370282419293394,0.0060357171706408,0.0063479717023994,0.27004297176649145,0.2698525198428441,0.2679680743060068,0.2730848546820839,0.0,0.2901984147145178,0.2898098805889241,0.2860565465631947,0.2962337628202891,0.0,0.31046974432624486,0.3098749083131937,0.304269880553819,0.3194475643408674,0.0,0.2716488309194828,0.2714910224670716,0.2699935192207056,0.2737845002500702,0.0,0.2932976618389655,0.2929820449341431,0.2899870384414112,0.2975690005001403,0.0,0.31494649275844866,0.3144730674012151,0.3099805576621173,0.3213535007502109,0.0,4.0558441165,1.4739624403873348,0.004368539638933,0.29832828702318126,True,True,5.351012775,5.2811942,0.28990046525231694,0.2922804155026463,2.3752005905473905,0.0064407682646037,1,1,True,True,5.351012775,5.2811942,0.2903068211617082,0.2931271376695917,2.372741504920392,0.00639436998350155,2,2,True,True,True,True,True,True
2024-03-17,Persistent stratification,Persistent stratification,Persistent stratification,5.753248056736111,6.071847740000001,5.534209039999999,5.6713511325,5.6647513,0.5376387000000022,0.0,2.621555304281657,2.7232416023891237,2.5869151793113114,2.5871880434926364,0.19009337945575489,0.0073067093523818995,0.0082959279757582,0.0070855495979129,0.0015097844841598,0.26758045301467553,0.263730794678079,0.2726915298518949,0.008960735173815904,0.0,0.2686408456238571,0.2852758071759435,0.2775634559483048,0.2953884209830507,0.0178249650347459,0.0,0.287396579578891,0.3030904394565959,0.2915035509638715,0.3180906791156356,0.026587128151764117,0.0,0.30627098531260855,0.2696364604828529,0.2666584249109422,0.2727481718863878,0.006089746975445565,0.0,0.2704350531111701,0.28927292096570567,0.2833168498218838,0.2954963437727756,0.012179493950891795,0.0,0.2908701062223404,0.30890938144855884,0.299975274732826,0.3182445156591638,0.018269240926337804,0.0,0.3113051593335109,4.436411250381944,4.3281848145,1.7904659288566485,0.00479930613179905,0.29646601754794744,0.021688706420306958,0.0,80,13.333333333333332,0.0,0.0,5.740699464625,5.69733185,5.534209039999999,6.071847740000001,2.533148222933369,2.5871880434926364,0.0067861434915984,0.00714743663034775,0.26774740076807024,0.26804795953495175,0.264299465685503,0.2703414505643635,0.0,0.28560936406710236,0.28621634990186784,0.2787053181371881,0.290760193848715,0.0,0.30359014637580495,0.3045096046642903,0.2932230169654936,0.3112576626646236,0.0,0.2697627851737988,0.27002909778436784,0.2670780385308491,0.2715493749774027,0.0,0.2895255703475974,0.2900581955687357,0.2841560770616976,0.2930987499548054,0.0,0.30928835552139644,0.3100872933531039,0.3012341155925467,0.3146481249322085,0.0,4.3825539104999995,1.6716855573929528,0.00481824167505805,0.2980786691347621,True,True,5.648897745,5.6290642800000015,0.28720643680950053,0.2881121763631537,2.585267792205661,0.0071447917938061,1,1,True,True,5.651066125000001,5.6290642800000015,0.2873543379273392,0.2881121763631537,2.5831114538061684,0.00714743663034775,2,2,True,True,True,True,True,True
2024-03-18,Persistent stratification,Persistent stratification,Persistent stratification,4.734428842638889,5.6728372700000005,3.8924909299999992,5.246008711666667,5.253994825,1.7803463400000012,0.0,2.313160856878698,2.5971435023687137,2.4181486002929,2.4362245973551357,0.45106302523372266,0.005390317588718449,0.0070559363394196,0.005771293563815999,0.0024353014077567996,0.34095440019492906,0.2681281272116013,0.6759287466628546,0.40780061945125334,0.0,0.2738936391052814,0.3951008440291304,0.286386660673826,0.7951897687057239,0.5088031080318979,0.0,0.297847280190756,0.44011459334730413,0.3047809104056077,0.8300044766264325,0.5252235662208249,0.0,0.3218616674362341,0.3062815569282534,0.2702238728524789,0.6185136348939393,0.3482897620414604,0.0,0.2745226992509625,0.3603692600051263,0.2904477457049579,0.7632298076163496,0.4727820619113917,0.0,0.29904539850192524,0.40852675584490095,0.3106716185574372,0.7837985991229628,0.4731269805655256,0.0,0.32356809775288825,4.734428842638889,4.690510555500001,2.125566217564868,0.005390317588718449,0.29646601754794744,0.021688706420306958,0.0,80,13.333333333333332,0.0,0.0,4.850410093125,5.105017044999999,3.8924909299999992,5.6728372700000005,2.146080477134991,2.3857359063005723,0.0051565154890404,0.0057558387434186,0.35410405641860954,0.2765933974081345,0.2681281272116013,0.6759287466628546,0.0,0.4080144940295982,0.3031960255385615,0.286386660673826,0.7951897687057239,0.0,0.4508292951182947,0.32980790255643044,0.3047809104056077,0.8300044766264325,0.0,0.31555189698061353,0.27649770117494243,0.2702238728524789,0.6185136348939393,0.0,0.37715485702874213,0.302995402349885,0.2904477457049579,0.7632298076163496,0.0,0.42808344405009324,0.3294931035248279,0.3106716185574372,0.7837985991229628,0.0,4.742892548,1.9654213278448174,0.0051364346505557,0.2980786691347621,True,True,5.044126360000001,5.004295389999999,0.30385483626260046,0.3125631404285343,2.3456852783407283,0.0051565154890404,1,1,True,True,5.09336598,5.004295389999999,0.303477199076667,0.3125631404285343,2.3657105923206503,0.0052675854112058,2,2,True,True,True,True,True,True
2024-03-19,Persistent stratification,Persistent stratification,Persistent stratification,3.542901129027778,3.8811095999999985,3.2021955900000005,3.4152786508333333,3.4132412200000006,0.678914009999998,0.0,1.916059217631501,2.123659335419393,1.8239758093757183,1.857469789019329,0.4056366357485106,0.004452271205991501,0.0058978918900111,0.0049491519821999,0.0016149831287727004,0.6091477492139784,0.4040851864930435,0.8386881675057976,0.4346029810127541,0.0,0.82192991139673,0.6895385609719227,0.4898478897872479,0.8695175973248497,0.37966970753760176,0.0,0.8568143970860942,0.7467202061966631,0.5571897765532008,0.8972702804561203,0.34008050390291955,0.0,0.8841658124738347,0.5354274030785319,0.3279912279834269,0.7830634336251706,0.4550722056417437,0.0,0.7724931258109642,0.62242875827095,0.4059824559668538,0.8066366271889532,0.40065417122209945,0.0,0.7969927718480514,0.6895639372252781,0.483973683950282,0.832420885810184,0.348447201859902,0.0,0.8213664818017263,4.734428842638889,4.690510555500001,2.125566217564868,0.005390317588718449,0.29646601754794744,0.021688706420306958,0.0,73,12.166666666666666,0.0,0.0,3.6490098305479455,3.7136211600000006,3.27924973,3.8811095999999985,1.7742368130917274,2.001329506186114,0.00437645529818,0.0047295298887787,0.6326741489008625,0.7394707421499113,0.4040851864930435,0.8386881675057976,0.0,0.6959481605479618,0.8112381651989042,0.4898478897872479,0.8695175973248497,0.0,0.7437271245285184,0.8431755238903355,0.5571897765532008,0.8972702804561203,0.0,0.5657627738095393,0.7300274498896993,0.3279912279834269,0.7830634336251706,0.0,0.6259045248540178,0.770582999569777,0.4059824559668538,0.8066366271889532,0.0,0.6788921963569412,0.7920595772549593,0.483973683950282,0.832420885810184,0.0,4.742892548,2.001329506186114,0.0051364346505557,0.2980786691347621,True,True,3.317156895,3.27924973,0.8585796912631426,0.8695175973248497,1.7742368130917274,0.0046235206050983,1,1,True,True,3.3626092649999997,3.27924973,0.8580524358597997,0.8695175973248497,1.7991063112337229,0.0047295298887787,2,2,True,True,True,True,True,True
2024-03-20,Persistent stratification,Persistent stratification,Persistent stratification,3.913024047152778,4.26401147,3.5663707799999997,3.8030836758333333,3.810696864999999,0.6976406900000001,0.0,2.1172773124685897,2.30614418434262,1.98754153315965,2.0015884659910803,0.38032299239102807,0.00434353418444955,0.0047172687423879,0.00419607474820105,0.0005519627710783995,0.39262167798496317,0.3325941984463509,0.4831832191768936,0.1505890207305427,0.0,0.3906677036695528,0.47424085839466223,0.4000264318185003,0.5909858329623208,0.19095940114382048,0.0,0.4742945182362997,0.5422789572243456,0.4592678305291341,0.6800982360768306,0.2208304055476965,0.0,0.5430099187637414,0.3267470209232971,0.3046036030143764,0.3794830025979204,0.074879399583544,0.0,0.3247376796325564,0.4034940418465942,0.3592072060287529,0.5089660051958409,0.149758799167088,0.0,0.3994753592651128,0.48024106276989276,0.4138108090431304,0.6384490077937637,0.2246381987506333,0.0,0.4742130388976705,4.734428842638889,4.690510555500001,2.125566217564868,0.005390317588718449,0.29947827124636894,0.021688706420306958,0.0,73,12.166666666666666,0.0,0.0,3.981347738767123,3.868221420000001,3.6438328099999993,4.26401147,1.950370728609496,2.023558719568287,0.0041738644501268,0.004285417155871,0.37799721292392097,0.3771687646767385,0.3325941984463509,0.4437364279034076,0.0,0.45611325054729085,0.4576666760329141,0.4000264318185003,0.5334637881454879,0.0,0.5214551703662436,0.5242378436788618,0.4592678305291341,0.6077520890009017,0.0,0.31966802515895243,0.3197037025254527,0.3046036030143764,0.3467945235207301,0.0,0.38933605031790486,0.3894074050509054,0.3592072060287529,0.4435890470414602,0.0,0.45900407547685856,0.4591111075763593,0.4138108090431304,0.5403835705621921,0.0,4.742892548,2.023558719568287,0.0051364346505557,0.29832828702318126,True,True,3.695686675,3.6438328099999993,0.5210566937055339,0.5334637881454879,1.950370728609496,0.0042162302528631,1,1,True,True,3.7436103449999996,3.6438328099999993,0.5052724510661852,0.5334637881454879,1.9689561308845729,0.00419504735149495,2,2,True,True,True,True,True,True
2024-03-21,Persistent stratification,Persistent stratification,Persistent stratification,4.506195032430556,5.28812774,4.042969789999999,4.3686503016666665,4.360205695,1.2451579500000012,0.0,2.483615511481093,2.842109949376154,2.315780754284749,2.3361947016145255,0.5955428444411037,0.0048324837839318,0.0054062816382923,0.0044419711238975,0.0009728096500800998,0.33221742891917877,0.2791124159038254,0.4314926445441562,0.1523802286403308,0.0,0.31587295130802334,0.39298391131235033,0.3082469609984749,0.5148230860372844,0.20657612503880957,0.0,0.37438400258627913,0.44643268465428576,0.3374037117421316,0.5833001310146333,0.24589641927250172,0.0,0.42791176029543054,0.30161531743252995,0.2789970186425317,0.3357515587318082,0.056754540089276495,0.0,0.2981016819941593,0.3532306348650595,0.3079940372850623,0.4215031174636163,0.11350908017855399,0.0,0.34620336398831875,0.40484595229759024,0.336991055927594,0.5072546761954261,0.1702636202678321,0.0,0.3943050459824789,4.734428842638889,4.690510555500001,2.313160856878698,0.005390317588718449,0.39298391131235033,0.19095940114382048,0.0,73,12.166666666666666,0.0,0.0,4.650693994383562,4.437787050000001,4.19324218,5.28812774,2.277816069598431,2.3551320296023492,0.0044334719882122,0.00455498485040135,0.3099551517036297,0.3125206210293802,0.2792917936130422,0.3692262592387696,0.0,0.36251337554212043,0.3690366167385799,0.3085462520423169,0.4456226282586529,0.0,0.41076967766570965,0.4205970307652049,0.3377635860497703,0.5087661331568853,0.0,0.29409104141163217,0.2961771323581515,0.2789970186425317,0.3141339889349112,0.0,0.33818208282326384,0.3423542647163031,0.3079940372850623,0.3782679778698224,0.0,0.3822731242348965,0.3885313970744554,0.336991055927594,0.4424019668047348,0.0,4.742892548,2.3551320296023492,0.0051364346505557,0.3031960255385615,True,True,4.22489488,4.19324218,0.4044773770648088,0.4158054685936059,2.277816069598431,0.0044683262704231,1,1,True,True,4.292011035,4.19324218,0.38939060618415644,0.4158054685936059,2.29679841194159,0.00445089912931765,2,2,True,True,True,True,True,True
2024-03-22,Persistent stratification,Persistent stratification,Persistent stratification,4.728090320138889,5.13559933,4.37185438,4.6549855283333335,4.6432936499999995,0.7637449499999995,0.0,2.730321825340688,2.836060717939104,2.5878632097690715,2.620232325957547,0.29572984528121227,0.00548022150649485,0.0058879386510732,0.00510900090716895,0.0009395511999226005,0.3353572481294272,0.2854333528071416,0.4223163828893789,0.1368830300822373,0.0,0.32016582773856844,0.3983924483459545,0.3204048048639291,0.5009809952585976,0.18057619039466855,0.0,0.3801127032422812,0.4529214954452266,0.3549384945217819,0.5653157980813973,0.21037730355961543,0.0,0.4335211287143589,0.30109105164805655,0.2822417998801654,0.3279787180170869,0.04573691813692149,0.0,0.29734793533018694,0.3521821032961119,0.3144835997603297,0.4059574360341739,0.0914738362738442,0.0,0.3446958706603731,0.40327315494416865,0.3467253996404951,0.4839361540512623,0.1372107544107672,0.0,0.39204380599056055,4.728090320138889,4.6432936499999995,2.435251691424983,0.005390317588718449,0.3951008440291304,0.19095940114382048,0.0,78,13.0,0.0,0.0,4.828089893974359,4.831805319999999,4.52553895,5.13559933,2.5867335774865303,2.798880227875268,0.0049483874511506,0.0052696143631873,0.3191634335970584,0.32168926690977007,0.2854333528071416,0.3704081833304505,0.0,0.376296068639208,0.38213806154822366,0.3204048048639291,0.4448218367980935,0.0,0.42725186383410485,0.4356292076698543,0.3549384945217819,0.5059742905810402,0.0,0.2960034346375031,0.29767090916684147,0.2822417998801654,0.3120698836378372,0.0,0.34200686927500484,0.3453418183336812,0.3144835997603297,0.3741397672756744,0.0,0.38801030391250807,0.39301272750052263,0.3467253996404951,0.4362096509135127,0.0,4.831805319999999,2.370282419293394,0.0052696143631873,0.3690366167385799,True,True,4.549438265000001,4.52553895,0.4106855868419086,0.4448218367980935,2.5867335774865303,0.0051574909817146,1,1,True,True,4.584948515000001,4.52553895,0.3824026534616525,0.4448218367980935,2.587298393627801,0.0050529392164326,2,2,True,True,True,True,True,True
2024-03-23,Persistent stratification,Persistent stratification,Persistent stratification,5.191632990833333,5.57909654,4.87264843,4.952131536666667,4.95646289,0.7064481100000002,0.0,3.0034218470976586,3.1782502290013337,2.851410359187725,2.8635975178953395,0.33830330870701175,0.00563867371515745,0.0059934060170536,0.0054575657037639,0.0006778165575704997,0.30038627877083596,0.2821618132563002,0.3413969295559286,0.05923511629962841,0.0,0.31198296749783094,0.34632993428962616,0.3140926744459792,0.407701610267418,0.09360893582143881,0.0,0.36655436477374337,0.3893470764327216,0.3457995134224628,0.4636612994809166,0.11786178605845382,0.0,0.4162093031760094,0.2884773699689919,0.2803850297382544,0.3015287328027242,0.021143703064469777,0.0,0.2935709760554953,0.32695473993798246,0.3107700594765078,0.3530574656054466,0.042287406128938776,0.0,0.33714195211098913,0.3654321099069744,0.3411550892147622,0.4045861984081709,0.06343110919340872,0.0,0.3807129281664844,4.728090320138889,4.6432936499999995,2.483615511481093,0.005390317588718449,0.3951008440291304,0.19095940114382048,0.0,73,12.166666666666666,0.0,0.0,5.177442092739726,5.002226090000001,4.87264843,5.57909654,2.839946920294322,2.878636487546491,0.0054500726346235,0.00560872941609135,0.3036446826582655,0.304751513051853,0.2821618132563002,0.3413969295559286,0.0,0.3513898596994755,0.3548897265572661,0.3140926744459792,0.407701610267418,0.0,0.39555148717574024,0.4016061779555543,0.3457995134224628,0.4636612994809166,0.0,0.2896187511775685,0.2915320398672369,0.2803850297382544,0.3015287328027242,0.0,0.3292375023551356,0.3330640797344724,0.3107700594765078,0.3530574656054466,0.0,0.3688562535327041,0.3745961196017093,0.3411550892147622,0.4045861984081709,0.0,4.831805319999999,2.3857359063005723,0.0052696143631873,0.3690366167385799,True,True,4.9906672599999995,4.931593789999999,0.3605786826177308,0.3737318787754817,2.881488298490028,0.0055470612575929,1,1,True,True,4.975423175000001,4.9171604,0.3646790988020432,0.3741372045864549,2.878636487546491,0.0054985669461082,2,2,True,True,True,True,True,True
2024-03-24,Persistent stratification,Persistent stratification,Persistent stratification,5.692383481458333,6.090543889999999,5.325917159999998,5.4899200583333325,5.49244087,0.7646267300000016,0.0,3.274090430286289,3.448429076346081,3.1292787553184405,3.1327567038637594,0.3191503210276405,0.0058971270802792,0.0069931519388999,0.0055398318693905,0.001492657605543,0.28168982551856653,0.2719428730866712,0.3009580649344461,0.0290151918477749,0.0,0.28509032722822547,0.3129349366464964,0.2940163317510638,0.3473725422264877,0.05335621047542394,0.0,0.3196853606197374,0.3437789611208662,0.3162243567705108,0.3904582859237105,0.07423392915319971,0.0,0.35381294497744775,0.2793471002947379,0.2735843081541555,0.2869990108240463,0.013414702669890755,0.0,0.2822174083209614,0.3086942005894747,0.2971686163083102,0.3239980216480914,0.026829405339781176,0.0,0.3144348166419217,0.33804130088421264,0.3207529244624658,0.3609970324721377,0.04024410800967193,0.0,0.3466522249628831,4.728090320138889,4.6432936499999995,2.483615511481093,0.005390317588718449,0.3951008440291304,0.19095940114382048,0.0,75,12.5,0.0,0.0,5.6862684372,5.529356820000002,5.325917159999998,6.090543889999999,3.1292787553184405,3.1637698191786283,0.0055004943333569,0.0058686468143481,0.28208458779639817,0.2836664201671424,0.2719428730866712,0.3009580649344461,0.0,0.3136431393710652,0.3169398003846442,0.2940163317510638,0.3473725422264877,0.0,0.34473783110930156,0.3498131674956518,0.3162243567705108,0.3904582859237105,0.0,0.2795441962629671,0.2809104739448572,0.2735843081541555,0.2869990108240463,0.0,0.30908839252593323,0.3118209478897132,0.2971686163083102,0.3239980216480914,0.0,0.3386325887889004,0.3427314218345704,0.3207529244624658,0.3609970324721377,0.0,4.831805319999999,2.3857359063005723,0.0052696143631873,0.3690366167385799,True,True,5.503893345000002,5.439448510000002,0.3213028737199022,0.3246674992930405,3.1446655984278347,0.0055164354737731,1,1,True,True,5.500339795,5.428333069999999,0.31921214596205655,0.3277960253701135,3.1369721768731376,0.005508464903565,2,2,True,True,True,True,True,True
2024-03-25,Persistent stratification,Persistent stratification,Persistent stratification,5.491262120138889,6.6018811,4.524913340000001,6.18854903,6.189144245,2.0769677599999987,0.0,3.3285312809180687,3.613167929269496,3.5239738048454967,3.5414015049286602,0.5363522902742357,0.0069046508614663,0.0083370269588405,0.00727856897403485,0.0026321069447206987,0.387628366073515,0.2651712769989642,0.8253288194996202,0.560157542500656,0.0,0.27264013509740215,0.4361397248453497,0.2804715882575369,0.8549330859160893,0.5744614976585525,0.0,0.2953788654449918,0.47648944856056324,0.2959096909639883,0.8789826850331833,0.583072994069195,0.0,0.3182183004004062,0.3537095440019631,0.2687181687946588,0.7731633678625637,0.5044451990679049,0.0,0.27378286019374515,0.397797169940589,0.2874363375893169,0.7933492108445612,0.5059128732552443,0.0,0.2975657203874895,0.4388935374569687,0.3061545063839757,0.8135350538265597,0.507380547442584,0.0,0.3213485805812347,4.728090320138889,4.6432936499999995,2.730321825340688,0.00548022150649485,0.3983924483459545,0.19095940114382048,0.0,73,12.166666666666666,0.0,0.0,5.599837771643836,5.984548969999999,4.524913340000001,6.6018811,3.07681563899526,3.447755074500437,0.0064159701878065,0.0075275913744115505,0.4383756942583849,0.2765145508715581,0.2651712769989642,0.8253288194996202,0.0,0.4799782232701012,0.3029783872442356,0.2804715882575369,0.8549330859160893,0.0,0.5129471178556987,0.3293919346119719,0.2959096909639883,0.8789826850331833,0.0,0.40890873668174826,0.2759187890625637,0.2687181687946588,0.7731633678625637,0.0,0.45020711444403866,0.3018375781251265,0.2874363375893169,0.7933492108445612,0.0,0.48560492764737584,0.3277563671876903,0.3061545063839757,0.8135350538265597,0.0,4.831805319999999,2.798880227875268,0.0052696143631873,0.3690366167385799,True,True,5.995535429999999,5.954108159999999,0.30275706477803294,0.3124962317817718,3.4483490339123954,0.0064159701878065,1,1,True,True,6.118617445000001,5.954108159999999,0.29933429654448407,0.3124962317817718,3.486161419378946,0.0067474627591215,2,2,True,True,True,True,True,True
2024-03-26,Persistent stratification,Persistent stratification,Persistent stratification,4.128047639166667,4.517015430000001,3.68977153,3.9661544458333338,3.9705831600000003,0.8272439000000009,0.0,2.6433273224396348,2.9570955222444884,2.5212375753553924,2.564631636173826,0.6029867989009552,0.00491155764943005,0.0069904702000034,0.005445104391855899,0.002533039223488899,0.6101755070037025,0.3780751337721498,0.8473684773362095,0.46929334356405966,0.0,0.8359102670738754,0.6897240048857305,0.4645797571884008,0.8890232672088405,0.42444351002043973,0.0,0.8748569984347278,0.7495272528257874,0.5370174665038315,0.9250234499876504,0.3880059834838189,0.0,0.9056096385570993,0.5420186345146267,0.3265233167617513,0.7839139716784626,0.45739065491671127,0.0,0.7777612131077484,0.6219784237294533,0.4030466335234999,0.815984342795835,0.4129377092723351,0.0,0.8059796031426453,0.6891884004128064,0.4795699502852512,0.8493396741922962,0.369769723907045,0.0,0.8339718581052871,4.728090320138889,4.6432936499999995,2.730321825340688,0.00548022150649485,0.3983924483459545,0.19095940114382048,0.0,72,12.0,0.0,0.0,4.25342042,4.3431210149999995,3.82638197,4.517015430000001,2.437062617405125,2.7643729350430863,0.0048700155646224,0.00514805438336385,0.6350381289416958,0.7915121359921835,0.3780751337721498,0.8425414824313071,0.0,0.6971837455661581,0.8346249584856662,0.4645797571884008,0.8802390200922962,0.0,0.7475581139820175,0.8656273313671388,0.5370174665038315,0.9114874700714805,0.0,0.5733053359254501,0.7589855886185347,0.3265233167617513,0.7818301813835298,0.0,0.6275483061331069,0.7814217312060356,0.4030466335234999,0.8103505101633696,0.0,0.6817912763407654,0.8044305688280873,0.4795699502852512,0.8391413871001371,0.0,4.831805319999999,2.798880227875268,0.0052696143631873,0.3690366167385799,True,True,3.846345724999999,3.82638197,0.87566260047098,0.8789528161078416,2.437062617405125,0.0048700155646224,1,1,True,True,3.9202945300000005,3.82638197,0.8755037250963401,0.8802390200922962,2.4791500963802586,0.00507970576483515,2,2,True,True,True,True,True,True
2024-03-27,Persistent stratification,Persistent stratification,Persistent stratification,4.309998769097223,4.649638190000001,3.978642950000001,4.56590028,4.562047595,0.6709952399999999,0.0,2.721578593653451,2.8360831515057225,2.7989071646108115,2.81715528110763,0.23296149279039202,0.0048336641111716,0.0049646181212809,0.00481281620207155,0.00019448335629199988,0.4795846708873693,0.3366905802094658,0.8207913918037522,0.48410081159428636,0.0,0.3494773185251162,0.5794012537607897,0.4095041735985318,0.8708963077941336,0.4613921341956018,0.0,0.42676976210753415,0.6559508469619518,0.4743214535125365,0.9086427750563968,0.4343213215438603,0.0,0.4940243988904359,0.4074865174512851,0.3102299381484318,0.7706101675218526,0.4603802293734208,0.0,0.31583238807664427,0.5171902773449584,0.3704598762968615,0.8034158042545911,0.43295592795772964,0.0,0.3816647761532862,0.6070755062826362,0.4306898144452933,0.8362214409873308,0.40553162654203745,0.0,0.44749716422993047,4.728090320138889,4.6432936499999995,2.730321825340688,0.00548022150649485,0.3983924483459545,0.20657612503880957,0.0,75,12.5,0.0,0.0,4.326343622133333,4.44304037,3.978642950000001,4.649638190000001,2.6031216587153305,2.777158347002263,0.0047795167740794,0.0048494855996771506,0.4981881975381783,0.3875802986591892,0.3366905802094658,0.8207913918037522,0.0,0.5960784628911708,0.476388896879463,0.4095041735985318,0.8708963077941336,0.0,0.6648181850393217,0.550347138909801,0.4743214535125365,0.9086427750563968,0.0,0.4450065761213413,0.3304926083235323,0.3102299381484318,0.7706101675218526,0.0,0.5482702577320716,0.4109852166470617,0.3704598762968615,0.8034158042545911,0.0,0.6144800623783494,0.491477824970594,0.4306898144452933,0.8362214409873308,0.0,4.831805319999999,2.798880227875268,0.0052696143631873,0.3690366167385799,True,True,4.490662935,4.468833499999999,0.4654639855080617,0.472486032046409,2.7767291111756527,0.0048853389616117,1,1,True,True,4.50271598,4.468833499999999,0.45827664061845985,0.472486032046409,2.787818137893232,0.00486241951143505,2,2,True,True,True,True,True,True
2024-03-28,Persistent stratification,Persistent stratification,Persistent stratification,3.9684628288194443,4.302673229999998,3.6793527999999984,3.7817840116666672,3.778700670000001,0.6233204299999997,0.0,2.557529772839589,2.7223721145035955,2.430163499841082,2.4423643074725754,0.3505986978444997,0.00478566682965415,0.0050664894911634,0.00470347731546785,0.0004165584199491007,0.6505566612702284,0.411947514246903,0.856549216232414,0.44460170198551097,0.0,0.8472277452479483,0.7371874177023632,0.5075330956622147,0.9063065000061196,0.39877340434390485,0.0,0.896574952407637,0.8019386240503994,0.5868940477113267,0.94767549472865,0.3607814470173233,0.0,0.936659158863829,0.5758906118427821,0.3432261001980345,0.7882063847757594,0.4449802845777249,0.0,0.7833782461687651,0.6678233913672694,0.4364522003960657,0.8277382696998332,0.3912860693037675,0.0,0.8209223741636604,0.7429384349961883,0.5296783005941003,0.8683688660722252,0.3386905654781249,0.0,0.8589686669500745,4.728090320138889,4.6432936499999995,2.730321825340688,0.00548022150649485,0.4361397248453497,0.39877340434390485,0.0,76,12.666666666666666,0.0,0.0,4.002796669342105,3.9260094149999993,3.7132150899999985,4.302673229999998,2.379951339668154,2.539707943560672,0.0046755033127106,0.0047457744713504,0.6766642091045467,0.8244839097743786,0.411947514246903,0.8543579093067594,0.0,0.7468339618802805,0.8742799162330713,0.5075330956622147,0.9062129695428116,0.0,0.8040265944705236,0.9119575876840793,0.5868940477113267,0.94767549472865,0.0,0.6031674689258488,0.7723106042414333,0.3432261001980345,0.787092225114974,0.0,0.6703125540771127,0.8055206145161169,0.4364522003960657,0.8276926152673434,0.0,0.737457639228379,0.8386860544847394,0.5296783005941003,0.8683688660722252,0.0,4.831805319999999,2.798880227875268,0.0052696143631873,0.38213806154822366,True,True,3.725091765,3.7132150899999985,0.9024935467582738,0.9062129695428116,2.379951339668154,0.0046755033127106,1,1,True,True,3.7410792950000014,3.7132150899999985,0.9011188555573699,0.9062129695428116,2.392235730972188,0.004682733907018949,2,2,True,True,True,True,True,True
2024-03-29,Persistent stratification,Persistent stratification,Persistent stratification,4.716215393819445,5.26362001,4.255145349999999,4.3845932275,4.38034523,1.008474660000001,0.0,3.001095033314171,3.3206061771755984,2.743188579577771,2.753259600113453,0.6002534453444532,0.00520747442956635,0.0055949832780963,0.0048867287247635,0.0007678076710808,0.35071672312766694,0.2909458639229252,0.4573978188648264,0.16645195494190118,0.0,0.38763042748726617,0.4227067845371215,0.3312681691442435,0.5553209929103124,0.22405282376606894,0.0,0.47867735482623697,0.48605263269052085,0.3710047989864205,0.639280981191593,0.2682761822051725,0.0,0.5548374652907166,0.31588906689799456,0.2878411239201303,0.3627124900948282,0.07487136617469792,0.0,0.3329544244995537,0.38177813379598685,0.3256822478402592,0.4754249801896523,0.14974273234939312,0.0,0.4159088489991044,0.44766720069398147,0.3635233717603894,0.5881374702844805,0.2246140985240911,0.0,0.4988632734986582,4.716215393819445,4.562047595,3.001095033314171,0.00520747442956635,0.4361397248453497,0.39877340434390485,0.0,71,11.833333333333332,0.0,0.0,4.711002503521127,4.422172590000001,4.255145349999999,5.26362001,2.720352731831145,2.7665709452247,0.0048271756070155,0.0049010182768989,0.36403987635728524,0.3650538589905256,0.2948377421531601,0.4573978188648264,0.0,0.43852361433669435,0.4503768224643761,0.3387766525126696,0.5553209929103124,0.0,0.5034688971726418,0.5232440610529774,0.3818869808045824,0.639280981191593,0.0,0.32119516881841353,0.3242075266913352,0.2903100516959489,0.3627124900948282,0.0,0.3923903376368245,0.3984150533826677,0.3306201033918964,0.4754249801896523,0.0,0.46358550645523805,0.4726225800740029,0.3709301550878453,0.5881374702844805,0.0,4.44304037,2.777158347002263,0.00514805438336385,0.4503768224643761,True,True,4.424777735,4.3718257000000005,0.44810650627073567,0.4792567346650985,2.769811269800265,0.0048887484125885,1,1,True,True,4.40753824,4.338973200000002,0.46537668630021634,0.4954928270288706,2.7665709452247,0.00488339017083695,2,2,True,True,True,True,True,True
2024-03-30,Persistent stratification,Persistent stratification,Persistent stratification,5.754284082222223,6.307667890000001,5.1727643699999994,5.335133500833334,5.330527285000001,1.1349035200000017,0.0,3.721518613955766,4.0735801577970125,3.3908217132909613,3.4066722553061703,0.7537550795996335,0.00636412326449105,0.0075564869391156,0.00544299193549885,0.0022649237822145,0.2835350689852335,0.2703355429676775,0.3085224162605912,0.0381868732929137,0.0,0.29163509448977476,0.31669496130315206,0.2908561041111184,0.362488507392365,0.07163240328124659,0.0,0.3326291498832892,0.34952435519976915,0.3115717512348293,0.4130153146434956,0.10144356340866634,0.0,0.37302175753603894,0.28213064324992804,0.2732673085450101,0.2955417355212172,0.02227442697620713,0.0,0.28826313021385297,0.31426128649985496,0.2965346170900194,0.3410834710424328,0.044548853952413425,0.0,0.3265262604277046,0.34639192974978306,0.3198019256350296,0.3866252065636501,0.0668232809286205,0.0,0.36478939064155763,4.716215393819445,4.562047595,3.001095033314171,0.00520747442956635,0.4361397248453497,0.39877340434390485,0.0,72,12.0,0.0,0.0,5.7065980594444445,5.41277273,5.1727643699999994,6.307667890000001,3.319825078197379,3.4377621236538336,0.0052915631569011,0.0054573016025367006,0.28619400037305,0.2882413670165256,0.2727770811921895,0.3085224162605912,0.0,0.3217825563559045,0.32608926638675145,0.2956899822205757,0.362488507392365,0.0,0.3568419477605562,0.3635603932333854,0.318742827548679,0.4130153146434956,0.0,0.2839117294168904,0.28607481820657343,0.2744074065954547,0.2955417355212172,0.0,0.31782345883377966,0.3221496364131457,0.2988148131909086,0.3410834710424328,0.0,0.35173518825067007,0.3582244546197192,0.3232222197863633,0.3866252065636501,0.0,4.44304037,2.777158347002263,0.00514805438336385,0.4503768224643761,True,True,5.41277273,5.369070389999999,0.32608926638675145,0.3350143248500429,3.453001449986288,0.0054454942607229,1,1,True,True,5.359364495,5.3129792999999985,0.3294392752410744,0.340730539902214,3.4377621236538336,0.00543118459368505,2,2,True,True,True,True,True,True
2024-03-31,Persistent stratification,Persistent stratification,Persistent stratification,6.813495764375,7.38849948,6.150030280000001,6.480327630833334,6.452496255000001,1.238469199999999,0.0,4.515295901720134,4.851503209411938,4.23284139792005,4.263675720121719,0.7919418204770325,0.00885628675022415,0.0104216166076422,0.0078557186787609,0.0031316385436811,0.2711251088036337,0.2663671093504299,0.2868094168387461,0.020442307488316214,0.0,0.2734043020096168,0.2923297922969275,0.2828560456819906,0.3227551765102032,0.039899130828212614,0.0,0.29692293887396504,0.3136177994623943,0.2994723127209696,0.3579134309895745,0.05844111826860493,0.0,0.3205595940224996,0.272376145583269,0.2685807794070621,0.2823194485319574,0.013738669124895297,0.0,0.274208359264997,0.29475229116653723,0.2871615588141237,0.3146388970639137,0.027477338249789984,0.0,0.2984167185299931,0.3171284367498063,0.3057423382211858,0.3469583455958711,0.04121600737468528,0.0,0.32262507779499006,4.716215393819445,4.562047595,3.001095033314171,0.00520747442956635,0.4361397248453497,0.39877340434390485,0.0,72,12.0,0.0,0.0,6.788916157361111,6.62019232,6.150030280000001,7.36446349,4.059561388934905,4.280501313834705,0.0072899780639611,0.00796052926540655,0.2716845878120567,0.2711471872051565,0.2663671093504299,0.2868094168387461,0.0,0.2934307283677282,0.29242407061242454,0.2828560456819906,0.3227551765102032,0.0,0.31524305698334504,0.3138347994134095,0.2994723127209696,0.3579134309895745,0.0,0.27279337297112627,0.2733923937626437,0.2685807794070621,0.2823194485319574,0.0,0.29558674594225176,0.2967847875252865,0.2871615588141237,0.3146388970639137,0.0,0.318380118913378,0.32017718128793027,0.3057423382211858,0.3469583455958711,0.0,4.44304037,2.777158347002263,0.00514805438336385,0.4503768224643761,True,True,6.46806946,6.36145645,0.29745513423293396,0.2999049768690016,4.266492585346023,0.0079777351777092,1,1,True,True,6.472559495,6.313490509999999,0.29687129604659995,0.3045773182906029,4.2496669916330365,0.007872924591063549,2,2,True,True,True,True,True,True
2024-04-01,Persistent stratification,Persistent stratification,Persistent stratification,7.590757497916666,8.085151500000002,7.1984198,7.296363765,7.30355581,0.8867317000000021,0.0,5.061440038700749,5.323092210311962,4.831442400020504,4.837359755623556,0.4935856255006703,0.011270442456323849,0.0125936812610474,0.0102137881638955,0.002504447937813299,0.26646791658410596,0.2635178950715753,0.2688344767378855,0.005316581666310216,0.0,0.26805133304800366,0.2830333864824154,0.2771219346718164,0.2877620075629074,0.01064007289109098,0.0,0.28620600017299386,0.2996996361000984,0.2908155519435191,0.3067849334450108,0.015969381501491686,0.0,0.30446712888501826,0.26828327421222115,0.2657142787102074,0.2702643985238766,0.004550119813669207,0.0,0.269703324964653,0.28656654842444174,0.2814285574204143,0.2905287970477526,0.009100239627338302,0.0,0.2894066499293054,0.30484982263666294,0.2971428361306217,0.3107931955716292,0.013650359441007509,0.0,0.3091099748939584,4.716215393819445,4.562047595,3.001095033314171,0.00520747442956635,0.4227067845371215,0.22405282376606894,0.0,74,12.333333333333332,0.0,0.0,7.580542913513513,7.361889309999999,7.1984198,8.085151500000002,4.829506584811291,4.845455462262066,0.0100892333232341,0.01026439074401945,0.2665755701017648,0.2670873833207925,0.2636506221154704,0.2688344767378855,0.0,0.28324876400385474,0.284284123107601,0.2773913706730171,0.2877620075629074,0.0,0.30002277733138,0.30159410633150835,0.2912260454346658,0.3067849334450108,0.0,0.26837653988441607,0.2690324455532926,0.2659670173537817,0.2702643985238766,0.0,0.2867530797688315,0.2880648911065845,0.281934034707563,0.2905287970477526,0.0,0.3051296196532476,0.30709733665987715,0.2979010520613447,0.3107931955716292,0.0,4.44304037,2.777158347002263,0.00514805438336385,0.4503768224643761,True,True,7.316737610000001,7.257253990000001,0.28610191307289023,0.2877407146134459,4.8476338132975245,0.0102169104818488,1,1,True,True,7.303234125,7.236397060000002,0.2863296566935172,0.2877407146134459,4.845455462262066,0.0102223107454702,2,2,True,True,True,True,True,True
2024-04-02,Persistent stratification,Persistent stratification,Persistent stratification,7.733086229513889,8.052495949999999,7.289224130000001,7.932956119166668,7.930386640000001,0.7632718199999982,0.0,5.1965205926411615,5.329103110035215,5.275144830873969,5.283255206460313,0.3481600542479235,0.01102196276577895,0.0126075603862726,0.0121651640620897,0.0031639700146721995,0.26699714370831257,0.2637380373302087,0.2728946496005272,0.009156612270318498,0.0,0.2651392792488999,0.28407949025177576,0.2775656588281355,0.2957547026285984,0.01818904380046288,0.0,0.2803695406123245,0.3012495353655699,0.2914865358531542,0.3185803889710805,0.02709385311792628,0.0,0.2956938869114945,0.26852516793568726,0.2659933605291049,0.2725439257459359,0.006550565216831006,0.0,0.26703353889413445,0.28705033587137385,0.2819867210582091,0.295087851491871,0.0131011304336619,0.0,0.28406707778826834,0.30557550380706117,0.297980081587314,0.3176317772378069,0.019651695650492906,0.0,0.3011006166824028,5.754284082222223,5.330527285000001,3.721518613955766,0.00636412326449105,0.31669496130315206,0.07163240328124659,0.0,83,13.833333333333332,0.0,0.0,7.761054631686748,7.89076822,7.289224130000001,8.052495949999999,4.980943055787291,5.262632290675384,0.0094435903716004,0.011883837200948849,0.26680141712210176,0.26565474433151,0.2637380373302087,0.2728946496005272,0.0,0.28368514844124004,0.2814026068900939,0.2775656588281355,0.2957547026285984,0.0,0.30065368765122585,0.2972466750571392,0.2914865358531542,0.3185803889710805,0.0,0.26834480598617527,0.2674814073520271,0.2659933605291049,0.2725439257459359,0.0,0.28668961197234993,0.2849628147040535,0.2819867210582091,0.295087851491871,0.0,0.30503441795852526,0.3024442220560805,0.297980081587314,0.3176317772378069,0.0,5.41277273,3.4377621236538336,0.0054573016025367006,0.32608926638675145,True,True,7.889280215,7.863219220000001,0.2814240403011794,0.2818954392889736,5.253012433465564,0.0118263450332932,1,1,True,True,7.9030067100000005,7.863219220000001,0.28117339737599956,0.2818954392889736,5.262632290675384,0.011883837200948849,2,2,True,True,True,True,True,True
2024-04-03,Persistent stratification,Persistent stratification,Persistent stratification,6.693125467569445,7.264193259999999,6.285919340000001,6.6751435558333325,6.667750329999999,0.9782739199999977,0.0,4.789829552813086,4.968199650339301,4.628460542414152,4.65191532129729,0.4520002606872895,0.00922012061241255,0.0096558600056711,0.0081383181224024,0.0016246828793177997,0.30529365212633547,0.2718823827791148,0.3934142417574717,0.12153185897835689,0.0,0.2881310186337708,0.35096008453710265,0.2937910815799393,0.4588248010793312,0.16503371949939194,0.0,0.3248014423551058,0.39206926192052227,0.3157262418482422,0.5116536127541594,0.19592737090591722,0.0,0.36020707430131,0.2856768677200263,0.2721770601669456,0.3068497237245557,0.03467266355761012,0.0,0.28144571282386754,0.32135373544005147,0.2943541203338903,0.3636994474491095,0.06934532711521918,0.0,0.312891425647734,0.3570306031600778,0.3165311805008359,0.4205491711736653,0.10401799067282941,0.0,0.34433713847160163,6.693125467569445,6.452496255000001,4.515295901720134,0.00885628675022415,0.31669496130315206,0.07163240328124659,0.0,74,12.333333333333332,0.0,0.0,6.797636151621621,6.802063485000001,6.390491879999999,7.264193259999999,4.561565498969151,4.812883461118206,0.0080311771263533,0.008593441933945851,0.29654673046724866,0.29450382855950263,0.2718823827791148,0.3690303747239138,0.0,0.33665332466965553,0.3359961278854071,0.2937910815799393,0.4344645084353084,0.0,0.373669576619568,0.3750848283216007,0.3157262418482422,0.487394788763878,0.0,0.2827014553893093,0.2827104150735627,0.2721770601669456,0.3021701803804863,0.0,0.3154029107786175,0.31542083014712424,0.2943541203338903,0.3543403607609707,0.0,0.34810436616792684,0.34813124522068695,0.3165311805008359,0.406510541141457,0.0,6.62019232,4.280501313834705,0.00796052926540655,0.32608926638675145,True,True,6.5317281199999995,6.477455830000002,0.3429286399329813,0.3500184408789994,4.561565498969151,0.0081572035630852,1,1,True,True,6.5870712000000005,6.477455830000002,0.33711661812271865,0.3500184408789994,4.595013020691652,0.00817691145953595,2,2,True,True,True,True,True,True
2024-04-04,Persistent stratification,Persistent stratification,Persistent stratification,5.3994815825,6.391921719999999,4.607681320000001,5.823561763333334,5.815105379999999,1.784240399999998,0.0,4.236597195708167,4.762975978014848,4.5801194264116845,4.6073218132241704,1.1538257071877038,0.00921361851764775,0.0106365536704256,0.0106249724301371,0.003873114157276001,0.7281684536763474,0.3807987171045283,0.8424652922468708,0.46166657514234255,0.0,0.6424790693676037,0.7852727095911889,0.4456715895533318,0.8831352611009766,0.4374636715476448,0.0,0.7808368310568455,0.8236035104810582,0.4979664861140156,0.9158285728783616,0.417862086764346,0.0,0.8187211306921323,0.6720512486782587,0.3036153299524944,0.7796875201125252,0.4760721901600308,0.0,0.5657375740497581,0.7234314042829042,0.357230659904987,0.8089421016725427,0.4517114417675557,0.0,0.7571055209872208,0.7599908879701798,0.4108459898574814,0.8381966832325612,0.42735069337507986,0.0,0.7747140581210119,6.693125467569445,6.452496255000001,4.515295901720134,0.00921361851764775,0.31669496130315206,0.07163240328124659,0.0,72,12.0,0.0,0.0,5.49163319,5.70778623,4.607681320000001,6.391921719999999,3.609150270827144,4.525115923741986,0.0067634395131496,0.01011147690329455,0.6611155083449005,0.6912317365827672,0.3807987171045283,0.8424652922468708,0.0,0.7341493437811903,0.7978399463801067,0.4456715895533318,0.8831352611009766,0.0,0.7822329364308142,0.8303564223234039,0.4979664861140156,0.9158285728783616,0.0,0.5875236657618104,0.6437162602475874,0.3036153299524944,0.7796875201125252,0.0,0.6658916225221909,0.7629296925947142,0.357230659904987,0.8089421016725427,0.0,0.7179858734570931,0.7807396690506512,0.4108459898574814,0.8381966832325612,0.0,6.62019232,4.525115923741986,0.008593441933945851,0.32608926638675145,True,True,5.712304294999999,5.6254522300000005,0.7924141541634612,0.8065795748265099,4.470112421072288,0.0102551574956846,1,1,True,True,5.76450175,5.6254522300000005,0.7896688499283183,0.8091146428184919,4.525115923741986,0.0104342743427666,2,2,True,True,True,True,True,True
2024-04-05,Persistent stratification,Persistent stratification,Persistent stratification,4.184176558958333,4.598634020000002,3.8797634599999995,4.156584731666666,4.161147135000001,0.7188705600000027,0.0,3.1528202059932604,3.5477192277792278,3.134971011462938,3.1760841079670534,0.6030191051056413,0.0080276550712408,0.0084671099480522,0.0075980596520856,0.0016127058864887998,0.7298392573174948,0.4929650763927841,0.930622236852544,0.4376571604597599,0.0,0.8745853830445517,0.8444442285329935,0.6251034396399985,1.0164603259521638,0.39135688631216536,0.0,0.9320134861386316,0.9269323357521786,0.7399661835803544,1.0944128081549038,0.35444662457454945,0.0,0.9773550945922389,0.6572444321847848,0.4118065847578037,0.8315826598871817,0.41977607512937803,0.0,0.7960207686432599,0.7882993442175052,0.5736131695156017,0.9190326964611492,0.34541952694554745,0.0,0.8436393994612279,0.8596667095832076,0.7354197542734056,1.014658193355139,0.2792384390817335,0.0,0.8898485823728757,6.693125467569445,6.452496255000001,4.515295901720134,0.00921361851764775,0.31669496130315206,0.07163240328124659,0.0,73,12.166666666666666,0.0,0.0,4.273045497534247,4.250776759999999,4.030458470000001,4.598634020000002,3.0428618407333965,3.1703186494620637,0.0068544040615634,0.00769171565240255,0.7575522889650244,0.845230106614444,0.4929650763927841,0.8947355633816824,0.0,0.8479241422044055,0.892824609512244,0.6251034396399985,0.9622345843071352,0.0,0.9161694256003581,0.935282532321136,0.7399661835803544,1.017600724550935,0.0,0.6847069681231766,0.7815785379759396,0.4118065847578037,0.8077264796651853,0.0,0.7838234480262002,0.8157743700028065,0.5736131695156017,0.8671605740730604,0.0,0.8477193917097849,0.8531563954744226,0.7354197542734056,0.927521611303604,0.0,6.62019232,4.525115923741986,0.008593441933945851,0.32608926638675145,True,True,4.075306755000001,4.030458470000001,0.9480533849682486,0.9622345843071352,3.054870809286307,0.0082674740311368,1,1,True,True,4.130740935,4.030458470000001,0.9354972344740033,0.9622345843071352,3.0949209103746225,0.0079789857250272,2,2,True,True,True,True,True,True
2024-04-06,Persistent stratification,Persistent stratification,Persistent stratification,3.6754661170138885,4.007422459999999,3.418344270000002,3.5947105875,3.587060379999998,0.5890781899999968,0.0,2.7369092959059054,2.9743489083056964,2.6883973579845493,2.7204326761250437,0.38890898876305924,0.00807069088722725,0.0086818540253067,0.0085146425082646,0.0012779517614035004,0.7763660466658553,0.5201383758118686,1.1014488166622958,0.5813104408504272,0.0,0.9915211365456923,0.9433024607757687,0.6948000574152926,1.2655217197353426,0.57072166232005,0.0,1.0984442987363536,1.0633035715136259,0.8472449641696895,1.308890491739085,0.46164552756939536,0.0,1.1864346989014574,0.7082992667776951,0.4628755747800219,1.007419015373574,0.5445434405935521,0.0,0.8825629478950368,0.8922118543130986,0.6757511495600362,1.2529029933235758,0.5771518437635396,0.0,1.0122307843623368,1.0052387613677776,0.8145209803676188,1.2720552852279776,0.45753430486035884,0.0,1.1435445904708308,6.693125467569445,6.452496255000001,4.515295901720134,0.00921361851764775,0.35096008453710265,0.16503371949939194,0.0,73,12.166666666666666,0.0,0.0,3.7346374234246573,3.7394425200000008,3.4848214199999994,4.007422459999999,2.647610841604858,2.7480933266678704,0.0074039022639032,0.0078260079342673,0.811022119239978,0.8994269999502954,0.5201383758118686,1.1014488166622958,0.0,0.9426628656878282,0.9713044262941882,0.6948000574152926,1.24876214870322,0.0,1.0445629741582392,1.0382440123392656,0.8472449641696895,1.2998993139309474,0.0,0.7321072504012391,0.8113623546562867,0.4628755747800219,1.007419015373574,0.0,0.8792576272521664,0.8763345935296962,0.6757511495600362,1.247701672357677,0.0,0.9807982860848569,0.9562068572316168,0.8145209803676188,1.2681216428547877,0.0,6.62019232,4.525115923741986,0.008593441933945851,0.3359961278854071,True,True,3.5197346099999995,3.4848214199999994,1.132557233732719,1.24876214870322,2.647610841604858,0.0086038622124667,1,1,True,True,3.5580169250000004,3.4848214199999994,1.1075542327900774,1.24876214870322,2.668004099794704,0.008584611729047752,2,2,True,True,True,True,True,True
2024-04-07,Persistent stratification,Persistent stratification,Persistent stratification,3.3432538774305556,3.6249406900000007,3.170130539999999,3.326285754166667,3.3194172149999996,0.4548101500000019,0.0,2.48826037851545,2.670605443375551,2.489112567450376,2.502576547387708,0.27564981267658206,0.0073912371850808,0.007674838748618,0.0074533176229268,0.0008875012501672998,0.8684809526177683,0.6094042298048846,1.0411230610610698,0.43171883125618515,0.0,0.9665625780394678,1.015228149939306,0.816878196936905,1.166818394532604,0.34994019759569905,0.0,1.0680691332160968,1.1203180883515553,0.96765724704363,1.2661615839122833,0.2985043368686533,0.0,1.15053229365483,0.7904785571739644,0.5522906801788232,0.9352210720925908,0.38293039191376754,0.0,0.8619968267658109,0.9391343234808018,0.7889766469472498,1.1096574037745366,0.3206807568272868,0.0,0.9769870398557445,1.0639951988616234,0.9016379957428886,1.254530862961542,0.3528928672186533,0.0,1.0919772529456822,5.3994815825,5.815105379999999,4.236597195708167,0.00921361851764775,0.7852727095911889,0.34994019759569905,0.0,75,12.5,0.0,0.0,3.3932926612,3.390814220000001,3.2363728700000003,3.6249406900000007,2.432031152360408,2.4922242168851683,0.0067873374984507,0.0074686435992313,0.877578889247567,0.946334824924274,0.6094042298048846,1.03816397613529,0.0,1.0062593758353469,1.0367308033138185,0.816878196936905,1.166818394532604,0.0,1.101737043431822,1.1130593758928229,0.96765724704363,1.2661615839122833,0.0,0.7929962777111508,0.8456704970512897,0.5522906801788232,0.9308196364889944,0.0,0.926328258616614,0.9439819975515418,0.7889766469472498,1.1095872177890005,0.0,1.0369020701399583,1.0411844031049418,0.9016379957428886,1.2544883730220575,0.0,5.70778623,4.525115923741986,0.008593441933945851,0.7978399463801067,True,True,3.254544205000001,3.2363728700000003,1.1018765587673505,1.1446714453001896,2.432031152360408,0.0075015076104653,1,1,True,True,3.273767614999999,3.2363728700000003,1.0951264365549305,1.166818394532604,2.4512432386098815,0.00758817317954165,2,2,True,True,True,True,True,True
2024-04-08,Persistent stratification,Persistent stratification,Persistent stratification,3.3104748493055554,3.4909236000000003,3.1032486599999984,3.1679117416666664,3.172760875,0.3876749400000019,0.0,2.3513510614957456,2.424920744772041,2.269855316093768,2.2833878257039952,0.20501614558045533,0.00644960246183875,0.0067740665776266,0.0066697363640464,0.0007037665552176997,0.7436363560200764,0.4934308435863987,1.0992046742810142,0.6057738306946154,0.0,1.0097516553116197,0.9179823605971809,0.678346345711207,1.2602410908426125,0.5818947451314055,0.0,1.1334325381229164,1.0553527127969204,0.8404891142147666,1.3145946793382794,0.4741055651235129,0.0,1.2327629592378517,0.6772688153723163,0.4559576971128484,1.0073852294559735,0.5514275323431251,0.0,0.9042919610993403,0.8787813085535979,0.6619153942256895,1.2521565720917824,0.590241177866093,0.0,1.063417146714155,1.0144011073194081,0.8146926933398437,1.2766885808484147,0.461995887508571,0.0,1.220611765341051,4.184176558958333,4.161147135000001,3.1528202059932604,0.00807069088722725,0.8444442285329935,0.39135688631216536,0.0,75,12.5,0.0,0.0,3.3276742874666665,3.3002590399999985,3.1119300699999997,3.4909236000000003,2.2352420004309623,2.4093120338900325,0.0060703000224089,0.0066300973775544,0.7670396812690576,0.963034744289586,0.4934308435863987,1.0557083057044194,0.0,0.9156455252781764,1.0642747754817912,0.678346345711207,1.1935271848958349,0.0,1.0418037411935814,1.1451461923134718,0.8404891142147666,1.2865887872818316,0.0,0.6893906942071805,0.8604624592638913,0.4559576971128484,0.953061195016192,0.0,0.8694386567689626,0.974491754895124,0.6619153942256895,1.1532552407550631,0.0,1.0052469986504073,1.086161365738947,0.8146926933398437,1.2630651587914818,0.0,4.250776759999999,3.1703186494620637,0.0078260079342673,0.892824609512244,True,True,3.1327407900000006,3.1119300699999997,1.1756105666879093,1.1935271848958349,2.2352420004309623,0.0067115073532357,1,1,True,True,3.154207119999999,3.1119300699999997,1.1415664343070824,1.1935271848958349,2.252548658262365,0.006694171054890299,2,2,True,True,True,True,True,True
2024-04-09,Persistent stratification,Persistent stratification,Persistent stratification,3.5448993920833334,3.9866016600000016,3.0362427200000006,3.2528545574999996,3.2483442800000013,0.950358940000001,0.0,2.4926645293501024,2.763537872155569,2.2992791762938163,2.323341417940477,0.5826952969464521,0.0059228508537574505,0.0062567913603687,0.00591422998654665,0.0004358399452787003,0.5604614917262263,0.3369624418498149,0.9952549913993703,0.6582925495495555,0.0,0.9322616084829103,0.6944447003220103,0.4246233380482031,1.109140145817633,0.6845168077694299,0.0,1.0272640149713068,0.8079689335998217,0.5130090829161774,1.2034448227020569,0.6904357397858795,0.0,1.103847826208617,0.5206772093733103,0.3386598312892087,0.8912656185511008,0.5526057872618921,0.0,0.8382628262325325,0.6594406670469684,0.4273196625784143,1.0327761352023153,0.6054564726239009,0.0,0.936636718505537,0.7766304381676777,0.515979493867623,1.1742866518535349,0.6583071579859119,0.0,1.0347892596565678,3.6754661170138885,3.587060379999998,2.7369092959059054,0.0080276550712408,0.8444442285329935,0.4374636715476448,0.0,68,11.333333333333332,0.0,0.0,3.6385863277941177,3.5138359699999997,3.191223449999999,3.9866016600000016,2.2992791762938163,2.436979135097888,0.0058612706294509,0.0059304491490317,0.5302818017895816,0.4729217123523752,0.3464680608523663,0.9607856601643584,0.0,0.6593062229378829,0.6402655465774625,0.4401487955909063,1.0556208016362427,0.0,0.7695051614271499,0.7876866194497907,0.5313607436796032,1.1342808698881777,0.0,0.49411220417998236,0.4326674482579712,0.3409564047771043,0.8602101753089394,0.0,0.6269909794263051,0.6153348965159361,0.4319128095542055,0.9669722867338194,0.0,0.7373846539098526,0.7774058438904725,0.5228692143313098,1.0737343981587033,0.0,3.7394425200000008,2.7480933266678704,0.00769171565240255,0.892824609512244,True,True,3.2184023549999994,3.191223449999999,1.0420535708741134,1.0556208016362427,2.2992791762938163,0.0059152525584832,1,1,True,True,3.2483442800000013,3.191223449999999,1.0272640149713068,1.0556208016362427,2.323341417940477,0.00591422998654665,2,2,True,True,True,True,True,True
2024-04-10,Persistent stratification,Persistent stratification,Persistent stratification,4.142783876597222,4.439717870000001,3.79659674,3.8804329024999995,3.876276279999998,0.6431211300000008,0.0,2.93766773288897,3.0985209975485684,2.7574007402443104,2.7631427811782086,0.35492703098530143,0.006045129097599,0.0062705568935203,0.0060888509517047495,0.0005071122164084004,0.3223056016074149,0.3024460019514352,0.3648592581490497,0.06241325619761451,0.0,0.34145706784005336,0.3933519578299733,0.3554745509694096,0.4687251831901347,0.11325063222072507,0.0,0.4312982298561979,0.4634314212783049,0.4091178304643309,0.5649867435154527,0.15586891305112183,0.0,0.5196419925235719,0.3204295588171845,0.3050432805865692,0.3485185470524099,0.04347526646584071,0.0,0.3379885378343266,0.3908591176343665,0.3600865611731365,0.4470370941048163,0.08695053293167981,0.0,0.42597707566865006,0.46128867645155097,0.4151298417597057,0.5455556411572262,0.13042579939752053,0.0,0.5139656135029766,3.6754661170138885,3.587060379999998,2.7369092959059054,0.0073912371850808,0.8444442285329935,0.4374636715476448,0.0,73,12.166666666666666,0.0,0.0,4.137039543972603,3.971537099999999,3.79659674,4.439717870000001,2.743593966563267,2.7786735497028516,0.0057634446771119,0.00594169524526835,0.32841495679709193,0.3351695714788561,0.3024460019514352,0.3648592581490497,0.0,0.404536295323257,0.4189181610325461,0.3554745509694096,0.4687251831901347,0.0,0.47888457915327143,0.5013438872082516,0.4091178304643309,0.5649867435154527,0.0,0.3247725156674756,0.3318583160575457,0.3050432805865692,0.3485185470524099,0.0,0.3995450313349487,0.4137166321150886,0.3600865611731365,0.4470370941048163,0.0,0.47431754700242434,0.4955749481726343,0.4151298417597057,0.5455556411572262,0.0,3.7394425200000008,2.7480933266678704,0.0074686435992313,0.892824609512244,True,True,3.8657515449999993,3.8308475600000005,0.42441844268413587,0.443197829739195,2.7884622772935974,0.0062705568935203,1,1,True,True,3.8676684450000005,3.81047036,0.43021675541566584,0.4516009019732618,2.7786735497028516,0.00619585610572325,2,2,True,True,True,True,True,True
2024-04-11,Persistent stratification,Persistent stratification,Persistent stratification,4.429669250833333,4.596437979999999,4.282445060000001,4.378522609166667,4.358236070000001,0.3139929199999987,0.0,3.1616079333383875,3.238329951125725,3.116582491422447,3.1193840490047995,0.15985789943948658,0.0059063475190182495,0.0060915764757824,0.00602532209176015,0.0003876325245185004,0.30255690175200356,0.2920692623337993,0.3086229977401014,0.01655373540630206,0.0,0.29816800611968897,0.3552704034910807,0.3347772246906283,0.3664501767152607,0.031672952024632384,0.0,0.34687012588617394,0.4081506082320474,0.3781768218248666,0.4238779779958765,0.045701156171009893,0.0,0.3961361282414929,0.3033443618194504,0.296206549913374,0.3088827321889223,0.012676182275548342,0.0,0.3009205946856065,0.356688723638899,0.3424130998267464,0.3677654643778427,0.025352364551096296,0.0,0.3518411893712112,0.4100330854583494,0.3886196497401204,0.4266481965667651,0.038028546826644694,0.0,0.40276178405681773,3.6754661170138885,3.587060379999998,2.7369092959059054,0.00644960246183875,0.8444442285329935,0.39135688631216536,0.0,69,11.5,0.0,0.0,4.460898781739131,4.48499589,4.31597311,4.596437979999999,3.0784720516862385,3.1221856065871525,0.0057039439512639,0.0058308292032081,0.3023431373470401,0.3032591642404376,0.2920692623337993,0.3077949275136502,0.0,0.35486258991962377,0.3564700126954479,0.3347772246906283,0.3656008258151035,0.0,0.40757237762874077,0.4095427251445878,0.3781768218248666,0.4238779779958765,0.0,0.3032706162093849,0.3032274269348716,0.296206549913374,0.3088827321889223,0.0,0.3565412324187679,0.3564548538697413,0.3424130998267464,0.3677654643778427,0.0,0.40981184862815273,0.4096822808046128,0.3886196497401204,0.4266481965667651,0.0,3.7394425200000008,2.7480933266678704,0.0066300973775544,0.892824609512244,True,True,4.358236070000001,4.335328359999998,0.3465018223144386,0.3484268802198803,3.116582491422447,0.0060119207400485,1,1,True,True,4.358236070000001,4.31597311,0.34687012588617394,0.362963868674337,3.1193840490047995,0.00602532209176015,2,2,True,True,True,True,True,True
2024-04-12,Persistent stratification,Persistent stratification,Persistent stratification,4.587816780833333,5.059923460000002,4.14725649,4.2463104933333335,4.241144190000001,0.9126669700000019,0.0,3.38543629851428,3.6794908752462496,3.120339549250499,3.133287978353594,0.5753183233778172,0.00591440467779945,0.0060299341888821,0.0059656860733521,0.00019192114097349965,0.31528145471396246,0.2986007769349992,0.3460637288292148,0.04746295189421562,0.0,0.31888310591610036,0.37728253783612986,0.3467115995733505,0.4297745722695705,0.08306297269621998,0.0,0.38500716964701126,0.4367806831832015,0.3943530792136615,0.5060687790592977,0.11171569984563623,0.0,0.44879719576443977,0.30732485499159634,0.2964719827665536,0.3258159643886966,0.029343981622142967,0.0,0.3121078286714985,0.3646497099831907,0.3429439655331056,0.4016319287773905,0.058687963244284935,0.0,0.3742156573429948,0.42197456497478697,0.3894159482996592,0.4774478931660871,0.0880319448664279,0.0,0.43632348601449333,3.6754661170138885,3.587060379999998,2.7369092959059054,0.006045129097599,0.6944447003220103,0.34994019759569905,0.0,70,11.666666666666666,0.0,0.0,4.632111035571429,4.4854251199999995,4.170441869999999,5.059923460000002,3.106961026086056,3.2189735852561294,0.0058380130479086,0.00589603490253605,0.3095347213930738,0.30689705932561684,0.2997360254093351,0.3348689933586448,0.0,0.3673248482068375,0.3621128729642828,0.3488781628700624,0.4127483000198289,0.0,0.42363389719353345,0.416150703147356,0.3974556801371881,0.4854995818566749,0.0,0.30435273940199903,0.3027848992586166,0.2967864182508734,0.3204747738929651,0.0,0.35870547880399606,0.3555697985172315,0.3435728365017452,0.3909495477859277,0.0,0.4130582182059951,0.4083546977758481,0.3903592547526185,0.4614243216788928,0.0,3.7394425200000008,2.7480933266678704,0.00594169524526835,0.6402655465774625,True,True,4.18967637,4.170441869999999,0.404145815850702,0.4127483000198289,3.106961026086056,0.0060085302316308,1,1,True,True,4.215740595,4.170441869999999,0.3940863064455369,0.4127483000198289,3.1136502876682774,0.0060060855563728,2,2,True,True,True,True,True,True
2024-04-13,Persistent stratification,Persistent stratification,Persistent stratification,4.993119702986111,5.21938784,4.753709630000003,4.815844696666667,4.819952815000001,0.46567820999999654,0.0,3.73480198855791,3.869101485950495,3.6133522537309246,3.6174282554964723,0.25574923221957047,0.0061037490767031,0.0062490170590423,0.006222094192046,0.0003364221188705994,0.29795652463708366,0.2886021230348964,0.3125996113388091,0.023997488303912684,0.0,0.30289599512587617,0.34514108893841045,0.3272529756726536,0.3718687876637403,0.04461581199108672,0.0,0.3546284805016976,0.3916225085504051,0.3659528383705129,0.4284195759135291,0.06246673754301618,0.0,0.4052992941203266,0.2949398962650019,0.2888970973865699,0.3030229030414825,0.014125805654912615,0.0,0.29864475286026876,0.3398797925300023,0.3277941947731384,0.3560458060829631,0.028251611309824676,0.0,0.34728950572053585,0.38481968879500417,0.3666912921597083,0.4090687091244456,0.04237741696473729,0.0,0.39593425858080467,4.142783876597222,3.876276279999998,2.93766773288897,0.006045129097599,0.3933519578299733,0.11325063222072507,0.0,69,11.5,0.0,0.0,5.014000519130435,4.952203060000002,4.753709630000003,5.21938784,3.6133522537309246,3.662971912167526,0.0059125949401717,0.006067945811742,0.2995287837781956,0.2996006163396366,0.291237156672367,0.3125996113388091,0.0,0.3480789144572647,0.348531689522106,0.3323534362078536,0.3718687876637403,0.0,0.3957477982060912,0.3968301471381753,0.3733443088060187,0.4284195759135291,0.0,0.29585608102688693,0.2964595193422647,0.2905613920559432,0.3030229030414825,0.0,0.34171216205377236,0.3429190386845278,0.3311227841118849,0.3560458060829631,0.0,0.38756824308065935,0.3893785580267924,0.3716841761678282,0.4090687091244456,0.0,3.971537099999999,2.7786735497028516,0.00594169524526835,0.4189181610325461,True,True,4.820570030000001,4.800720949999999,0.351020015664919,0.3553720588087802,3.6133522537309246,0.0062490170590423,1,1,True,True,4.819952815000001,4.753709630000003,0.3546284805016976,0.3626610865275136,3.6174282554964723,0.006222094192046,2,2,True,True,True,True,True,True
2024-04-14,Persistent stratification,Persistent stratification,Persistent stratification,5.221088117847223,5.529651520000002,4.897091570000001,5.0134482425,5.0086399450000005,0.632559950000001,0.0,3.9892375365401276,4.231354543269439,3.8135216361090905,3.8209189486488926,0.45901526947663784,0.0062870473882723,0.0064754973930429,0.00627356815925015,0.00043475428440259943,0.29888752099912835,0.2868608930256616,0.3100329558150078,0.023172062789346193,0.0,0.30365495418187716,0.3463981490022341,0.3237051828478225,0.3666000010732161,0.042894818225393594,0.0,0.35540547628419805,0.39269909548653237,0.3605329029618545,0.4203778043856509,0.05984490142379645,0.0,0.40549896970457155,0.29372851282636964,0.286757079328938,0.2998275344463982,0.013070455117460189,0.0,0.297146296177202,0.33745702565273766,0.3235141586578747,0.3496550688927947,0.02614091023491999,0.0,0.34429259235440246,0.38118553847910736,0.3602712379868127,0.3994826033391929,0.03921136535238018,0.0,0.39143888853160447,4.429669250833333,4.241144190000001,3.1616079333383875,0.006045129097599,0.37728253783612986,0.08306297269621998,0.0,67,11.166666666666666,0.0,0.0,5.274632429253732,5.2050292800000015,4.9844724199999995,5.529651520000002,3.8135216361090905,3.883354400186517,0.0060407431086403,0.0062886289453813,0.2978878156690955,0.2966134972637291,0.2903623429384732,0.3095179478916082,0.0,0.3445504022341808,0.3423701764665211,0.3307869478933576,0.3655988724965828,0.0,0.3901224030087886,0.3869641248751393,0.3712742537863508,0.4189133258800893,0.0,0.29309320337932937,0.2921597953887324,0.2896088392638373,0.2993229565987384,0.0,0.33618640675865724,0.3343195907774633,0.3292176785276732,0.348645913197475,0.0,0.3792796101379866,0.3764793861661957,0.3688265177915105,0.3979688697962135,0.0,4.48499589,3.1221856065871525,0.00594169524526835,0.3621128729642828,True,True,5.006271440000001,4.9844724199999995,0.35732945025978113,0.3651303877804283,3.8135216361090905,0.0062886289453813,1,1,True,True,5.0086399450000005,4.9844724199999995,0.35540547628419805,0.3655988724965828,3.8209189486488926,0.00627356815925015,2,2,True,True,True,True,True,True
2024-04-15,Persistent stratification,Persistent stratification,Persistent stratification,5.906005371388889,6.391650499999997,5.469795139999999,5.4948537475,5.494758815000001,0.9218553599999986,0.0,4.544849513753427,4.917581726590837,4.221847938124659,4.229005106430224,0.6957337884661774,0.00666349797327455,0.0073321091289245,0.006457926740883449,0.0010328143636638004,0.288544425438391,0.2784308219492323,0.2992213710848014,0.020790549135569103,0.0,0.2957477906441952,0.3265277838641866,0.3069708770960303,0.3464981943755121,0.03952731727948178,0.0,0.3403825774614391,0.36399624398817654,0.3356221641073693,0.392104301788431,0.056482137681061695,0.0,0.38400760098970776,0.28593290401369315,0.2793936678890831,0.2922055203723309,0.012811852483247788,0.0,0.29087729844564447,0.32186580802738507,0.3087873357781651,0.3344110407446603,0.025623704966495242,0.0,0.33175459689128756,0.35779871204107816,0.3381810036672482,0.3766165611169912,0.03843555744974303,0.0,0.3726318953369321,4.587816780833333,4.358236070000001,3.38543629851428,0.006045129097599,0.3552704034910807,0.04461581199108672,0.0,67,11.166666666666666,0.0,0.0,5.9018840500000005,5.559618919999998,5.469795139999999,6.391650499999997,4.221847938124659,4.238299751575669,0.0062992947652607,0.0065518637129206,0.289895185515359,0.2938918055061405,0.2801159000264417,0.2992213710848014,0.0,0.32908649705483245,0.3370226072122867,0.3102514370658113,0.3464981943755121,0.0,0.36763815821166645,0.3794446049911458,0.3404066692190921,0.392104301788431,0.0,0.2867602209282238,0.2902567225949025,0.2802704754157369,0.2922055203723309,0.0,0.3235204418564463,0.3305134451898037,0.3105409508314728,0.3344110407446603,0.0,0.3602806627846701,0.3707701677847062,0.3408114262472098,0.3766165611169912,0.0,4.4854251199999995,3.2189735852561294,0.00594169524526835,0.3564700126954479,True,True,5.493381995,5.471658600000001,0.3403825774614391,0.3463672860932471,4.236162274735789,0.0065518637129206,1,1,True,True,5.494758815000001,5.469795139999999,0.3403825774614391,0.3463672860932471,4.229005106430224,0.006457926740883449,2,2,True,True,True,True,True,True
2024-04-16,Persistent stratification,Persistent stratification,Persistent stratification,6.363323675069444,6.69652267,6.062249639999997,6.169349805833332,6.174803300000001,0.6342730300000028,0.0,4.943405350287981,5.101203358981322,4.794439788830187,4.815528934518125,0.3067635701511353,0.00747915379878465,0.008283316655281,0.00723656089847605,0.0011119451230530005,0.2802819341021571,0.2736147248372251,0.2896097943703262,0.01599506953310109,0.0,0.28289928739492415,0.31052877122548966,0.297414499309847,0.3282840202673582,0.03086952095751122,0.0,0.31571469547418984,0.34074400522505394,0.3214070714555737,0.366106192991913,0.044699121536339315,0.0,0.34844717341953774,0.28017933654959704,0.2758568499832524,0.2850560033325083,0.009199153349255917,0.0,0.2820091373455102,0.310358673099193,0.3017136999665038,0.3201120066650155,0.01839830669851167,0.0,0.3140182746910193,0.34053800964879005,0.3275705499497561,0.3551680099975238,0.027597460047767697,0.0,0.3460274120365295,4.993119702986111,4.819952815000001,3.73480198855791,0.0061037490767031,0.3463981490022341,0.042894818225393594,0.0,74,12.333333333333332,0.0,0.0,6.3787796866216215,6.299593179999999,6.062249639999997,6.69652267,4.794439788830187,4.8804450137835245,0.007188154120426,0.0072632619355809,0.28018109138984665,0.27936775543071557,0.2736147248372251,0.2863853826164003,0.0,0.31032384184316986,0.3088018358316173,0.297414499309847,0.3222318513765159,0.0,0.34043249754294397,0.33830305414761375,0.3214070714555737,0.3575710635723087,0.0,0.2800985652805573,0.27982824911644455,0.2758568499832524,0.2833886685963896,0.0,0.31019713056111353,0.3096564982328881,0.3017136999665038,0.3167773371927782,0.0,0.3402956958416709,0.3394847473493327,0.3275705499497561,0.3501660057891678,0.0,4.952203060000002,3.662971912167526,0.006067945811742,0.348531689522106,True,True,6.16984484,6.062249639999997,0.31585570269885066,0.3195803606906361,4.812375437095277,0.0072311690028732,1,1,True,True,6.174430195000001,6.062249639999997,0.3160502113517355,0.3195803606906361,4.803407612962731,0.0072205144321222,2,2,True,True,True,True,True,True
2024-04-17,Persistent stratification,Persistent stratification,Persistent stratification,6.015990688125,6.579708329999999,5.638529440000003,6.119250670833334,6.118151579999999,0.9411788899999962,0.0,4.886350481895852,5.073129106356537,4.848604839866368,4.888598343889701,0.45720872037677207,0.0078243037097247,0.0080927933486116,0.0073948705919160505,0.0007695498708868006,0.306612569190445,0.2756576510090671,0.3699858737559468,0.09432822274687974,0.0,0.28495790639021046,0.35649355732733323,0.3014578749871486,0.4459375984270981,0.14447972343994953,0.0,0.3196081790688702,0.4026196520060199,0.3274046026894465,0.5085942816911696,0.18118967900172311,0.0,0.3539622553654945,0.29243591944530445,0.2771229031175112,0.3137238938500641,0.03660099073255291,0.0,0.2831028761809945,0.33487183889060745,0.3042458062350214,0.3774477877001261,0.0732019814651047,0.0,0.31620575236198784,0.3773077583359119,0.3313687093525326,0.4411716815501902,0.10980297219765761,0.0,0.3493086285429824,5.221088117847223,5.0086399450000005,3.9892375365401276,0.0062870473882723,0.3463981490022341,0.042894818225393594,0.0,72,12.0,0.0,0.0,6.162266809166667,6.12402301,5.759172499999998,6.579708329999999,4.798772459330063,4.985594884121703,0.0073350787617178,0.00782485355750365,0.30009995474796236,0.28780614041102026,0.2756576510090671,0.3699858737559468,0.0,0.34415318126281513,0.3250038919309131,0.3014578749871486,0.4459375984270981,0.0,0.3852938544781257,0.3616332746362999,0.3274046026894465,0.5085942816911696,0.0,0.28875381464186384,0.28468041852711984,0.2771229031175112,0.3137238938500641,0.0,0.32750762928372645,0.31936083705423846,0.3042458062350214,0.3774477877001261,0.0,0.36626144392559035,0.3540412555813583,0.3313687093525326,0.4411716815501902,0.0,5.2050292800000015,3.883354400186517,0.0062886289453813,0.3423701764665211,True,True,5.993294794999999,5.964793609999997,0.3300324199729155,0.3368151088199075,4.798772459330063,0.0073867228855227,1,1,True,True,6.031538015000001,5.964793609999997,0.32355784959091194,0.3368151088199075,4.823688649598216,0.00736090082362025,2,2,True,True,True,True,True,True
2024-04-18,Persistent stratification,Persistent stratification,Persistent stratification,5.2618234034027775,5.74343146,4.81543126,5.083537263333333,5.075765519999999,0.9280001999999996,0.0,4.631385409701508,4.829858277658405,4.493685647694789,4.559818006550857,0.5061408875764162,0.0082974392208376,0.0088774104206527,0.008700559246030401,0.0010702645305919007,0.5573747591917986,0.3737920124623606,0.8336206112062985,0.4598285987439379,0.0,0.7992332363972943,0.6482858517507849,0.4503911994175258,0.8730186115797989,0.42262741216227306,0.0,0.845054996045491,0.7138927976582249,0.5134276412572122,0.9070642911362012,0.39363664987898905,0.0,0.8777191744772812,0.47490842058694827,0.3149272272911998,0.7760436025247485,0.46111637523354865,0.0,0.7614107831383949,0.5761813384363086,0.3798544545823973,0.8027098196251118,0.4228553650427145,0.0,0.7862305593366432,0.6540428147446816,0.4447816818735971,0.8319401523435835,0.3871584704699864,0.0,0.8110503355348924,5.2618234034027775,5.075765519999999,4.544849513753427,0.00666349797327455,0.3463981490022341,0.04461581199108672,0.0,67,11.166666666666666,0.0,0.0,5.401639021044776,5.443786899999999,4.963280779999998,5.74343146,4.493685647694789,4.7587573085853,0.0082708450679591,0.0084384826483699,0.5285278772658066,0.4445141792067892,0.3737920124623606,0.8336206112062985,0.0,0.6138323753766383,0.534446879634545,0.4503911994175258,0.8686153526356813,0.0,0.6772540646346397,0.6084568324975241,0.5134276412572122,0.897002964968283,0.0,0.4465141636101766,0.3464737531191904,0.3149272272911998,0.7760436025247485,0.0,0.5370332386230713,0.4429475062383773,0.3798544545823973,0.8003637459272088,0.0,0.6115403951770148,0.5394212593575676,0.4447816818735971,0.8246838893296701,0.0,5.443786899999999,4.238299751575669,0.0065518637129206,0.3423701764665211,True,True,5.01135118,4.963280779999998,0.8575372051283727,0.8686153526356813,4.493685647694789,0.0085237080714081,1,1,True,True,5.075765519999999,4.963280779999998,0.845054996045491,0.8686153526356813,4.559818006550857,0.008700559246030401,2,2,True,True,True,True,True,True
2024-04-19,Persistent stratification,Persistent stratification,Persistent stratification,5.092680203958333,5.537348869999999,4.622925839999997,5.277010430833335,5.284606960000001,0.9144230300000018,0.0,4.594529351514081,4.736416394710584,4.623354489431613,4.644809718501349,0.37563827623880375,0.0093725034586061,0.0097230405089724,0.008869062328413651,0.0015568001748941986,0.5192001667405585,0.3488607964931822,0.8523711495474897,0.5035103530543075,0.0,0.4380657332238346,0.6230393407571015,0.4245457380717918,0.8949596138903143,0.4704138758185225,0.0,0.5285244570917919,0.7030042845830342,0.4896093063764072,0.9295303058505856,0.4399209994741784,0.0,0.6035946988024203,0.4315795593707797,0.3128354336097971,0.7843826244459245,0.47154719083612745,0.0,0.3456661716175413,0.5537514344894887,0.3756708672195921,0.8160583491556214,0.4403874819360293,0.0,0.4413323432350793,0.6569826135485003,0.4385063008293892,0.8477340738653194,0.4092277730359302,0.0,0.5369985148526206,5.2618234034027775,5.284606960000001,4.594529351514081,0.00747915379878465,0.3463981490022341,0.04461581199108672,0.0,72,12.0,0.0,0.0,5.110407497777778,5.17913581,4.622925839999997,5.537348869999999,4.360778118471781,4.6030582356948075,0.0081662403340782,0.0090080805552084,0.5462976502909478,0.4566552800918986,0.3488607964931822,0.8523711495474897,0.0,0.6405740309830511,0.5531447331637803,0.4245457380717918,0.8949596138903143,0.0,0.7060046611365922,0.6336172472878083,0.4896093063764072,0.9295303058505856,0.0,0.471906016369929,0.35873759653801585,0.3128354336097971,0.7843826244459245,0.0,0.5749966642357219,0.4674751930760279,0.3756708672195921,0.8160583491556214,0.0,0.6429594880310652,0.5762127896140439,0.4385063008293892,0.8477340738653194,0.0,5.443786899999999,4.6030582356948075,0.0072632619355809,0.3423701764665211,True,True,5.156914035,5.130484120000002,0.5552580173807682,0.574048988453463,4.582761981958002,0.0091295534041217,1,1,True,True,5.224672965000002,5.130484120000002,0.5415655001218813,0.574048988453463,4.6030582356948075,0.00896930908783615,2,2,True,True,True,True,True,True
2024-04-20,Persistent stratification,Persistent stratification,Persistent stratification,4.554039007152777,4.894656210000001,4.1561465800000015,4.244428330000001,4.233449629999999,0.7385096299999994,0.0,4.158674820092806,4.343971644479617,3.939784145830048,3.986386528120778,0.48616598855325455,0.00965237331552785,0.0099965436171927,0.00961196434751935,0.0006386341380793005,0.6538436742141216,0.4527503775069511,0.8780938474265884,0.4253434699196373,0.0,0.8690920184554818,0.7505267852217492,0.5630804082213821,0.9318182687063378,0.3687378604849557,0.0,0.9238503412301816,0.8252426972577898,0.6560824919781403,0.9807793773654354,0.32469688538729513,0.0,0.9668027255473441,0.5726835521103796,0.3721660320915034,0.798716823704569,0.4265507916130656,0.0,0.7925143192324191,0.6820180135232401,0.4943320641830026,0.843065994697489,0.3487339305144864,0.0,0.8363947933231863,0.7707884202051531,0.616498096274506,0.8916497710893709,0.2751516748148649,0.0,0.8791016674866547,5.2618234034027775,5.284606960000001,4.594529351514081,0.0078243037097247,0.35649355732733323,0.14447972343994953,0.0,67,11.166666666666666,0.0,0.0,4.59669785358209,4.57012507,4.180160750000002,4.894656210000001,3.939784145830048,4.296930233901677,0.0093579094791134,0.0096142537082003,0.6786855170503642,0.8452036895121295,0.4527503775069511,0.8741942888232778,0.0,0.7573982139148211,0.893976987590675,0.5630804082213821,0.9281872570621572,0.0,0.8230112066929003,0.9308961849406492,0.6560824919781403,0.9739187194686476,0.0,0.5990638824823152,0.7805237682052558,0.3721660320915034,0.795923827388546,0.0,0.680438665887717,0.8152329441018016,0.4943320641830026,0.8397449014277789,0.0,0.7618134492931214,0.8487074370627516,0.616498096274506,0.8855874351666237,0.0,5.443786899999999,4.6030582356948075,0.00782485355750365,0.3423701764665211,True,True,4.2103038900000005,4.180160750000002,0.9253352111092782,0.9281872570621572,3.939784145830048,0.0096142537082003,1,1,True,True,4.233449629999999,4.180160750000002,0.9238503412301816,0.9281872570621572,3.986386528120778,0.00961196434751935,2,2,True,True,True,True,True,True
2024-04-21,Persistent stratification,Persistent stratification,Persistent stratification,4.80711281875,5.083186130000001,4.521256700000002,4.667003595,4.669163730000001,0.5619294299999993,0.0,4.318940572707696,4.473776696184068,4.173530677713349,4.196875288919566,0.3311985544338709,0.009510848063417301,0.0097414932618675,0.0094896023946184,0.0003995186104477997,0.5321064401535802,0.3957063885176807,0.8039353396835885,0.40822895116590785,0.0,0.5437062821137193,0.6537262192833637,0.4974453437415366,0.8777330359217091,0.38028769218017255,0.0,0.6851620443403931,0.7429949890494578,0.583695086195513,0.9285701119493804,0.3448750257538674,0.0,0.7965265594982609,0.4502320309835036,0.3460289236044983,0.763993508148033,0.41796458454353475,0.0,0.4482743636193966,0.5951719839816814,0.4420578472089933,0.8067446867125229,0.36468683950352954,0.0,0.6465487272387862,0.7026563094115361,0.5380867708134917,0.8494958652770142,0.3114090944635225,0.0,0.770832267395827,5.2618234034027775,5.284606960000001,4.594529351514081,0.0082974392208376,0.6230393407571015,0.3687378604849557,0.0,67,11.166666666666666,0.0,0.0,4.895734124925373,4.926555369999999,4.589106569999998,5.083186130000001,4.173530677713349,4.337837438822576,0.0093419746514197,0.009500139588128,0.4757073310201112,0.4721546806798989,0.3957063885176807,0.6225211448815485,0.0,0.5898186219662713,0.5791962690471739,0.4974453437415366,0.7892366294213327,0.0,0.6836000018519517,0.6695252739892229,0.583695086195513,0.8647993900723557,0.0,0.38792866282257243,0.3766690066654513,0.3460289236044983,0.5457474241286671,0.0,0.5246933071195101,0.503338013330898,0.4420578472089933,0.7635056070401222,0.0,0.6461887036666509,0.6300070199963493,0.5380867708134917,0.8071610539804412,0.0,5.443786899999999,4.6030582356948075,0.0084384826483699,0.534446879634545,True,True,4.635265799999999,4.589106569999998,0.7215126880477609,0.7892366294213327,4.173530677713349,0.0094667426910366,1,1,True,True,4.669163730000001,4.589106569999998,0.6851620443403931,0.7892366294213327,4.196875288919566,0.0094896023946184,2,2,True,True,True,True,True,True
2024-04-22,Persistent stratification,Persistent stratification,Persistent stratification,4.787990373402778,5.121197170000002,4.331151869999999,4.514808049166668,4.524547255000002,0.7900453000000027,0.0,4.2330728005543135,4.4070338974023,4.039327704861541,4.08746497232482,0.49056974092448646,0.00933306274058415,0.009592774310262,0.009212984772051899,0.000513845854859701,0.6293661781190756,0.43723025190322,0.8910169211454648,0.4537866692422448,0.0,0.8751123384367494,0.7347233768265046,0.5519726276339993,0.9496721962682249,0.3976995686342255,0.0,0.9303253448156856,0.8146794683170921,0.6474337432820695,0.9978452973002332,0.3504115540181637,0.0,0.9746157622993966,0.5551893835086064,0.3696988119342314,0.8068119137502172,0.43711310181598584,0.0,0.7968012182191565,0.6701246830684149,0.4893976238684585,0.8583200174583628,0.36892239358990436,0.0,0.8425521830827054,0.7625938962424544,0.6090964358026898,0.9098281211665102,0.30073168536382044,0.0,0.8881110846011573,5.092680203958333,5.075765519999999,4.594529351514081,0.00933306274058415,0.6482858517507849,0.38028769218017255,0.0,70,11.666666666666666,0.0,0.0,4.876114473571429,4.965266939999999,4.449810919999997,5.121197170000002,4.039327704861541,4.3818050513690565,0.0090789284554023,0.009319875289294,0.6105217300939475,0.49416046901870153,0.43723025190322,0.8815631996288555,0.0,0.7076817113471126,0.6107279961127665,0.5519726276339993,0.9355941019675108,0.0,0.7857362527769196,0.7100815808528366,0.6474337432820695,0.9820523232748088,0.0,0.5351608968413409,0.3960773801087097,0.3697627624229683,0.8015436892015693,0.0,0.6399939544684798,0.5421547602174142,0.4895255248459324,0.8471416867855674,0.0,0.7344492736661206,0.688232140326124,0.6092882872689007,0.8945980682113499,0.0,5.17913581,4.6030582356948075,0.0090080805552084,0.5531447331637803,True,True,4.484325830000001,4.449810919999997,0.9352337194204658,0.9355941019675108,4.039327704861541,0.0091495923445969,1,1,True,True,4.524547255000002,4.449810919999997,0.9303253448156856,0.9355941019675108,4.08746497232482,0.009212984772051899,2,2,True,True,True,True,True,True
2024-04-23,Persistent stratification,Persistent stratification,Persistent stratification,5.2948432852777785,5.647967549999997,4.877329369999998,5.116765581666667,5.1184420500000005,0.7706381799999988,0.0,4.59983107040063,4.894003326537402,4.373720524812039,4.397972350844012,0.6117609186804502,0.00935798180263415,0.0096109220426426,0.00918270662104305,0.0005819406094531004,0.4382140370894934,0.3508644420829026,0.6710994303566006,0.320234988273698,0.0,0.4283881204126203,0.549031776363618,0.4361952216560845,0.8226430278173904,0.3864478061613059,0.0,0.5403825840187786,0.6387259364772513,0.5125249648019717,0.892239617349587,0.3797146525476153,0.0,0.6347572021814734,0.37686139354703285,0.3254789019335397,0.6166797791355731,0.29120087720203347,0.0,0.36498574556802776,0.4983916786739084,0.4009578038670766,0.7781026026698026,0.377144798802726,0.0,0.47997149113605153,0.5995163088227479,0.4764367058006162,0.8271236830200877,0.35068697721947145,0.0,0.5949572367040793,5.092680203958333,5.075765519999999,4.594529351514081,0.00935798180263415,0.6482858517507849,0.3864478061613059,0.0,67,11.166666666666666,0.0,0.0,5.34114480522388,5.18967421,5.011605150000001,5.647967549999997,4.373720524812039,4.422224176875985,0.009156479725253,0.0093387184931997,0.4024314523022083,0.3950731071456408,0.3508644420829026,0.4877501737310748,0.0,0.5038806389251199,0.4996578191234134,0.4361952216560845,0.604906917928358,0.0,0.5907119666675563,0.588949416365807,0.5125249648019717,0.7061140677670437,0.0,0.35016630819366823,0.3490187381673859,0.3254789019335397,0.3948964108028878,0.0,0.4503326163873329,0.4480374763347683,0.4009578038670766,0.5397928216057704,0.0,0.5504989245810011,0.5470562145021542,0.4764367058006162,0.6846892324086582,0.0,5.17913581,4.422224176875985,0.009319875289294,0.5531447331637803,True,True,5.083743119999999,5.011605150000001,0.5842878278514303,0.604906917928358,4.373720524812039,0.009156479725253,1,1,True,True,5.1184420500000005,5.011605150000001,0.5403825840187786,0.604906917928358,4.397972350844012,0.00918270662104305,2,2,True,True,True,True,True,True
2024-04-24,Persistent stratification,Persistent stratification,Persistent stratification,5.315737469861111,5.726088900000001,4.915551500000003,5.1572289275,5.176817745000001,0.8105373999999976,0.0,4.725240098290047,4.887084689104668,4.614236658147685,4.654499354320307,0.43730778569139783,0.00958345523220205,0.00987484519537,0.009350162897778048,0.0006201759503215998,0.5623581208085648,0.3303998940697324,0.8711981054312693,0.5407982113615368,0.0,0.8130694575566857,0.6655852772912982,0.4036583717966526,0.9231505604628228,0.5194921886661703,0.0,0.8763852408113078,0.7448686866111505,0.4717747452879634,0.9656076317104442,0.49383288642248074,0.0,0.9218009874804334,0.49240001936703304,0.3151279493924579,0.7950721689453613,0.47994421955290334,0.0,0.7671478814160039,0.6040501213332141,0.3802558987849135,0.8376017935933533,0.4573458948084398,0.0,0.8057172829176205,0.696138452865321,0.4453838481773713,0.8801314182413468,0.43474757006397546,0.0,0.8442866844192385,5.092680203958333,5.075765519999999,4.594529351514081,0.0093725034586061,0.6537262192833637,0.3976995686342255,0.0,67,11.166666666666666,0.0,0.0,5.44743989402985,5.485430749999999,5.003189320000001,5.726088900000001,4.614236658147685,4.83833306986026,0.0092719154584583,0.0094501881112579,0.4809668461493899,0.4418569870113964,0.3303998940697324,0.8626935270374181,0.0,0.5805402324931597,0.5493819204451111,0.4036583717966526,0.9102400362140658,0.0,0.662770221792538,0.6397677193096237,0.4717747452879634,0.9511898181898908,0.0,0.41599684290267636,0.3652305388583317,0.3151279493924579,0.7900794619895258,0.0,0.5203096309996029,0.4804610777166593,0.3802558987849135,0.8273901847860551,0.0,0.6174806989058286,0.5956916165749911,0.4453838481773713,0.8670285802928833,0.0,5.17913581,4.422224176875985,0.0093387184931997,0.5531447331637803,True,True,5.103902694999999,5.003189320000001,0.8898169939927514,0.9098450901835274,4.614236658147685,0.0092719154584583,1,1,True,True,5.176817745000001,5.003189320000001,0.8763852408113078,0.9102400362140658,4.654499354320307,0.009350162897778048,2,2,True,True,True,True,True,True
2024-04-25,Persistent stratification,Persistent stratification,Persistent stratification,5.162865824861111,5.3990344499999985,4.851337359999999,5.086618775,5.095698245000001,0.5476970899999998,0.0,4.603841329121871,4.766406099115428,4.549133084580865,4.591217831983384,0.33694885019697285,0.009899141020118699,0.0103961387760546,0.00977010194656055,0.0008043590195944,0.6778406025265389,0.4848074672139357,0.8869093153422926,0.40210184812835686,0.0,0.8700300019678742,0.7919813877492589,0.6106572311812968,0.9482513697905796,0.3375941386092828,0.0,0.9261389297272355,0.8757044779742091,0.7121572339333735,0.9989735231487972,0.2868162892154237,0.0,0.9710954448941693,0.6043982779230297,0.3976049662458464,0.8042490291099459,0.4066440628640995,0.0,0.793647928201258,0.7365236057616331,0.5452099324916877,0.8562790412988714,0.31106910880718375,0.0,0.839203611818055,0.8224247200866325,0.692814898737534,0.9101066973952262,0.21729179865769221,0.0,0.8845185910205539,5.092680203958333,5.095698245000001,4.594529351514081,0.009510848063417301,0.6655852772912982,0.3864478061613059,0.0,68,11.333333333333332,0.0,0.0,5.256787700147059,5.287259995000001,5.00619193,5.3990344499999985,4.549133084580865,4.667000886253174,0.00969834068807,0.0098394106203634,0.633269941040751,0.5479261063618825,0.4848074672139357,0.8780445630217447,0.0,0.7513519335917039,0.6940214202949014,0.6106572311812968,0.9353467159500836,0.0,0.8421080581457412,0.8088779563460718,0.7121572339333735,0.9818149605082684,0.0,0.5530800604237064,0.4558472742947949,0.3976049662458464,0.7984868599033182,0.0,0.6988800771513837,0.6616945485895824,0.5452099324916877,0.846528208361707,0.0,0.8006626779635597,0.7786641192784234,0.692814898737534,0.8945695568200974,0.0,5.17913581,4.422224176875985,0.0094501881112579,0.5791962690471739,True,True,5.046654044999999,5.00619193,0.9317326741450332,0.9353467159500836,4.549133084580865,0.0097484787545887,1,1,True,True,5.095698245000001,5.00619193,0.9261389297272355,0.9353467159500836,4.591217831983384,0.00977010194656055,2,2,True,True,True,True,True,True
2024-04-26,Persistent stratification,Persistent stratification,Persistent stratification,5.118189982569444,5.422140629999998,4.75022749,4.897140570833333,4.89732804,0.6719131399999974,0.0,4.473763997202875,4.6529727424713565,4.2661557705394175,4.309044742649645,0.46648523444503365,0.009879142631301348,0.0102107662913923,0.009969131480345499,0.0006865539803029997,0.6326906867148085,0.3899613491107417,0.9315304486737556,0.5415690995630138,0.0,0.9023735244007869,0.7436802206681168,0.5024589823390011,1.0066851752471386,0.5042261929081375,0.0,0.9766310274450403,0.8323087569783946,0.6014894780380475,1.0717355440423957,0.47024606600434815,0.0,1.036179037931801,0.5692869243280761,0.3571867033951213,0.8347977359610164,0.47761103256589504,0.0,0.8133905412999969,0.6830842070318639,0.4643734067902388,0.910054181329381,0.4456807745391422,0.0,0.8815387051662879,0.7785272291503955,0.5715601101853602,0.9894775485937476,0.41791743840838735,0.0,0.9493031737754065,5.118189982569444,4.89732804,4.473763997202875,0.00958345523220205,0.7347233768265046,0.3864478061613059,0.0,66,11.0,0.0,0.0,5.1779424806060605,5.180441625000002,4.796682669999999,5.422140629999998,4.2661557705394175,4.605062354648435,0.0095242123110893,0.0099471977994978,0.6562939031345572,0.7503533206350862,0.3899613491107417,0.9226987561960932,0.0,0.7505118534731811,0.8701525904328997,0.5024589823390011,0.9972527523176652,0.0,0.8273726862801645,0.9372480314844069,0.6014894780380475,1.058483461655719,0.0,0.5949111465104154,0.7216505777292386,0.3571867033951213,0.8278543131683327,0.0,0.6836633397858467,0.8052214352546612,0.4643734067902388,0.9010831764478168,0.0,0.7667972625441966,0.8596934853794046,0.5715601101853602,0.9743120397273036,0.0,5.180441625000002,4.422224176875985,0.009500139588128,0.6107279961127665,True,True,4.866920889999999,4.796682669999999,0.9847463347778542,0.9972527523176652,4.2661557705394175,0.0099471977994978,1,1,True,True,4.89732804,4.796682669999999,0.9766310274450403,0.9972527523176652,4.309044742649645,0.009969131480345499,2,2,True,True,True,True,True,True
2024-04-27,Persistent stratification,Persistent stratification,Persistent stratification,5.619322742013889,6.008828380000001,5.32889016,5.501192749999999,5.50557875,0.6799382200000004,0.0,4.864422727773598,5.157678640217266,4.687183283064958,4.6977204381387425,0.531734566372787,0.0091937609127659,0.0097020479745583,0.0093687774502844,0.0007779334540312013,0.35734571024476713,0.3101771083813317,0.4423949658234204,0.1322178574420887,0.0,0.36974680585835484,0.44627019055017514,0.3693323281384816,0.564666542410063,0.19533421427158137,0.0,0.4718993000795959,0.5267941114942292,0.4275359690289148,0.6702097486243064,0.2426737795953916,0.0,0.5637997707557547,0.3341262202425322,0.3067282102321156,0.3816425099150529,0.07491429968293728,0.0,0.3449824537052789,0.4182524404850614,0.3634564204642292,0.5132850198301012,0.149828599365872,0.0,0.4399649074105545,0.5023786607275935,0.4201846306963449,0.6449275297451541,0.22474289904880923,0.0,0.5349473611158334,5.162865824861111,5.095698245000001,4.59983107040063,0.009510848063417301,0.6655852772912982,0.3864478061613059,0.0,66,11.0,0.0,0.0,5.677483728484849,5.551960149999999,5.383946720000001,6.008828380000001,4.650996404555713,4.708257593212527,0.0089312052218502,0.0093192654108159,0.3538241086180406,0.35724255633867863,0.3124853642805771,0.3995357816008101,0.0,0.442084940213312,0.4524531033799737,0.3733844054272066,0.5142320181761518,0.0,0.5223714122156263,0.5397546502920825,0.4328537885062577,0.6138645599581734,0.0,0.3329431477773469,0.33797966422202186,0.3074954964065151,0.360711178051519,0.0,0.4158862955546908,0.4259593284440406,0.3649909928130281,0.4714223561030339,0.0,0.4988294433320377,0.5139389926660625,0.4224864892195432,0.5821335341545529,0.0,5.18967421,4.605062354648435,0.0094501881112579,0.5791962690471739,True,True,5.52543,5.503276700000001,0.4553776898350983,0.4762692070663613,4.708257593212527,0.0093192654108159,1,1,True,True,5.50557875,5.44287276,0.47503929354993835,0.5073408028395251,4.6977204381387425,0.0093687774502844,2,2,True,True,True,True,True,True
2024-04-28,Persistent stratification,Persistent stratification,Persistent stratification,5.81084857125,6.262667480000001,5.08985406,6.060234663333333,6.061609089999999,1.1728134200000007,0.0,5.1157678738991335,5.329874502974362,5.171826372544612,5.185350733752768,0.7489837755786208,0.00934258578953585,0.009914334272915,0.00931231943369815,0.0008797206614511999,0.49928722064117537,0.2889816099483402,0.8919112950073379,0.6029296850589977,0.0,0.31663683374894724,0.57934202154475,0.3284775090457801,0.9533087177920656,0.6248312087462855,0.0,0.380625064992609,0.6427480911902282,0.3685241269696468,1.003741558745794,0.6352174317761472,0.0,0.4423098635423512,0.4611275014676815,0.2925665885532882,0.8085955242880474,0.5160289357347592,0.0,0.30915881777895216,0.5462103100899165,0.335133177106575,0.8638195656282335,0.5286863885216585,0.0,0.36831763555790226,0.6094276614750967,0.3776997656598632,0.9190436069684216,0.5413438413085584,0.0,0.4274764533368544,5.2948432852777785,5.1184420500000005,4.603841329121871,0.00935798180263415,0.6655852772912982,0.3976995686342255,0.0,73,12.166666666666666,0.0,0.0,5.7295756983561645,6.009957979999999,5.08985406,6.150266689999999,4.580890727395741,5.171534443843183,0.0090346136114638,0.00932689375027715,0.5523092736361335,0.3191733782934898,0.2983316331308984,0.8919112950073379,0.0,0.6166063807237288,0.3851381940993257,0.3465712957205891,0.9533087177920656,0.0,0.6712383185442011,0.4484276162579535,0.3947197631169106,1.003741558745794,0.0,0.5193830580571858,0.3105689623001949,0.2979077373630774,0.8085955242880474,0.0,0.5753066342924211,0.3711379246003876,0.3458154747261531,0.8638195656282335,0.0,0.6274466492646051,0.4317068869005824,0.3937232120892305,0.9190436069684216,0.0,5.287259995000001,4.667000886253174,0.0093387184931997,0.5493819204451111,True,True,6.073010245000001,6.042792589999998,0.3781459030440119,0.3822620156070972,5.222429227452354,0.0094101535570915,1,1,True,True,6.065810595,6.020810730000001,0.3789541894660106,0.3903778886395057,5.1971277999984835,0.00937216298260555,2,2,True,True,True,True,True,True
2024-04-29,Diurnally oscillating stratification,Diurnally oscillating stratification,Diurnally oscillating stratification,4.636249922430555,5.069546159999998,4.183564659999998,4.734971613333333,4.746440890000001,0.8859814999999998,0.0,3.9853604157756646,4.436791589370267,4.013035334704539,4.05556826447609,0.8859568539176466,0.009628121489496249,0.0108269736005947,0.0106469870453413,0.0015107798084648006,0.908155800110909,0.4823746033694275,1.322491629752829,0.8401170263834016,0.0,1.1333076387312275,1.0670548595439415,0.6752544410202461,1.3603374714566332,0.6850830304363871,0.0,1.277275797927909,1.1727204127298112,0.8530023385342281,1.3897703881711234,0.5367680496368953,0.0,1.3250940407062846,0.852064089487469,0.4565413376583678,1.269915437731512,0.8133741000731443,0.0,1.0541114675294745,1.0153567680749802,0.6630826753167283,1.293833515559588,0.6307508402428597,0.0,1.256695731490129,1.1165930752341209,0.8235931745812624,1.3177515933876645,0.4941584188064021,0.0,1.278545219107064,5.2948432852777785,5.1184420500000005,4.603841329121871,0.00958345523220205,0.6655852772912982,0.5042261929081375,0.0,71,11.833333333333332,0.0,0.0,4.642158429014084,4.7019357,4.183564659999998,5.069546159999998,3.55083473545262,4.013035334704539,0.0093161937921299,0.0095852219626092,1.0078278866117023,0.9872597329283276,0.5456163079040065,1.322491629752829,0.0,1.1253504630447044,1.1109489469369942,0.7536941171664083,1.3603374714566332,0.0,1.2018635653939544,1.211384475059352,0.9100180277142644,1.3897703881711234,0.0,0.9332433771760199,0.8836990362704464,0.5026032405863503,1.269915437731512,0.0,1.0629441057625784,1.033220643383701,0.7522009964107736,1.293833515559588,0.0,1.1456907657578157,1.1856952463075865,0.858986905634167,1.3177515933876645,0.0,5.287259995000001,4.667000886253174,0.0094501881112579,0.5493819204451111,True,True,4.697753555,4.67103328,1.313970299445331,1.3509447430866914,4.013035334704539,0.0107613266263887,1,1,True,True,4.746440890000001,4.67103328,1.277275797927909,1.3509447430866914,4.05556826447609,0.0106469870453413,2,2,True,True,True,True,True,True
2024-04-30,Diurnally oscillating stratification,Diurnally oscillating stratification,Diurnally oscillating stratification,3.1549920281944446,4.210729749999999,1.94292132,3.8292339858333335,3.8313917550000003,2.2678084299999988,0.0,2.1110919035698315,3.4658459102645707,2.9743099015683936,3.028256647499223,2.3616750735407104,0.010313385366663201,0.0132133268036123,0.0093796319035257,0.004642331319258199,1.545916331620132,1.2917875833661918,1.840410212479633,0.5486226291134413,0.0,1.328745451739429,1.6263435175306282,1.34433228831718,1.883813788292964,0.539481499975784,0.0,1.3755070970836298,1.6757696244938538,1.3785407163717711,1.9175457767543196,0.5390050603825485,0.0,1.4113679388535179,1.4846310758655559,1.25865225143321,1.773042223818154,0.5143899723849441,0.0,1.2729246848352254,1.5608176595363212,1.2852337791255792,1.7989227522490605,0.5136889731234813,0.0,1.3037988830258755,1.6066169376098085,1.3106886736176384,1.824803280679968,0.5141146070623297,0.0,1.3346730812165268,5.162865824861111,5.095698245000001,4.603841329121871,0.009628121489496249,0.7436802206681168,0.5194921886661703,0.0,76,12.666666666666666,0.0,0.0,3.209231401578948,3.735308045000002,1.94292132,4.210729749999999,1.1041708367238603,2.868859487210987,0.0085709954843541,0.0093214821222455,1.5256721994695748,1.3355481197507344,1.2917875833661918,1.840410212479633,0.0,1.5786113510853843,1.3856350978016763,1.34433228831718,1.883813788292964,0.0,1.6146285935107132,1.4263616966622439,1.3785407163717711,1.9175457767543196,0.0,1.476226303773234,1.2758845462675215,1.25865225143321,1.773042223818154,0.0,1.509488828756173,1.3101117820549493,1.2852337791255792,1.7989227522490605,0.0,1.5363445871169445,1.3449351766793916,1.3106886736176384,1.824803280679968,0.0,5.287259995000001,4.667000886253174,0.0094501881112579,0.6940214202949014,True,True,3.7219714850000027,3.6684781300000004,1.3880715991464037,1.4079844183408805,2.639003602540651,0.0105906616228947,1,1,True,True,3.746033370000001,3.6684781300000004,1.383514466491842,1.4079844183408805,2.753931544875819,0.0101482914621783,2,2,True,True,True,True,True,True
2024-05-01,Diurnally oscillating stratification,Diurnally oscillating stratification,Diurnally oscillating stratification,1.5576412099999999,2.0306216399999997,1.278807950000001,1.588065973333333,1.5690590750000002,0.7518136899999988,0.0,0.8941652967414447,1.053458337108985,0.8295014904677495,0.8503871575376111,0.31741033360671056,0.0053279856897473,0.0081966737910029,0.006708854766412149,0.00322618871778,1.2260458764068407,0.4574006981594616,1.8664877703615472,1.4090870722020856,0.0,1.8500596741498083,1.529269282316899,0.7266469487857574,1.91266232036883,1.1860153715830726,0.0,1.899606952030831,1.761384215413896,1.1571305378311725,1.95114775937922,0.7940172215480474,0.0,1.9376535754371365,1.2033909048438705,0.4915703308344386,1.787852208990938,1.2962818781564995,0.0,1.778717761895264,1.4867913628275624,0.7331406616688686,1.820756451602372,1.0876157899335035,0.0,1.810979945425518,1.7008843169481969,1.1626098359655228,1.8560368169047623,0.6934269809392395,0.0,1.8425773552657403,5.118189982569444,4.89732804,4.473763997202875,0.009628121489496249,0.7919813877492589,0.539481499975784,0.0,69,11.5,0.0,0.0,1.6268620086956518,1.6254090399999974,1.3275314799999975,2.0306216399999997,0.7708606493731369,0.9144947163299091,0.0049704850732229,0.00628323989169535,1.4732781891050817,1.8202883053789407,0.4603811154366151,1.8664877703615472,0.0,1.6481032909975282,1.8716408121778796,0.7266469487857574,1.91266232036883,0.0,1.7976292599412187,1.9093045161932756,1.1571305378311725,1.95114775937922,0.0,1.4273625180123655,1.766449526104623,0.4915703308344386,1.787852208990938,0.0,1.5925780070869802,1.7940267711953088,0.7331406616688686,1.820756451602372,0.0,1.731760067362634,1.820415295067295,1.1626098359655228,1.85508678849922,0.0,5.180441625000002,4.605062354648435,0.00932689375027715,0.8701525904328997,True,True,1.5193779199999984,1.4503330499999976,1.8995154036354283,1.91266232036883,0.7708606493731369,0.0060148940112619,1,1,True,True,1.5563277100000015,1.4503330499999976,1.8999046877135017,1.91266232036883,0.8001810699204432,0.00628323989169535,2,2,True,True,True,True,True,True
2024-05-02,Diurnally oscillating stratification,Diurnally oscillating stratification,Diurnally oscillating stratification,1.3766837205555555,1.796741579999999,1.0040903799999974,1.1354769500000004,1.1389759900000005,0.7926512000000017,0.0,0.8428512962814497,1.1361777035606695,0.6023154580190163,0.6117668203909494,0.5723486108071157,0.0040488575115174,0.0053074841784022,0.00472220296286805,0.0016447864869424994,0.9841179563119893,0.3354664533546047,1.8812802433862088,1.545813790031604,0.0,1.8634357130464156,1.1634223827246168,0.4271564679712629,1.942551285053589,1.5153948170823262,0.0,1.9245738323548274,1.3201396363658422,0.5296852161975842,1.991491064982668,1.4618058487850838,0.0,1.9715298113613267,0.9744927238011449,0.3593289185441412,1.797642385086593,1.4383134665424517,0.0,1.787351527924478,1.146942592731005,0.4686578370882784,1.847452511871894,1.3787946747836157,0.0,1.8327097485824275,1.2896719483115355,0.5779867556324196,1.897262638657197,1.3192758830247773,0.0,1.8767316413060129,4.636249922430555,4.746440890000001,3.9853604157756646,0.00934258578953585,1.0670548595439415,0.6248312087462855,0.0,67,11.166666666666666,0.0,0.0,1.421300767761194,1.3328906299999979,1.0572879200000003,1.796741579999999,0.6023154580190163,0.7864092059086206,0.0036626976914597,0.004529780106185,1.1405694753404867,1.639460521265342,0.3354664533546047,1.879698603045099,0.0,1.2437183973661918,1.8131255048968664,0.4271564679712629,1.935018197645896,0.0,1.341156694485715,1.8835679677236448,0.5296852161975842,1.9796442603794453,0.0,1.11909117822169,1.5690803913643456,0.3593289185441412,1.796369819399378,0.0,1.2198559725917573,1.771881392497534,0.4686578370882784,1.8403200885798328,0.0,1.3076535587687201,1.8145374874291509,0.5779867556324196,1.8851733098787984,0.0,4.7019357,4.013035334704539,0.0093214821222455,1.1109489469369942,True,True,1.0948466799999998,1.0572879200000003,1.9152763249246396,1.929606230654412,0.6023154580190163,0.004529780106185,1,1,True,True,1.1389759900000005,1.0572879200000003,1.9245738323548274,1.935018197645896,0.6117668203909494,0.00472220296286805,2,2,True,True,True,True,True,True
2024-05-03,Diurnally oscillating stratification,Diurnally oscillating stratification,Diurnally oscillating stratification,1.0052704273611113,1.7466217999999998,0.518493320000001,1.2834643225000004,1.2754887450000005,1.2281284799999987,0.0,0.7134514900394566,1.1633598675667338,1.0061223754828514,1.033326262294015,0.8744367789506065,0.0024930941090775,0.0035566702935949,0.0026189919156249,0.0013477561054551002,1.3464119751478418,0.3381241112491194,1.9387997237852692,1.6006756125361499,0.0,1.0323962018206303,1.4853412709719973,0.4330118738048777,2.0276973686904163,1.5946854948855385,0.0,1.2102290062479857,1.603441319562189,0.5400736991242692,2.10147963525661,1.5614059361323407,0.0,1.3651941743793894,1.291204997063626,0.3630493932017311,1.8451780803955824,1.4821286871938513,0.0,0.9604225301686751,1.4441451026979157,0.4760987864034581,1.939974708638772,1.463875922235314,0.0,1.1959834426368567,1.5706118402826121,0.5891481796051893,2.0347713368819647,1.4456231572767755,0.0,1.3384729956968604,3.1549920281944446,3.8313917550000003,2.1110919035698315,0.0091937609127659,1.1634223827246168,0.6850830304363871,0.0,69,11.5,0.0,0.0,1.072379327536232,1.2115551000000018,0.518493320000001,1.7466217999999998,0.2889230886161273,1.0061223754828514,0.0022089141881398,0.0025814812400494,1.2065015013994709,1.1033537704769287,0.3381241112491194,1.9387997237852692,0.0,1.3504065281505084,1.3005841638594748,0.4330118738048777,2.0276973686904163,0.0,1.4822867174750602,1.4326408129076162,0.5400736991242692,2.10147963525661,0.0,1.1679814879050805,1.0406162215502224,0.3630493932017311,1.8451780803955824,0.0,1.3174448817492714,1.2818252365588454,0.4760987864034581,1.939974708638772,0.0,1.4512016186012096,1.3942904867646744,0.5891481796051893,2.0347713368819647,0.0,3.735308045000002,2.868859487210987,0.0093192654108159,1.3005841638594748,True,True,1.2372432,1.1988224400000007,1.2458738026006801,1.3351293933962425,1.0061223754828514,0.0025195873859056,1,1,True,True,1.2754887450000005,1.1988224400000007,1.2102290062479857,1.3351293933962425,1.033326262294015,0.0026189919156249,2,2,True,True,True,True,True,True
2024-05-04,Persistent stratification,Persistent stratification,Persistent stratification,0.31939758444444427,0.54104624,0.18190827999999826,0.37043809666666644,0.3686296750000011,0.35913796000000175,0.013888888888888888,0.17590410384801758,0.2774092608950627,0.1941420114563783,0.19867211485496006,0.16881489435778638,0.00113286701349495,0.0021035351925471,0.0015191765043924498,0.0012670465344679998,1.9743368056093753,1.8548687665239216,2.093119302840226,0.23825053631630433,0.0,1.9725577539834926,2.1212574155552115,2.012744368407993,2.25,0.2372556315920069,0.013888888888888888,2.0883993488340233,2.2164677328695004,2.0895607919383714,2.25,0.1604392080616286,0.5069444444444444,2.186205107009899,1.8891955626299313,1.7939717099203,2.0213140429751077,0.22734233305480767,0.0,1.8786666133782521,2.0673791514192086,1.924115597025278,2.25,0.3258844029747221,0.013888888888888888,2.016977221001476,2.201139151105304,2.019669913347524,2.25,0.23033008665247579,0.5069444444444444,2.1551623319656494,1.5576412099999999,1.5690590750000002,0.8941652967414447,0.0053279856897473,1.4853412709719973,0.6850830304363871,0.001984126984126984,74,12.333333333333332,0.0,0.0,0.3456577201351351,0.3370041549999989,0.18190827999999826,0.54104624,0.1085943665372763,0.187584779785294,0.0008364886580791,0.0014233680721636999,1.988280387413483,1.9774444674342777,1.913009171182283,2.093119302840226,0.0,2.116376268135323,2.1046969993535094,2.012744368407993,2.25,0.02702702702702703,2.1962525677015874,2.2118711299370997,2.0895607919383714,2.25,0.3918918918918919,1.8995649512376038,1.8891867794217951,1.8276675760957573,2.0213140429751077,0.0,2.0596577834636483,2.0406455505312153,1.924115597025278,2.25,0.02702702702702703,2.1715082892469204,2.193466341794476,2.019669913347524,2.25,0.3918918918918919,1.6254090399999974,1.0061223754828514,0.00628323989169535,1.3856350978016763,True,False,0.3322375899999983,0.3180224599999981,2.1071176618430454,2.122265039757455,0.1810275481142097,0.0013675617888085,1,1,True,True,0.34086740999999954,0.31768643999999924,2.101204972691429,2.122265039757455,0.187584779785294,0.0014233680721636999,2,2,True,True,True,True,True,True
2024-05-05,Transition/unclassified,Transition/unclassified,Transition/unclassified,0.3282958663888889,0.7150127300000015,0.006863670000001321,0.062104962500000006,0.062477059999999085,0.7081490600000002,0.4722222222222222,0.20896326394635104,0.4485370962257844,0.0290775561386077,0.0350088422185386,0.42615191189757784,0.0006387598802011,0.0012791195259257,0.0002397357109782,0.0011674580767268,1.257426462299208,0.3455942610579627,2.25,1.9044057389420372,0.2777777777777778,2.25,1.4766556887652282,0.4501070362723183,2.25,1.7998929637276817,0.4722222222222222,2.25,1.6854196714560266,0.5762482592244588,2.25,1.6737517407755411,0.5277777777777778,2.25,1.269355542190195,0.3803598936836875,2.25,1.8696401063163126,0.2777777777777778,2.25,1.4949924418214962,0.5107197873673703,2.25,1.7392802126326297,0.4722222222222222,2.25,1.6927256581794992,0.6410796810510578,2.25,1.6089203189489423,0.5277777777777778,2.25,1.3766837205555555,1.2754887450000005,0.8428512962814497,0.0040488575115174,1.4853412709719973,1.1860153715830726,0.06944444444444445,66,11.0,0.0,0.0,0.3656120874242424,0.1769753199999986,0.026900250000000625,0.7150127300000015,0.0290775561386077,0.0838080010681059,0.0002020682154682,0.0006746015549977,1.371920998127332,2.101768510296761,0.3455942610579627,2.25,0.25757575757575757,1.469953959386121,2.25,0.4501070362723183,2.25,0.5454545454545454,1.5745931602600505,2.25,0.5762482592244588,2.25,0.5454545454545454,1.3755702333504993,2.0354436636257507,0.3803598936836875,2.25,0.25757575757575757,1.4938577723757347,2.25,0.5107197873673703,2.25,0.5454545454545454,1.5852277985800967,2.25,0.6410796810510578,2.25,0.5454545454545454,1.3328906299999979,0.9144947163299091,0.004529780106185,1.8131255048968664,False,False,0.053451114999997884,0.026900250000000625,2.25,2.25,0.0290775561386077,0.0002020682154682,1,1,False,False,0.062477059999999085,0.026900250000000625,2.25,2.25,0.0350088422185386,0.0002397357109782,2,2,False,False,True,True,False,False
2024-05-06,Persistent stratification,Persistent stratification,Persistent stratification,1.0716153805555555,1.666593619999997,0.5289035900000023,0.6857577558333338,0.6916226899999991,1.1376900299999946,0.0,0.7478359024911848,1.155896313663178,0.4190559354266581,0.44283721233672685,0.7672704353390583,0.00147452907132355,0.0030332120057103,0.00117714658229825,0.0019854423589084,0.4233346270207817,0.2969206685650404,0.9623772420871748,0.6654565735221344,0.0,0.4199210951757302,0.5818201737805828,0.3453274178119761,1.3333884673972691,0.9880610495852931,0.0,0.6278378038469713,0.792579378808191,0.3958274208628044,1.851874832582019,1.4560474117192146,0.0,0.9863543562030977,0.43933610018240826,0.3127068463711118,0.9381991058602436,0.6254922594891318,0.0,0.45624555558845903,0.6088984178048928,0.3754136927422213,1.3408738745250162,0.9654601817827948,0.0,0.6624911111769108,0.8114776728702406,0.4381205391133332,1.8111797473500868,1.3730592082367536,0.0,1.0229818318525457,1.0716153805555555,1.1389759900000005,0.7478359024911848,0.0024930941090775,1.4853412709719973,1.1860153715830726,0.06944444444444445,65,10.833333333333332,0.0,0.0,1.1293428815384614,0.7878236299999983,0.614056380000001,1.666593619999997,0.4190559354266581,0.4931301121303065,0.0011016436436406,0.0014440564936764,0.3527843911510019,0.3624578781144985,0.3055549037044741,0.5176617118219817,0.0,0.4702531343359073,0.4885395247929662,0.3632433389435922,0.8620376068312616,0.0,0.6313347364958143,0.6462683219348271,0.4237743619658918,1.4436064798773904,0.0,0.37808266272795865,0.3946249933219432,0.3194871162895393,0.5423033545259172,0.0,0.5077851539912506,0.5392499866438814,0.3889742325790761,0.8812108138835419,0.0,0.6590651188815423,0.6838749799658246,0.4584613488686154,1.4262578836236248,0.0,1.2115551000000018,0.7864092059086206,0.0025814812400494,1.8131255048968664,True,True,0.6510113650000005,0.614056380000001,0.7256320987829921,0.8620376068312616,0.4190559354266581,0.0011016436436406,1,1,True,True,0.7072457849999996,0.614056380000001,0.5768106224910003,0.8620376068312616,0.44283721233672685,0.00117714658229825,2,2,True,True,True,True,True,True
2024-05-07,Persistent stratification,Persistent stratification,Persistent stratification,2.213045105902778,2.9882619000000012,1.6270725500000012,1.7113895875,1.707799340000001,1.36118935,0.0,1.5656355861966729,2.0333721215440845,1.195340524790406,1.1977882942869154,0.8726882780452463,0.00440658395053665,0.0065196837294879,0.0029853761385446997,0.0036038901878894998,0.2922444370827696,0.2740385689095388,0.3124048792980106,0.03836631038847177,0.0,0.30826621480927274,0.33579450203267724,0.2984156821649724,0.3774247925683759,0.07900911040340353,0.0,0.3688740852278617,0.3810309987219859,0.3231936638197504,0.4459083735776271,0.12271470975787668,0.0,0.4326106573447923,0.30322196682556557,0.2819354478828089,0.3265136851535626,0.04457823727075372,0.0,0.32227984240959506,0.3564439336511292,0.3138708957656167,0.4030273703071225,0.08915647454150577,0.0,0.3945596848191876,0.40966590047669477,0.3458063436484256,0.4795410554606851,0.1337347118122595,0.0,0.46683952722878264,1.0716153805555555,1.1389759900000005,0.7478359024911848,0.0024930941090775,1.4766556887652282,1.1860153715830726,0.06944444444444445,65,10.833333333333332,0.0,0.0,2.2055003341538466,1.7237192899999982,1.6270725500000012,2.9882619000000012,1.1606838434988382,1.2002360637834244,0.0029157935415984,0.0029967448403853,0.29430383637836993,0.3061310013742235,0.2740385689095388,0.3124048792980106,0.0,0.34010014940332484,0.3644315731934574,0.2984156821649724,0.3774247925683759,0.0,0.38785420754482736,0.4256150537458043,0.3231936638197504,0.4459083735776271,0.0,0.3055886232998277,0.3197825466984112,0.2819354478828089,0.3265136851535626,0.0,0.3611772465996535,0.3895650933968199,0.3138708957656167,0.4030273703071225,0.0,0.41676586989948117,0.4593476400952311,0.3458063436484256,0.4795410554606851,0.0,1.2115551000000018,0.7864092059086206,0.0025814812400494,1.8131255048968664,True,True,1.715106705000002,1.6970974899999973,0.36763904601578334,0.3732098563306952,1.2002360637834244,0.0029740074367041,1,1,True,True,1.7117771000000008,1.694092959999999,0.3681360406425459,0.3735028514310599,1.1977882942869154,0.0029853761385446997,2,2,True,True,True,True,True,True
2024-05-08,Persistent stratification,Persistent stratification,Persistent stratification,3.6961225322916667,4.71901214,2.806274469999998,2.9657010516666666,2.9711688049999996,1.912737670000002,0.0,2.644318623806345,3.211156751805229,2.0935491685951586,2.1000810784018995,1.1778201268786792,0.009152847165229499,0.0116751071020922,0.0064879383040195,0.0053902841128177,0.2703695298331035,0.2631994423124257,0.2785401367241217,0.015340694411695999,0.0,0.27663989294275476,0.2909972638059311,0.2764871613079752,0.307582269083249,0.0310951077752738,0.0,0.30371160249007834,0.31192401086183774,0.2898740187660349,0.3372164231895167,0.04734240442348181,0.0,0.33129152529657274,0.27678449807275063,0.2679933502695145,0.2867694956498897,0.018776145380375198,0.0,0.28456733402374224,0.30356899614550037,0.2859867005390284,0.3235389912997782,0.037552290760749785,0.0,0.31913466804748325,0.3303534942182511,0.303980050808543,0.3603084869496679,0.05632843614112487,0.0,0.3537020020712255,1.0716153805555555,1.1389759900000005,0.7478359024911848,0.0024930941090775,1.1634223827246168,0.9880610495852931,0.06944444444444445,65,10.833333333333332,0.0,0.0,3.616359913538461,2.98503135,2.806274469999998,4.625261720000001,2.03333662492655,2.10661298820864,0.0062848229892745,0.0065337002223438,0.2716386637680097,0.275178318358308,0.2641627215709848,0.2785401367241217,0.0,0.29357632851964394,0.3007333262087044,0.2784327015293984,0.307582269083249,0.0,0.31586243397639024,0.3267354337342329,0.2928224630357164,0.3372164231895167,0.0,0.2783150566224977,0.2832926328677021,0.2690444159582305,0.2867694956498897,0.0,0.30663011324499434,0.3165852657354031,0.2880888319164604,0.3235389912997782,0.0,0.33494516986749207,0.3498778986031052,0.3071332478746909,0.3603084869496679,0.0,1.2115551000000018,0.7864092059086206,0.0025814812400494,1.3005841638594748,True,True,2.974812495,2.94455331,0.30316754387787237,0.3048931745396954,2.10661298820864,0.0065337002223438,1,1,True,True,2.963891610000001,2.9166776399999996,0.30384434114283976,0.3048931745396954,2.1000810784018995,0.0064879383040195,2,2,True,True,True,True,True,True
2024-05-09,Persistent stratification,Persistent stratification,Persistent stratification,5.0321208931250005,5.418854370000002,4.43086817,4.831474278333332,4.818013970000001,0.9879862000000017,0.0,3.7451698844889223,4.1489449531087255,3.4180727299397184,3.469412171663178,0.8597430479890567,0.01348504725724265,0.0140389123126807,0.01305365872494765,0.002319954370037399,0.2637361495767021,0.261903731377079,0.2659412405440709,0.004037509166991915,0.0,0.2636461073524454,0.27757718139742493,0.2738794548462142,0.2820264999772622,0.008147045131048025,0.0,0.27739161244601107,0.29153315895106097,0.2859349161850728,0.2982716920496846,0.012336775864611849,0.0,0.29124762183313324,0.2680648896729353,0.2661757920898787,0.2709640311396702,0.004788239049791532,0.0,0.26833579518072215,0.2861297793458699,0.2823515841797568,0.2919280622793397,0.009576478099582897,0.0,0.28667159036144363,0.3041946690188052,0.2985273762696356,0.31289209341901,0.014364717149374373,0.0,0.30500738554216583,1.0716153805555555,1.2754887450000005,0.7478359024911848,0.0024930941090775,0.5818201737805828,0.2372556315920069,0.06944444444444445,66,11.0,0.0,0.0,4.972934635909091,4.9349137249999995,4.43086817,5.418854370000002,3.289201905119669,3.520751613386638,0.0117189579426433,0.0134352037192803,0.2641255931292522,0.26398299000364056,0.2625878584727553,0.2659412405440709,0.0,0.27836263330550254,0.2780753126778277,0.275258453369592,0.2820264999772622,0.0,0.2927219510770471,0.2922871296438906,0.2880206738026704,0.2982716920496846,0.0,0.2685241279884473,0.26817368715227746,0.2669981590415823,0.2709640311396702,0.0,0.2870482559768941,0.28634737430455437,0.283996318083164,0.2919280622793397,0.0,0.3055723839653414,0.3045210614568318,0.3009944771247462,0.31289209341901,0.0,1.2115551000000018,1.0061223754828514,0.0025814812400494,0.4885395247929662,True,True,4.9349137249999995,4.727513479999999,0.2757667044990842,0.2781358556958491,3.520751613386638,0.0134352037192803,1,1,True,True,4.818013970000001,4.684833089999998,0.27739161244601107,0.2786090044360365,3.469412171663178,0.01305365872494765,2,2,True,True,True,True,True,True
2024-05-10,Persistent stratification,Persistent stratification,Persistent stratification,5.266892861319445,5.840495650000001,4.849186300000003,5.1639820525,5.172342385,0.9913093499999981,0.0,4.2514815671745305,4.575540650364833,4.002075619812184,4.033648375981469,0.7074853486680981,0.0115089394461266,0.0147029450993226,0.01231454180135185,0.004064774700664801,0.2673238450619641,0.261640944002693,0.2734430623981535,0.011802118395460526,0.0,0.26550788882369336,0.2847998069558202,0.2733568623149008,0.2970016939464283,0.023644831631527474,0.0,0.2811534503904626,0.3024377036057413,0.2851537109839723,0.3206787105891873,0.03552499960521499,0.0,0.2969473736479453,0.27071546523696827,0.265301509637148,0.2747466662738879,0.009445156636739893,0.0,0.2694607146929455,0.29143093047393576,0.2806030192742955,0.299493332547775,0.01889031327347951,0.0,0.28892142938589044,0.3121463957109041,0.2959045289114436,0.3242399988216629,0.02833546991021929,0.0,0.308382144078836,2.213045105902778,1.707799340000001,1.5656355861966729,0.00440658395053665,0.33579450203267724,0.07900911040340353,0.06944444444444445,65,10.833333333333332,0.0,0.0,5.426106644153847,5.433119049999998,5.08229579,5.840495650000001,4.002075619812184,4.278082413002724,0.0113302531782599,0.011881994383981,0.2661438170202021,0.2660830924442777,0.261640944002693,0.2709985425960109,0.0,0.2824211785214369,0.2823144585890694,0.2733568623149008,0.2921516688308679,0.0,0.298840655144856,0.2987059453333247,0.2851537109839723,0.3134655510163609,0.0,0.2695323947780171,0.2701481163791955,0.265301509637148,0.2731565022851719,0.0,0.28906478955603354,0.2902962327583903,0.2806030192742955,0.2963130045703431,0.0,0.30859718433405064,0.3104443491375858,0.2959045289114436,0.3194695068555151,0.0,1.7237192899999982,1.2002360637834244,0.0029967448403853,0.3644315731934574,True,True,5.161698855000003,5.08229579,0.2817807621087641,0.2828525743771187,4.002075619812184,0.011881994383981,1,1,True,True,5.203829284999999,5.08229579,0.2802917593179448,0.2828525743771187,4.033648375981469,0.01231454180135185,2,2,True,True,True,True,True,True
2024-05-11,Persistent stratification,Persistent stratification,Persistent stratification,5.172255005208333,5.595675589999999,4.51469432,5.309335449166666,5.301912645,1.0809812699999988,0.0,4.446982437820775,4.611559209636467,4.432759724842948,4.4521507380293555,0.42560877348127946,0.0089411504527254,0.0116768931828471,0.0102298665733212,0.0035956047703472986,0.2796318200413045,0.2661801705810127,0.336233645120049,0.07005347453903632,0.0,0.2715895229551193,0.30847494506580225,0.2825022674850876,0.4031034908571125,0.12060122337202489,0.0,0.2933495996487297,0.3368574325139188,0.2989753572305949,0.4607082770689821,0.16173291983838722,0.0,0.3152876377426837,0.2785428542485108,0.2695757903522748,0.302927623760981,0.03335183340870618,0.0,0.2738691716972773,0.30708570849702066,0.2891515807045489,0.3558552475219601,0.06670366681741124,0.0,0.2977383433945539,0.33562856274553143,0.3087273710568237,0.4087828712829411,0.10005550022611742,0.0,0.32160751509183133,3.6961225322916667,2.9711688049999996,2.644318623806345,0.0089411504527254,0.30847494506580225,0.07900911040340353,0.06746031746031746,66,11.0,0.0,0.0,5.161505635454546,5.280554720000001,4.51469432,5.595675589999999,4.185950436155188,4.461351077712289,0.0080812884124998,0.0100755611995327,0.28271311084356954,0.2719283728887877,0.2661801705810127,0.336233645120049,0.0,0.31366974949356147,0.2940242001914515,0.2825022674850876,0.4031034908571125,0.0,0.34358033230348156,0.3162944295562236,0.2989753572305949,0.4607082770689821,0.0,0.27970231948264157,0.2742679179855827,0.2695757903522748,0.302927623760981,0.0,0.30940463896528214,0.29853583597116456,0.2891515807045489,0.3558552475219601,0.0,0.33910695844792377,0.3228037539567473,0.3087273710568237,0.4087828712829411,0.0,2.98503135,2.10661298820864,0.0065337002223438,0.3007333262087044,True,True,5.280554720000001,5.261013479999999,0.2939401890355363,0.298401052504756,4.432759724842948,0.0100755611995327,1,1,True,True,5.301912645,5.261013479999999,0.2933495996487297,0.298401052504756,4.4521507380293555,0.0102298665733212,2,2,True,True,True,True,True,True
2024-05-12,Persistent stratification,Persistent stratification,Persistent stratification,4.209470586458334,4.620070539999997,3.718471260000001,3.8892976083333335,3.888033009999999,0.9015992799999957,0.0,4.129686581826371,4.382599305834846,3.8958927440940543,3.952268703553612,0.6247254709643424,0.009085574632422651,0.0100908514062468,0.0098868014172354,0.0014040215852221,0.5331397064790518,0.3196421384473874,0.8255405742073307,0.5058984357599433,0.0,0.814367891860007,0.6138272438471815,0.3797813397510478,0.8568026509116731,0.4770213111606253,0.0,0.8496704195651044,0.6734277861865565,0.4339608482845728,0.8828737475787146,0.4489128992941418,0.0,0.8764724193026784,0.46225620379253285,0.2985473077444817,0.7746256371457665,0.4760783294012848,0.0,0.7689380978992896,0.5458236567225969,0.3470946154889617,0.797280312964378,0.45018569747541626,0.0,0.7923460648878359,0.6132282025660879,0.3956419232334435,0.8204925365077299,0.4248506132742864,0.0,0.8153639555458602,4.209470586458334,3.888033009999999,3.7451698844889223,0.009085574632422651,0.30847494506580225,0.07900911040340353,0.0,65,10.833333333333332,0.0,0.0,4.337140557384616,4.44557842,3.7926003500000007,4.620070539999997,3.8958927440940543,4.145809517239469,0.0086868298210247,0.008956229711185,0.4869954844071575,0.3954474507934711,0.3196421384473874,0.8255405742073307,0.0,0.5654381680167468,0.4730351704069689,0.3797813397510478,0.8568026509116731,0.0,0.6251257055821853,0.5363307589434616,0.4339608482845728,0.8821130286641937,0.0,0.42006427252772227,0.3196745213262851,0.2985473077444817,0.7746256371457665,0.0,0.4975365948483351,0.3893490426525677,0.3470946154889617,0.797280312964378,0.0,0.5635482049280409,0.4590235639788528,0.3956419232334435,0.8199349887829903,0.0,4.44557842,3.520751613386638,0.008956229711185,0.3007333262087044,True,True,3.86080351,3.7926003500000007,0.8447414995197653,0.8545932079350438,3.8958927440940543,0.009682751428224,1,1,True,True,3.8988662799999982,3.7926003500000007,0.8447414995197653,0.8568026509116731,3.952268703553612,0.0098868014172354,2,2,True,True,True,True,True,True
2024-05-13,Persistent stratification,Persistent stratification,Persistent stratification,4.919843552500001,5.520548380000001,4.385975210000002,4.668375672499999,4.656999169999999,1.1345731699999995,0.0,4.679315657518657,5.121705302167036,4.338688620959849,4.392890958386347,0.8994836578299807,0.008704822315186999,0.0092646039807683,0.00840492377787795,0.0010514039519288997,0.33366462987199946,0.289772011480249,0.4102248002568419,0.12045278877659288,0.0,0.3355433911031567,0.3952758736562339,0.3284617303946811,0.4900464425509511,0.16158471215627002,0.0,0.40341052014920686,0.4491451257188895,0.3659802835817983,0.5553294559185923,0.189349172336794,0.0,0.46236909007855426,0.30144876843888907,0.2841186160435754,0.326416962676688,0.042298346633112605,0.0,0.3044511278440538,0.3528975368777763,0.3182372320871497,0.4028339253533732,0.08459669326622349,0.0,0.35890225568810563,0.40434630531666543,0.3523558481307252,0.4792508880300613,0.1268950398993361,0.0,0.4133533835321595,4.919843552500001,4.656999169999999,4.129686581826371,0.009085574632422651,0.30847494506580225,0.07900911040340353,0.0,63,10.5,0.0,0.0,4.987839401428571,4.819465189999999,4.536804050000001,5.520548380000001,4.338688620959849,4.444127224592416,0.008378859100793,0.00861767859541035,0.32382005924596524,0.3140374774029464,0.2898479546917069,0.3758480497216034,0.0,0.3821618703806993,0.3707463109495674,0.3284617303946811,0.4515229238173804,0.0,0.43390581803761236,0.4225269386120679,0.3659802835817983,0.5135777310936813,0.0,0.29799220998257697,0.2960608227083842,0.2841186160435754,0.3143253011787802,0.0,0.3459844199651523,0.3421216454167668,0.3182372320871497,0.3786506023575581,0.0,0.3939766299477293,0.388182468125151,0.3523558481307252,0.4429759035363383,0.0,4.819465189999999,4.145809517239469,0.008956229711185,0.3007333262087044,True,True,4.625126244999999,4.592855949999997,0.40784741513789546,0.4209772374717854,4.338688620959849,0.008378859100793,1,1,True,True,4.721914575,4.592855949999997,0.39037089403137554,0.4209772374717854,4.392890958386347,0.00840492377787795,2,2,True,True,True,True,True,True
2024-05-14,Persistent stratification,Persistent stratification,Persistent stratification,5.215236238055556,5.757504860000001,4.5484827800000005,4.829386725,4.831143385000001,1.2090220800000004,0.0,5.148471487487013,5.545256226127566,4.671203625782611,4.718849874474165,0.8740526003449549,0.010220336617843051,0.0107150569873414,0.009083269595184,0.001747212224357201,0.38977955949884663,0.2853395176364621,0.8215637699885909,0.5362242523521288,0.0,0.3907977774047009,0.46263793281487026,0.3201222745725704,0.8537511624082015,0.533628887835631,0.0,0.4688335338398048,0.5213575268159857,0.3543827563163922,0.8793644027313207,0.5249816464149284,0.0,0.5325859015722214,0.33415127584532156,0.2821700369176914,0.770903989622513,0.4887339527048217,0.0,0.3195100210175022,0.4038991432385387,0.3143400738353816,0.7921959984258555,0.47785592459047393,0.0,0.38902004203500196,0.46680261272571666,0.346510110753073,0.8134880072291987,0.4669778964761257,0.0,0.45853006305250416,5.0321208931250005,4.818013970000001,4.2514815671745305,0.009152847165229499,0.30847494506580225,0.12060122337202489,0.0,64,10.666666666666666,0.0,0.0,5.4043853490625,5.560136554999998,4.75951568,5.757504860000001,4.671203625782611,5.177143248689188,0.0089678447629842,0.0091413928933775,0.3288280720567775,0.32508228437702413,0.2853395176364621,0.4123117205318848,0.0,0.3880554285486619,0.3851336363707222,0.3201222745725704,0.4899601325223643,0.0,0.4397622063570302,0.43805830274778856,0.3543827563163922,0.5534066586121332,0.0,0.29786470153674777,0.29643509907417825,0.2821700369176914,0.3244855421402635,0.0,0.3457294030734938,0.34287019814835484,0.3143400738353816,0.3989710842805244,0.0,0.3935941046102416,0.38930529722253315,0.346510110753073,0.4734566264207879,0.0,4.9349137249999995,4.278082413002724,0.0091413928933775,0.3007333262087044,True,True,4.808961235,4.75951568,0.4748168892834618,0.4899601325223643,4.671203625782611,0.0090543729066579,1,1,True,True,4.867379550000001,4.75951568,0.4562470256737724,0.4899601325223643,4.718849874474165,0.009083269595184,2,2,True,True,True,True,True,True
2024-05-15,Persistent stratification,Persistent stratification,Persistent stratification,6.0379141772916665,6.544283549999999,5.64994729,5.887883856666666,5.891367969999999,0.8943362599999993,0.0,5.842614673792759,6.239388946063428,5.594164892490913,5.620724771009884,0.7570741167413226,0.010309978486597302,0.0111001616318216,0.00985507398631165,0.0012640176914514994,0.3009805074396293,0.2739563363268033,0.3270277904471114,0.053071454120308115,0.0,0.3005297756402331,0.34665599141615283,0.2980138033653023,0.3878006640624154,0.08978686069711311,0.0,0.34729045096114053,0.3889126821087562,0.3221744738613452,0.4406509270679485,0.11847645320660333,0.0,0.39116301851267243,0.28711041528010317,0.2750499247505274,0.2968097502800002,0.021759825529472754,0.0,0.28838322892784785,0.32422083056020506,0.300099849501054,0.3436195005599987,0.043519651058944675,0.0,0.32676645785569425,0.36133124584030824,0.3251497742515814,0.3904292508399989,0.06527947658841748,0.0,0.36514968678354204,5.172255005208333,4.831143385000001,4.446982437820775,0.010220336617843051,0.34665599141615283,0.12060122337202489,0.0,63,10.5,0.0,0.0,6.080358012063492,5.948701369999998,5.666255969999998,6.544283549999999,5.521948161378085,5.621619599038347,0.0098361439403701,0.01006639600424855,0.2990508023638408,0.2964204388992739,0.2796906624356378,0.3268609265195261,0.0,0.3435197666848817,0.3399716240471863,0.3091551248999675,0.3878006640624154,0.0,0.38493250905506726,0.381228857794484,0.3384005282517061,0.4406509270679485,0.0,0.2864416234418007,0.2861326042294115,0.2779807847445005,0.2968097502800002,0.0,0.3228832468836001,0.3222652084588217,0.3059615694890001,0.3436195005599987,0.0,0.35932487032540084,0.3583978126882332,0.3339423542335006,0.3904292508399989,0.0,5.280554720000001,4.444127224592416,0.01006639600424855,0.3399716240471863,True,True,5.895372524999999,5.827219249999999,0.34458296567774305,0.3516413235058733,5.594164892490913,0.0098740040322532,1,1,True,True,5.892532064999999,5.79779761,0.3470889928748142,0.358138844205025,5.620724771009884,0.00985507398631165,2,2,True,True,True,True,True,True
2024-05-16,Persistent stratification,Persistent stratification,Persistent stratification,5.623746110208334,6.232947339999999,5.022333889999999,5.462138371666666,5.47486338,1.2106134500000003,0.0,5.835124823321728,6.076659984008127,5.667524485481315,5.708558947867713,0.6534701052048604,0.01176572059513565,0.0128499200126387,0.0121516318217055,0.0021947525867517994,0.47836101697628397,0.2948649391109127,0.8224873442609671,0.5276224051500544,0.0,0.530881688536607,0.5544268376326673,0.336865054869357,0.855381242510516,0.518516187641159,0.0,0.6569014570874838,0.6119483930752313,0.3765874386285938,0.8814939335014258,0.504906494872832,0.0,0.7459417965493389,0.4021761107517593,0.2843969278480209,0.7711652178044156,0.4867682899563947,0.0,0.42363490883473626,0.4800451097650174,0.3187938556960405,0.791880740976588,0.4730868852805475,0.0,0.5972698176694664,0.5446495084936331,0.3531907835440614,0.813123171390518,0.4599323878464566,0.0,0.7172385879118988,5.215236238055556,5.172342385,4.679315657518657,0.010220336617843051,0.3952758736562339,0.16158471215627002,0.0,64,10.666666666666666,0.0,0.0,5.8332926253125,5.865153664999998,5.377806100000001,6.232947339999999,5.667524485481315,6.015451827830272,0.0106551674258869,0.0115855980094514,0.3886232497991521,0.3981159011459149,0.2948649391109127,0.6038071832930046,0.0,0.4605048024380993,0.4676117410012477,0.336865054869357,0.7589071114452747,0.0,0.516503526788084,0.5239316031404433,0.3765874386285938,0.808999948558227,0.0,0.31999864581681725,0.31233687279546607,0.2843969278480209,0.5103643361472294,0.0,0.38950242388790995,0.37467374559092986,0.3187938556960405,0.7515205293628066,0.0,0.4476295333562436,0.4370106183863959,0.3531907835440614,0.7706192739671823,0.0,5.433119049999998,4.461351077712289,0.01006639600424855,0.3707463109495674,True,True,5.453840855000001,5.377806100000001,0.7141026947248963,0.7589071114452747,5.749593410254112,0.0128499200126387,1,1,True,True,5.501651125,5.377806100000001,0.5203290158451924,0.7589071114452747,5.708558947867713,0.0121516318217055,2,2,True,True,True,True,True,True
2024-05-17,Persistent stratification,Persistent stratification,Persistent stratification,6.005373030555556,6.540418040000002,5.418442070000001,5.60348174,5.584361955,1.1219759700000012,0.0,6.257133928313703,6.697034760678648,5.7893268373412665,5.830622662581439,0.9517352804786912,0.01203693451462945,0.0129116175963032,0.01130453712405705,0.0016798610056548997,0.3997519787215064,0.3148356260790515,0.6825658276931946,0.3677302016141431,0.0,0.430240815451803,0.4760143178900706,0.370828076519263,0.798504867519198,0.42767679099993505,0.0,0.512042145096488,0.5373373113843143,0.4212502882950459,0.8339535934131944,0.4127033051181485,0.0,0.5786262078801598,0.3248035984176057,0.2913660499297494,0.629207535126765,0.33784148519701557,0.0,0.33229312807665756,0.39790579877877386,0.3327320998594975,0.7634137501268872,0.4306816502673897,0.0,0.41458625615331224,0.4673456074325462,0.374098149789247,0.7830975677828507,0.4089994179936037,0.0,0.4968793842299698,5.215236238055556,5.301912645,5.148471487487013,0.010220336617843051,0.46263793281487026,0.42767679099993505,0.0,64,10.666666666666666,0.0,0.0,6.1247856596875,6.056410505000002,5.551802850000001,6.540418040000002,5.7893268373412665,6.10669513768142,0.0112317565906483,0.0115667068285709,0.36694474490612694,0.35330678864383985,0.3212856643618466,0.4413257715443096,0.0,0.4340373753248203,0.419656418322643,0.3777965715835575,0.5283265209705479,0.0,0.48931531520928095,0.47431872054735924,0.4262471005819521,0.5992524588720567,0.0,0.30572425392510016,0.30134448072742226,0.2913660499297494,0.3409296128960898,0.0,0.3614485078501984,0.35268896145484285,0.3327320998594975,0.4318592257921764,0.0,0.4171727617752986,0.4040334421822652,0.374098149789247,0.5227888386882662,0.0,5.560136554999998,5.177143248689188,0.01006639600424855,0.3851336363707222,True,True,5.57572085,5.551802850000001,0.5173643196726891,0.5283265209705479,5.7893268373412665,0.0112317565906483,1,1,True,True,5.590130194999999,5.551802850000001,0.5006892959546738,0.5283265209705479,5.830622662581439,0.01130453712405705,2,2,True,True,True,True,True,True
2024-05-18,Persistent stratification,Persistent stratification,Persistent stratification,6.921114019097222,7.39009974,6.43200092,6.675860853333333,6.686362825,0.95809882,0.0,7.055721295476025,7.469093193046981,6.747264143437494,6.7706235366409295,0.8179386557184047,0.012373925302016399,0.0129461660929408,0.01197324420775025,0.0010034046467025989,0.3076046223174705,0.2890224717277999,0.3501453795331254,0.06112290780532553,0.0,0.3068285425206103,0.35578067461014024,0.3260724305572506,0.4147315424137636,0.08865911185651298,0.0,0.35626743832594676,0.39897254338587207,0.3614813386232501,0.4678525728348943,0.10637123421164418,0.0,0.4009309694255139,0.2869814583440424,0.2805256717877699,0.2993498166590164,0.018824144871246506,0.0,0.28770662698874044,0.32396291668808336,0.3110513435755386,0.3486996333180309,0.03764828974249229,0.0,0.32541325397747956,0.36094437503212573,0.3415770153633085,0.3980494499770473,0.0564724346137388,0.0,0.36311988096622005,5.623746110208334,5.47486338,5.835124823321728,0.010309978486597302,0.46263793281487026,0.42767679099993505,0.0,63,10.5,0.0,0.0,6.919722868095238,6.71904344,6.43200092,7.39009974,6.651154537328576,6.7706235366409295,0.0119702863034902,0.01221761706255365,0.3086536175014219,0.3040898628583428,0.2898722034819617,0.3501453795331254,0.0,0.3570831065731509,0.3520880588807673,0.3275636101516784,0.4147315424137636,0.0,0.40037152920773933,0.3959346493548526,0.3634652792348564,0.4678525728348943,0.0,0.2872254914235303,0.2868806820683842,0.2807284662913,0.2993498166590164,0.0,0.3244509828470593,0.3237613641367671,0.311456932582599,0.3486996333180309,0.0,0.36167647427058963,0.3606420462051513,0.3421853988738991,0.3980494499770473,0.0,5.865153664999998,5.621619599038347,0.01006639600424855,0.3851336363707222,True,True,6.686542944999999,6.625588740000001,0.35620279579972336,0.364749457817519,6.747264143437494,0.0119702863034902,1,1,True,True,6.686362825,6.570606059999999,0.35626743832594676,0.3791291330381903,6.7706235366409295,0.01197324420775025,2,2,True,True,True,True,True,True
2024-05-19,Persistent stratification,Persistent stratification,Persistent stratification,7.585900983680555,7.961860629999997,7.30466191,7.580418754999999,7.57821691,0.6571987199999967,0.0,7.652378328451948,7.960264502908785,7.52886407079141,7.5785945325625015,0.571810645586428,0.01281045033326295,0.0133100168200481,0.01262587114352665,0.0008225222308789002,0.288572762803006,0.2792454834753211,0.3024447915302536,0.023199308054932533,0.0,0.2850623931294449,0.3249985418845028,0.3079264296749812,0.3484858977948336,0.04055946811985239,0.0,0.31882374692424,0.35970274267980396,0.3360840007420912,0.3902759833732406,0.05419198263114938,0.0,0.3514632472210685,0.2798464685720353,0.27555014364904,0.2846644048835773,0.009114261234537291,0.0,0.27862746015664874,0.30969293714406965,0.3011002872980791,0.3193288097671534,0.018228522469074304,0.0,0.30725492031329654,0.33953940571610497,0.3266504309471191,0.3539932146507308,0.027342783703611706,0.0,0.33588238046994534,6.005373030555556,5.584361955,5.842614673792759,0.01176572059513565,0.3952758736562339,0.16158471215627002,0.0,65,10.833333333333332,0.0,0.0,7.641595030923076,7.64197733,7.369725839999997,7.961860629999997,7.47373709360317,7.584249199861308,0.0126150809888268,0.01268874402223355,0.28661178757244316,0.2862933061038687,0.2792454834753211,0.2929799682350216,0.0,0.32152472391854664,0.3208472961161054,0.3079264296749812,0.3329397659315053,0.0,0.3550194633906739,0.3539730312694335,0.3360840007420912,0.3705429145159303,0.0,0.2790129742009484,0.2787360870068028,0.27555014364904,0.2818426913982827,0.0,0.3080259484018958,0.3074721740136045,0.3011002872980791,0.3136853827965642,0.0,0.3370389226028442,0.3362082610204073,0.3266504309471191,0.345528074194847,0.0,5.948701369999998,6.015451827830272,0.0115667068285709,0.3707463109495674,True,True,7.51132926,7.463263019999999,0.32253878580308226,0.3259668608735567,7.52886407079141,0.0126366612982265,1,1,True,True,7.57821691,7.463263019999999,0.31882374692424,0.3259668608735567,7.5785945325625015,0.01262587114352665,2,2,True,True,True,True,True,True
2024-05-20,Persistent stratification,Persistent stratification,Persistent stratification,7.315378875833334,7.73332723,6.944915829999999,7.2917696475,7.293359655,0.7884114000000011,0.0,7.579904859425413,7.794730632872453,7.438282724937945,7.476882540926841,0.41309654125088446,0.013397275820340601,0.013889837899678,0.0130233849395442,0.0009500802630905015,0.33322854995863604,0.2882467504678083,0.4060034470552048,0.11775669658739651,0.0,0.32694605969126245,0.3902748060380006,0.3245269885931587,0.4762013893605114,0.15167440076735267,0.0,0.384481780214983,0.4385230078845854,0.3591750181258816,0.532959748786028,0.17378473066014644,0.0,0.43330576048672254,0.29309647373823544,0.2797175359500615,0.3139399426952339,0.03422240674517241,0.0,0.2920363763908681,0.33619294747646944,0.3094350719001218,0.3778798853904657,0.06844481349034387,0.0,0.33407275278173476,0.3792894212147049,0.3391526078501833,0.4418198280856996,0.10266722023551628,0.0,0.37610912917260286,6.0379141772916665,5.891367969999999,6.257133928313703,0.01203693451462945,0.3902748060380006,0.15167440076735267,0.0,64,10.666666666666666,0.0,0.0,7.34949298390625,7.373320140000001,6.944915829999999,7.73332723,7.411357944611005,7.571227527505959,0.012979992977722,0.013073656670630849,0.3296678055387025,0.3224632286354552,0.2882467504678083,0.4060034470552048,0.0,0.38392268115128647,0.37813651654393443,0.3245269885931587,0.4762013893605114,0.0,0.43051337253325644,0.42601825574972024,0.3591750181258816,0.532959748786028,0.0,0.29204706933589375,0.29077844964555605,0.2797175359500615,0.3139399426952339,0.0,0.334094138671786,0.33155689929111065,0.3094350719001218,0.3778798853904657,0.0,0.3761412080076798,0.37233534893666675,0.3391526078501833,0.4418198280856996,0.0,6.056410505000002,6.10669513768142,0.0115855980094514,0.37813651654393443,True,True,7.258151849999999,7.2213241,0.38802160729441837,0.3989189751866485,7.438282724937945,0.012979992977722,1,1,True,True,7.2950886399999995,7.2213241,0.3810485360659473,0.3989189751866485,7.476882540926841,0.0130233849395442,2,2,True,True,True,True,True,True
2024-05-21,Persistent stratification,Persistent stratification,Persistent stratification,6.512244830763889,6.93574821,6.1457957400000005,6.482123220833333,6.478646565,0.7899524699999994,0.0,7.183171251291854,7.386820585340334,7.2560580868672915,7.305252267130339,0.45725294571284536,0.0140728312783322,0.0156620484550841,0.01544478146213935,0.002375134770038201,0.6185039040121803,0.3990589550271686,0.8236181835373988,0.4245592285102302,0.0,0.8072346247702775,0.7044753612611473,0.4662328842650516,0.8553408196380314,0.38910793537297983,0.0,0.8386133102470326,0.7597554583291253,0.5206088314148437,0.8807018358274523,0.3600930044126086,0.0,0.8626514248837576,0.5396313354304129,0.3099830418343454,0.7703836094907757,0.4604005676564303,0.0,0.7636335082206227,0.6398695312945146,0.3699660836686888,0.7899590082060639,0.4199929245373751,0.0,0.7808876386077668,0.7045653599549828,0.4299491255030342,0.8097580195717342,0.3798088940687,0.0,0.7981417689949115,6.512244830763889,6.478646565,7.055721295476025,0.012373925302016399,0.3902748060380006,0.15167440076735267,0.0,64,10.666666666666666,0.0,0.0,6.5371442534375,6.534104855000001,6.1457957400000005,6.93574821,6.929567639627488,7.2560580868672915,0.0132869136850459,0.0141301953745115,0.6313782387932408,0.6341806291884853,0.3990589550271686,0.8236181835373988,0.0,0.7037887076000784,0.7791906980813705,0.4662328842650516,0.8553408196380314,0.0,0.7531649339316194,0.8198521725491772,0.5206088314148437,0.8807018358274523,0.0,0.5564122480037307,0.5529650514608155,0.3099830418343454,0.7703836094907757,0.0,0.6335482053189354,0.7563522855473068,0.3699660836686888,0.7899590082060639,0.0,0.6905306167616876,0.774575060968868,0.4299491255030342,0.8097580195717342,0.0,6.534104855000001,6.7706235366409295,0.01221761706255365,0.37813651654393443,True,True,6.458501405,6.4266513299999986,0.8417669578216754,0.8455227693033783,7.2560580868672915,0.0152275144691946,1,1,True,True,6.51258762,6.4266513299999986,0.8379039984850032,0.8455227693033783,7.305252267130339,0.01544478146213935,2,2,True,True,True,True,True,True
2024-05-22,Persistent stratification,Persistent stratification,Persistent stratification,5.912226365208333,6.15038028,5.613564950000001,5.773496313333335,5.77079807,0.5368153299999996,0.0,6.4184456426482726,6.810985712193275,6.318154693569116,6.359702716201138,0.6912910703319346,0.011599298030433351,0.0131114480331083,0.01155216869555545,0.0016971747488826999,0.6887471365352871,0.4867483318875925,0.8372206777714299,0.35047234588383747,0.0,0.8296795277120566,0.7729904694316103,0.595257670353166,0.8733753548896765,0.27811768453651053,0.0,0.8650669444649202,0.8301801242274607,0.6842936580167234,0.903312581921482,0.21901892390475863,0.0,0.8933357624139218,0.6139434062024287,0.3810446816498809,0.7766519065368354,0.39560722488695443,0.0,0.7728787996349062,0.7132628274369047,0.5120893632997572,0.8013225163958895,0.2892331530961323,0.0,0.7959410873458002,0.781615680083929,0.6431340449496381,0.8262415802989412,0.18310753534930313,0.0,0.8190467972471582,6.512244830763889,6.478646565,7.055721295476025,0.012373925302016399,0.4760143178900706,0.27811768453651053,0.0,64,10.666666666666666,0.0,0.0,6.00144810953125,6.073996410000001,5.706852740000002,6.15038028,6.318154693569116,6.512658412674334,0.0114969995767543,0.0118012193250203,0.6836267973760869,0.8192484747115018,0.4867483318875925,0.8315212468564314,0.0,0.7565258378874942,0.8536212483963787,0.595257670353166,0.8670110538188067,0.0,0.8157745118040179,0.8799353571779174,0.6842936580167234,0.8959945185605961,0.0,0.6053771648205237,0.768381967898041,0.3810446816498809,0.7740988822521082,0.0,0.6874863933144346,0.7891367040420441,0.5120893632997572,0.7970082318590558,0.0,0.769594412739188,0.8093896792364295,0.6431340449496381,0.8208076835139781,0.0,6.534104855000001,6.7706235366409295,0.01221761706255365,0.419656418322643,True,True,5.763096090000001,5.706852740000002,0.8657212316487776,0.8670110538188067,6.318154693569116,0.0115110320285968,1,1,True,True,5.777095899999999,5.706852740000002,0.8648301252708344,0.8670110538188067,6.359702716201138,0.01155216869555545,2,2,True,True,True,True,True,True
2024-05-23,Persistent stratification,Persistent stratification,Persistent stratification,6.273680307152778,6.838572110000001,5.678322729999998,5.765112623333334,5.763741509999999,1.1602493800000033,0.0,6.667629567885894,7.114194634916733,6.235905106303444,6.273520049044292,0.9508695982776008,0.0118507948764901,0.0123794141452598,0.01171252234382915,0.0007825577309083006,0.5561436297334317,0.3770121077538357,0.8401064430017541,0.4630943352479184,0.0,0.8332655124929034,0.6419287442495598,0.4513757318202734,0.8768278223231739,0.4254520905029005,0.0,0.8707421792743235,0.7029644316104346,0.5121616322673782,0.9077384469093892,0.395576814642011,0.0,0.9004042515053339,0.4774913683797395,0.3129720233310347,0.7781713209153132,0.46519929758427847,0.0,0.7744164111443703,0.570715136560311,0.3759440466620672,0.8036429290128183,0.4276988823507511,0.0,0.799321856446465,0.6386912456630642,0.438916069993102,0.8294168073347021,0.3905007373416001,0.0,0.8240516154358895,6.512244830763889,6.478646565,7.055721295476025,0.012373925302016399,0.4760143178900706,0.27811768453651053,0.0,63,10.5,0.0,0.0,6.322815211904762,6.1186894800000005,5.725819120000001,6.838572110000001,6.235905106303444,6.473187099534812,0.0116473858804238,0.0117558206170413,0.5470311446853933,0.4916107529535652,0.3770121077538357,0.8367329154752422,0.0,0.630987470525919,0.6021911795299949,0.4513757318202734,0.8737696869057054,0.0,0.6912792500876009,0.6928188891804689,0.5121616322673782,0.903525956542998,0.0,0.4707804269261801,0.3853289371457463,0.3129720233310347,0.7762888244942422,0.0,0.5618109583954678,0.5206578742914879,0.3759440466620672,0.8014823045002197,0.0,0.6277930744325538,0.6559868114372343,0.438916069993102,0.8266757845061982,0.0,6.534104855000001,6.7706235366409295,0.01221761706255365,0.419656418322643,True,True,5.751095469999999,5.725819120000001,0.8714010346649933,0.8737696869057054,6.235905106303444,0.0117126020250595,1,1,True,True,5.792831625000002,5.725819120000001,0.8691269282662857,0.8737696869057054,6.273520049044292,0.01171252234382915,2,2,True,True,True,True,True,True
2024-05-24,Persistent stratification,Persistent stratification,Persistent stratification,7.428230158472222,7.990020949999998,6.794116630000001,6.879202368333334,6.870458785000002,1.1959043199999968,0.0,7.638332216804584,8.166634641702132,7.110069629587067,7.121092432117435,1.0613025977077344,0.0125309700954442,0.0129121024628706,0.012336266510977249,0.0008515406077741986,0.3235113063101997,0.2884397523992686,0.388418587570822,0.09997883517155337,0.0,0.37189883092669496,0.37877266578250146,0.3255522906876749,0.4642763724316778,0.13872408174400291,0.0,0.446428645899615,0.4275878318744605,0.3615007230400992,0.5261153866474223,0.16461466360732308,0.0,0.5076067334586094,0.2955882226489848,0.282209793465007,0.317362125827979,0.035152332362971994,0.0,0.3125351134433547,0.34117644529796803,0.3144195869300128,0.3847242516559557,0.07030466472594288,0.0,0.3750702268867073,0.3867646679469529,0.3466293803950198,0.4520863774839347,0.10545699708891493,0.0,0.43760534033006204,6.921114019097222,6.686362825,7.183171251291854,0.0125309700954442,0.3902748060380006,0.15167440076735267,0.0,63,10.5,0.0,0.0,7.358181424920636,6.872762389999998,6.794116630000001,7.987365400000002,7.105332043994397,7.123652448513373,0.0123167724971193,0.0124075082641811,0.33797708004723415,0.3707274536966963,0.2884397523992686,0.388418587570822,0.0,0.3966179049644196,0.4455109591413907,0.3255522906876749,0.4642763724316778,0.0,0.4471783112995401,0.506997010518509,0.3615007230400992,0.5261153866474223,0.0,0.29991031534215257,0.3122347655424087,0.282209793465007,0.317362125827979,0.0,0.34982063068430336,0.3744695310848151,0.3144195869300128,0.3847242516559557,0.0,0.399730946026456,0.4367042966272238,0.3466293803950198,0.4520863774839347,0.0,6.71904344,7.123652448513373,0.0124075082641811,0.4455109591413907,True,True,6.855369379999999,6.81257823,0.4475926826098586,0.4555491234262188,7.132115234647803,0.012325251947059,1,1,True,True,6.860888254999999,6.81257823,0.4483598871341937,0.4575449304274474,7.121092432117435,0.012336266510977249,2,2,True,True,True,True,True,True
2024-05-25,Persistent stratification,Persistent stratification,Persistent stratification,8.393192276805555,8.908956400000001,7.904665380000001,8.1130351625,8.098229859999998,1.0042910200000001,0.0,8.630964415778385,9.16911132709499,8.209775737563605,8.262105855702865,1.057538351988386,0.0131294541944444,0.0138101060133509,0.0128749454096076,0.001067207959616,0.28275301766824307,0.2750626683996239,0.2928564780872211,0.017793809687597195,0.0,0.2828011806629898,0.31467420109897515,0.2999894947602857,0.33329465899567,0.03330516423538432,0.0,0.3150218587041492,0.34586085994674165,0.3247835704366436,0.371762295795246,0.046978725358602424,0.0,0.3467017475148868,0.2784854382481351,0.2738772520898819,0.2838238577419419,0.009946605652060014,0.0,0.27932111945773724,0.30697087649626914,0.2977545041797629,0.3176477154838827,0.019893211304119807,0.0,0.3086422389154734,0.33545631474440424,0.3216317562696448,0.3514715732258247,0.029839816956179877,0.0,0.33796335837321057,7.315378875833334,6.870458785000002,7.579904859425413,0.01281045033326295,0.3902748060380006,0.15167440076735267,0.0,63,10.5,0.0,0.0,8.398290035873016,8.257419899999999,7.921862899999997,8.908956400000001,8.139853964002095,8.27999467623015,0.0127428980537349,0.0129417099513141,0.2824866764412585,0.2819084361130137,0.2752818650900934,0.2928564780872211,0.0,0.3141560473314404,0.3129097216244957,0.3004247435330486,0.33329465899567,0.0,0.34510624451490907,0.3430493269035255,0.3254318420695822,0.371762295795246,0.0,0.27832815580267745,0.277778934153076,0.274019966741474,0.2838081923849512,0.0,0.306656311605354,0.305557868306151,0.2980399334829471,0.3176163847699013,0.0,0.33498446740803145,0.333336802459227,0.3220599002244211,0.3514245771548526,0.0,6.872762389999998,7.2560580868672915,0.01268874402223355,0.4455109591413907,True,True,8.074323344999998,8.02919966,0.31662127578616195,0.3199380930649795,8.209775737563605,0.0128118284242381,1,1,True,True,8.167840670000002,8.02919966,0.31360810513043547,0.3199380930649795,8.262105855702865,0.0128749454096076,2,2,True,True,True,True,True,True
2024-05-26,Persistent stratification,Persistent stratification,Persistent stratification,8.801639592430554,9.155807120000002,8.29051884,8.6073313125,8.615126995,0.8652882800000015,0.0,9.260519757519624,9.591929584320637,8.942041268645026,9.011367104053896,0.7595115135175323,0.014220377728396849,0.014444918851299,0.0138615654749319,0.0008507623624850989,0.28289247180906496,0.2719943785746915,0.3021808494353994,0.030186470860707915,0.0,0.2810537147126614,0.3146373393056023,0.293962110064108,0.3480366779949265,0.054074567930818496,0.0,0.3114791018283436,0.34540976954320146,0.3159033369635783,0.3896818659773121,0.07377852901373377,0.0,0.341324193062996,0.2773432268599944,0.2717114516378612,0.2845245774079525,0.012813125770091305,0.0,0.27717773852150945,0.3046864537199878,0.2934229032757216,0.3190491548159039,0.025626251540182277,0.0,0.3043554770430179,0.3320296805799823,0.3151343549135828,0.3535737322238564,0.03843937731027358,0.0,0.3315332155645274,7.315378875833334,6.870458785000002,7.579904859425413,0.0131294541944444,0.3902748060380006,0.15167440076735267,0.0,64,10.666666666666666,0.0,0.0,8.883182865,8.87746048,8.46257425,9.155807120000002,8.942041268645026,9.291679226259468,0.0137847442986118,0.0139119002472255,0.2805384876086333,0.2795082720921701,0.2719943785746915,0.3021808494353994,0.0,0.31017111112645646,0.3083888154358413,0.293962110064108,0.3480366779949265,0.0,0.3390478865546918,0.33669149879911625,0.3159033369635783,0.3896818659773121,0.0,0.2761141906735695,0.2755717798644835,0.2717114516378612,0.2845245774079525,0.0,0.30222838134713814,0.3011435597289661,0.2934229032757216,0.3190491548159039,0.0,0.3283425720207077,0.3267153395934496,0.3151343549135828,0.3535737322238564,0.0,6.872762389999998,7.2560580868672915,0.0129417099513141,0.4455109591413907,True,True,8.583993975,8.46257425,0.3129793579286049,0.3159545741608519,8.942041268645026,0.0138112307026383,1,1,True,True,8.679459349999998,8.46257425,0.3088403862373811,0.3159545741608519,9.011367104053896,0.0138615654749319,2,2,True,True,True,True,True,True
2024-05-27,Persistent stratification,Persistent stratification,Persistent stratification,7.729064482708334,8.590015750000003,6.670021329999997,7.965428003333332,7.97527511,1.9199944200000054,0.0,8.701863969121506,9.158891789049273,8.807746148586414,8.816230459597076,1.5364487733345884,0.015675547057157152,0.0165867552364467,0.015047498506505,0.002323554922434301,0.5872697872514235,0.2957489934779402,0.8465050950391549,0.5507561015612148,0.0,0.40123596371775594,0.6571642741465179,0.3375996890831962,0.8809687817362587,0.5433690926530625,0.0,0.4692619176628939,0.7070020011729696,0.3765492227152133,0.9094161092207264,0.5328668865055131,0.0,0.5242476578953212,0.5213185603141184,0.2826619764242723,0.7814608272674273,0.49879885084315495,0.0,0.3108792340672984,0.592101390378742,0.3153239528485435,0.805924582606623,0.49060062975807955,0.0,0.3717584681345947,0.6466727820593455,0.3479859292728158,0.8303883379458197,0.4824024086730039,0.0,0.4326377022018931,7.428230158472222,6.870458785000002,7.638332216804584,0.0131294541944444,0.6419287442495598,0.27811768453651053,0.0,72,12.0,0.0,0.0,7.755961071666666,7.852081945,6.670021329999997,8.590015750000003,7.622443015714684,8.816230459597076,0.0142632003140124,0.01459166962408945,0.5567990264307778,0.4682684100735579,0.2957489934779402,0.8465050950391549,0.0,0.6138570870957377,0.5660529921579364,0.3375996890831962,0.8809687817362587,0.0,0.65781956285062,0.6448539467471752,0.3765492227152133,0.9094161092207264,0.0,0.5000288597326175,0.3600351494901823,0.2826619764242723,0.7814608272674273,0.0,0.5503310380741182,0.47007029898036073,0.3153239528485435,0.805924582606623,0.0,0.5934257540133323,0.580105448470543,0.3479859292728158,0.8303883379458197,0.0,6.872762389999998,7.2560580868672915,0.0129417099513141,0.5660529921579364,True,True,7.7684565800000005,7.72753642,0.7044404375504247,0.81032512879877,8.798202325435176,0.0165867552364467,1,1,True,True,7.816596785,7.72753642,0.5808910344136735,0.81032512879877,8.839361570598221,0.01655191401443385,2,2,True,True,True,True,True,True
2024-05-28,Persistent stratification,Persistent stratification,Persistent stratification,6.257520659513889,6.932811100000002,5.577737520000003,5.938745675833332,5.953840039999999,1.3550735799999991,0.0,6.681763946698088,7.400888768758294,6.327672400270004,6.430327813400747,1.4150683970328508,0.01716575589478405,0.0190175369216689,0.0176325739312749,0.004555963795622599,0.6221695290148574,0.3061802402873211,1.270642888293695,0.964462648006374,0.0,0.9251431675214,0.7310233918825758,0.3627644810647962,1.3081577334025465,0.9453932523377503,0.0,1.000998977209307,0.8152407351287931,0.4197665714970998,1.331295686072866,0.9115291145757662,0.0,1.062161654288199,0.5765308474635154,0.3078503577622328,1.252788699991451,0.9449383422292182,0.0,0.825268095611832,0.6876492422406687,0.3657007155244635,1.2661218420386395,0.900421126514176,0.0,0.8976551322238229,0.7744770626257965,0.4235510732866963,1.2797155805988452,0.8561645073121489,0.0,0.9700421688358164,7.428230158472222,6.870458785000002,7.638332216804584,0.0131294541944444,0.6419287442495598,0.27811768453651053,0.0,62,10.333333333333332,0.0,0.0,6.434175232741935,6.457101085,5.88434535,6.932811100000002,6.327672400270004,6.926920632018677,0.0144615731260463,0.0165828668982049,0.6597945595818722,0.8412669782234925,0.3061802402873211,1.1635404587931133,0.0,0.7310437048128686,0.8805924919759929,0.3627644810647962,1.2844336871829172,0.0,0.7912413706572919,0.9117907768124993,0.4197665714970998,1.3125264049544911,0.0,0.60447622553933,0.777258575451149,0.3078503577622328,1.0967481356493212,0.0,0.6724572736801957,0.80429904418642,0.3657007155244635,1.2574190930325937,0.0,0.7343731481510845,0.830711301176489,0.4235510732866963,1.2703562809437967,0.0,6.872762389999998,7.123652448513373,0.0129417099513141,0.5660529921579364,True,True,5.953840039999999,5.88434535,1.000998977209307,1.2844336871829172,6.327672400270004,0.0186278640854961,1,1,True,True,6.002122475,5.88434535,0.9584833487578936,1.2844336871829172,6.430327813400747,0.0176325739312749,2,2,True,True,True,True,True,True
2024-05-29,Persistent stratification,Persistent stratification,Persistent stratification,5.655670089861111,6.199181250000002,5.045632570000002,5.4830543375000005,5.47358296,1.15354868,0.0,5.790285844827537,6.657774910579835,5.5910384047758415,5.706078003585324,1.4817306875023135,0.01513271416087095,0.0189384814271559,0.0178196265176567,0.0045715696026646015,0.7216588955657764,0.3152134395398767,1.3145266053532516,0.9993131658133749,0.0,1.2979082727198834,0.8247023998413409,0.3823734924294435,1.3413658185097006,0.9589923260802571,0.0,1.3266109172000715,0.9112149071626975,0.4518224219110369,1.3629120516489903,0.9110896297379534,0.0,1.3481217800699086,0.6982744543935767,0.3230535442007339,1.2677165643491697,0.9446630201484358,0.0,1.26047667758876,0.798690909372101,0.3961070884014652,1.2838978573291713,0.887790768927706,0.0,1.2754333078554532,0.8822303940270683,0.4691606326021991,1.3000791503091735,0.8309185177069744,0.0,1.2901311396395563,7.428230158472222,6.870458785000002,7.638332216804584,0.014220377728396849,0.6419287442495598,0.4254520905029005,0.0,64,10.666666666666666,0.0,0.0,5.8706351275,5.937886519999999,5.374596060000002,6.199181250000002,5.5910384047758415,5.996868673791204,0.0143669118244913,0.0164811889025059,0.7360921546329798,0.8805087916408011,0.3152134395398767,1.3083752444904253,0.0,0.8097623765742868,0.9425270622014796,0.3823734924294435,1.333639740350411,0.0,0.8738753073007289,0.9916118437334926,0.4518224219110369,1.353675159863336,0.0,0.7029164468327188,0.7972347222328956,0.3230535442007339,1.264612510284143,0.0,0.774276788640798,0.8470716951281878,0.3961070884014652,1.2789420157021802,0.0,0.8381315246176633,0.8967145992746799,0.4691606326021991,1.293271521120218,0.0,6.872762389999998,7.123652448513373,0.0139119002472255,0.5660529921579364,True,True,5.433205320000001,5.374596060000002,1.3272759447711722,1.333639740350411,5.5910384047758415,0.0174196488829711,1,1,True,True,5.549250344999997,5.374596060000002,1.3261897737902228,1.333639740350411,5.706078003585324,0.0178196265176567,2,2,True,True,True,True,True,True
2024-05-30,Diurnally oscillating stratification,Diurnally oscillating stratification,Diurnally oscillating stratification,4.7632563688194445,5.9372358,3.9552490800000015,5.206618541666667,5.1807676849999975,1.9819867199999983,0.0,4.57574340758882,5.85765709056916,5.149706492165215,5.248471453160445,2.3384670039701017,0.012518114861656101,0.0143915394886689,0.014126385034124,0.0029230722036543005,1.1965802398021803,0.3512811076815164,1.353318588488195,1.0020374808066788,0.0,1.071012839861282,1.2535776207938996,0.4521109640152732,1.3983690975063423,0.9462581334910691,0.0,1.2147211336260157,1.29772258843014,0.5524984282725257,1.4346566846201232,0.8821582563475975,0.0,1.2933670468300533,1.1396260115295673,0.3504003685577061,1.284108505637188,0.9337081370794817,0.0,0.9684316839329218,1.1886801106055964,0.4508007371154087,1.317133788598307,0.8663330514828983,0.0,1.1867669562410423,1.2309091473566278,0.5512011056731149,1.3501590715594274,0.7989579658863125,0.0,1.2631845590353445,7.428230158472222,6.870458785000002,7.638332216804584,0.014220377728396849,0.6571642741465179,0.5433690926530625,0.0,66,11.0,0.0,0.0,4.885117547878788,5.152083655,3.9552490800000015,5.9372358,3.519190086599058,5.149706492165215,0.0117051594344071,0.013490820312622,1.0521393457063821,1.191472985458974,0.3512811076815164,1.353318588488195,0.0,1.1333222612949243,1.2987835117282525,0.4521109640152732,1.3983690975063423,0.0,1.1966766125068407,1.3336188103951936,0.5524984282725257,1.4346566846201232,0.0,0.9874451678292605,1.1449423838187358,0.3504003685577061,1.284108505637188,0.0,1.0681370430583568,1.263264994642301,0.4508007371154087,1.317133788598307,0.0,1.1344707921177268,1.2820386201216012,0.5512011056731149,1.3501590715594274,0.0,6.872762389999998,7.123652448513373,0.0139119002472255,0.5660529921579364,True,True,5.152083655,5.115455360000002,1.2987835117282525,1.3333280184549934,5.149706492165215,0.0143914009536943,1,1,True,True,5.1807676849999975,5.115455360000002,1.2147211336260157,1.3333280184549934,5.248471453160445,0.014126385034124,2,2,True,True,True,True,True,True
2024-05-31,Persistent stratification,Diurnally oscillating stratification,Diurnally oscillating stratification,3.8011946938194447,4.034573699999999,3.5641929400000016,3.7299690716666674,3.725458100000001,0.4703807599999976,0.0,3.0993753937785935,3.445511200663648,2.9598325634989613,2.986802172680426,0.7118147802604904,0.0123880570159862,0.0136958118720859,0.0130467804068329,0.0025340616938992998,0.9302757658074755,0.3614196444340722,1.4315446214374603,1.070124977003388,0.0,1.3789842820875546,1.1028525756018932,0.4848389665829768,1.5041957012131664,1.0193567346301895,0.0,1.439188356407556,1.2654997353766981,0.6338968218903099,1.5639836364017232,0.9300868145114133,0.0,1.486135618455643,0.9027258614736825,0.3897484505530317,1.333061133309016,0.9433126827559843,0.0,1.2978478706683045,1.0627053091694643,0.5294969011060584,1.4046293117608897,0.8751324106548313,0.0,1.3466684688121242,1.2102971520850303,0.6692453516590902,1.4761974902127657,0.8069521385536755,0.0,1.395289025680312,6.257520659513889,5.953840039999999,6.681763946698088,0.014220377728396849,0.7310233918825758,0.9453932523377503,0.0,65,10.833333333333332,0.0,0.0,3.8638764023076924,3.8759256399999984,3.6839820900000007,4.034573699999999,2.9598325634989613,3.269155708014258,0.0111617501781866,0.0120495847303178,0.9812276696823029,1.3471399774813737,0.3614196444340722,1.3860423179755728,0.0,1.1110770844958675,1.3956033660492173,0.4848389665829768,1.446420431046329,0.0,1.2404423921019048,1.432019364666598,0.6338968218903099,1.4974640431263817,0.0,0.9436486846621845,1.2809927161191956,0.3897484505530317,1.3029337124298312,0.0,1.068827948646731,1.3162068592156946,0.5294969011060584,1.3523581063567036,0.0,1.1887335777640142,1.3492940380556553,0.6692453516590902,1.4050726335547332,0.0,6.457101085,6.926920632018677,0.0139119002472255,0.8805924919759929,True,True,3.7079629250000004,3.7015658500000015,1.4411953835947189,1.44585927381712,2.9598325634989613,0.013057475089171,1,1,True,True,3.7384152999999998,3.6870902200000018,1.439188356407556,1.446420431046329,2.986802172680426,0.0130467804068329,2,2,True,True,False,False,True,True
2024-06-01,Diurnally oscillating stratification,Diurnally oscillating stratification,Diurnally oscillating stratification,3.5257082470833336,3.875653979999999,3.14210993,3.3260574983333338,3.3286045699999995,0.733544049999999,0.0,3.1015150806353056,3.448237097302355,2.803507667852827,2.8337259932702086,0.7380312063326104,0.00910466160751955,0.0108963697326976,0.0103401570528966,0.0028103920576114,0.7733387049883922,0.3147082713872097,1.3724447404409843,1.0577364690537747,0.0,1.3632468713852879,0.9185511986451282,0.3825997746482127,1.4255289942411464,1.0429292195929336,0.0,1.4152651651040344,1.0324826025559917,0.4553226167703051,1.4703328914111975,1.0150102746408924,0.0,1.4584805466944815,0.762228265527135,0.3339546438730492,1.2971151652958348,0.9631605214227856,0.0,1.2905567371191577,0.9019169715315116,0.4179092877460954,1.3397019924243465,0.921792704678251,0.0,1.3318697569521347,1.0080347638782021,0.5018639316191447,1.3850570351000404,0.8831931034808957,0.0,1.374498954184893,5.655670089861111,5.47358296,5.790285844827537,0.014220377728396849,0.8247023998413409,0.9462581334910691,0.0,63,10.5,0.0,0.0,3.5962986736507943,3.648455590000001,3.2689886300000026,3.875653979999999,2.803507667852827,3.1085660419889454,0.0080859776750862,0.0103401570528966,0.8658569234273616,1.166757628348978,0.3147082713872097,1.3724447404409843,0.0,0.9487846502385232,1.311107901171188,0.3825997746482127,1.4235974166951968,0.0,1.0227399736569618,1.3706014200024808,0.4553226167703051,1.4658105579481575,0.0,0.8398224054983546,1.10997354701852,0.3339546438730492,1.2971151652958348,0.0,0.925796312141378,1.2725048569180268,0.4179092877460954,1.339440704818428,0.0,0.997951148485881,1.310778442632488,0.5018639316191447,1.381766244341023,0.0,5.937886519999999,5.996868673791204,0.0139119002472255,0.9425270622014796,True,True,3.314730280000001,3.2689886300000026,1.4198377596592213,1.4235974166951968,2.803507667852827,0.0102581877149783,1,1,True,True,3.3437578749999997,3.2689886300000026,1.4152651651040344,1.4235974166951968,2.8337259932702086,0.0103401570528966,2,2,True,True,True,True,True,True
2024-06-02,Diurnally oscillating stratification,Diurnally oscillating stratification,Diurnally oscillating stratification,3.49350626875,3.7881739099999976,3.147514700000002,3.2967965325,3.2977082049999993,0.6406592099999955,0.0,3.3494716824590376,3.601383731651378,3.109039052970892,3.151178610327661,0.5816425653070336,0.008170335959311149,0.0085102157850832,0.00792725953486145,0.0006147815255292,0.6542136516136173,0.3413977100344531,1.307474143682931,0.9660764336484778,0.0,1.084155677701574,0.8296293283976082,0.4379897531709331,1.3601719800537186,0.9221822268827855,0.0,1.2372959413260949,0.9771204367800075,0.5417858342000998,1.398497016959566,0.8567111827594662,0.0,1.3202349959035136,0.6398087205363279,0.3556732948620559,1.2652022268675998,0.9095289320055439,0.0,0.9927644648865521,0.8189091928832131,0.4613465897241081,1.2975459452708182,0.8361993555467102,0.0,1.2280117946052453,0.9576938938952255,0.567019884586164,1.329889663674038,0.762869779087874,0.0,1.2810610510148468,4.7632563688194445,5.1807676849999975,4.57574340758882,0.012518114861656101,0.8296293283976082,0.9462581334910691,0.0,66,11.0,0.0,0.0,3.541869763939394,3.5836727550000003,3.2215748600000005,3.7881739099999976,3.109039052970892,3.384528848088796,0.007895434259554,0.0081112598983122,0.6089634262725208,0.46801380674084264,0.3413977100344531,1.107035233997655,0.0,0.7735403752681063,0.6687697389558886,0.4379897531709331,1.266050318971932,0.0,0.9220974203158908,0.8891935297918743,0.5417858342000998,1.33466920748732,0.0,0.5843916751371498,0.45726281480870745,0.3556732948620559,1.0220489307625835,0.0,0.7647066394129731,0.6645256296174076,0.4613465897241081,1.254514714215867,0.0,0.9077834878120816,0.8663548441246047,0.567019884586164,1.2893191587963433,0.0,5.152083655,5.149706492165215,0.013490820312622,0.9425270622014796,True,True,3.271730455000002,3.2215748600000005,1.2581130315069347,1.266050318971932,3.109039052970892,0.0079054185212932,1,1,True,True,3.3127926,3.2215748600000005,1.2316021664782566,1.266050318971932,3.151178610327661,0.00792725953486145,2,2,True,True,True,True,True,True
2024-06-03,Diurnally oscillating stratification,Diurnally oscillating stratification,Diurnally oscillating stratification,3.4895672027777778,4.175238709999999,2.9732940600000006,3.095889443333333,3.0952794249999993,1.201944649999998,0.0,3.3384747169556417,3.884036039209285,2.959037753297558,3.0059274546437758,1.0371414138779125,0.0079430416763909,0.0087453888946477,0.008450795086741299,0.0010057337599068995,0.7331650367257221,0.3009276998142494,1.3441415501665956,1.0432138503523463,0.0,1.3351044451717207,0.8546372033519175,0.3536322384438332,1.3869055806853816,1.0332733422415483,0.0,1.376309793191532,0.947129907587247,0.4086752983566563,1.4222642316911935,1.0135889333345371,0.0,1.4098302088194217,0.718926637409119,0.3143487541862413,1.2836658428219327,0.9693170886356914,0.0,1.2781815256529396,0.8396507673460452,0.3786975083724804,1.3152559246398898,0.9365584162674094,0.0,1.3083534004655601,0.9324937489182573,0.4430462625587218,1.348820912329931,0.9057746497712093,0.0,1.338923126799738,3.8011946938194447,3.725458100000001,3.3494716824590376,0.0123880570159862,0.8546372033519175,0.9589923260802571,0.0,65,10.833333333333332,0.0,0.0,3.6130325215384613,3.4318887899999986,3.034737679999999,4.175238709999999,2.959037753297558,3.436304635485715,0.0078952002478947,0.0082722104334994,0.7721344332413963,0.9497625114907018,0.3009276998142494,1.3441415501665956,0.0,0.8467157466165245,1.0704580077846009,0.3536322384438332,1.3849233150644995,0.0,0.909693677302569,1.1659381104579103,0.4086752983566563,1.4181131754097835,0.0,0.7422645791972973,0.8547690848692461,0.3143487541862413,1.2836658428219327,0.0,0.8270839001342364,0.9866455316198022,0.3786975083724804,1.3152114368677392,0.0,0.8986593507979882,1.1185219783703628,0.4430462625587218,1.3467570309135466,0.0,3.8759256399999984,3.436304635485715,0.0120495847303178,1.0704580077846009,True,True,3.0737426150000005,3.034737679999999,1.3778552762470515,1.3849233150644995,2.959037753297558,0.0082722104334994,1,1,True,True,3.1187850899999994,3.034737679999999,1.375488623214169,1.3849233150644995,3.0059274546437758,0.008450795086741299,2,2,True,True,True,True,True,True
2024-06-04,Diurnally oscillating stratification,Diurnally oscillating stratification,Diurnally oscillating stratification,3.4061606854861113,4.16743134,2.892276950000003,3.7011472750000003,3.6906524050000016,1.2751543899999973,0.0,3.3253637138647467,3.862827812038285,3.5856416935574464,3.5977354681487643,1.0959757946462818,0.0079975096231197,0.0089090587343493,0.00786499701349205,0.001404852675828099,0.9250262168805116,0.3038940396751224,1.3582489784243958,1.0543549387492734,0.0,0.479220703517351,1.0400729787868412,0.3597587955628119,1.4019248821926371,1.0421660866298252,0.0,0.6649460694915047,1.1283183725611448,0.4182006124501118,1.437932392759153,1.019731780309041,0.0,0.8344781284474696,0.8690997985373519,0.3170255195107811,1.2910172985123145,0.9739917790015333,0.0,0.449888400403298,0.9920490266585913,0.3840510390215598,1.3268113625478657,0.9427603235263059,0.0,0.649776800806589,1.0943098911058446,0.4510765585323409,1.3626054265834182,0.9115288680510774,0.0,0.815298925105156,3.5257082470833336,3.6906524050000016,3.3384747169556417,0.00910466160751955,0.9185511986451282,1.0193567346301895,0.0,64,10.666666666666666,0.0,0.0,3.4854514257812497,3.6766346199999997,2.892276950000003,4.16743134,2.766852017392003,3.5977354681487643,0.0075042060585212,0.0078825315290187,0.8203114947086247,0.5389071203519529,0.3038940396751224,1.3582489784243958,0.0,0.9055256069914815,0.7416522703829488,0.3597587955628119,1.4019248821926371,0.0,0.9837347167627215,0.9158021001630425,0.4182006124501118,1.437932392759153,0.0,0.7915238124319068,0.4964763942051017,0.3170255195107811,1.2910172985123145,0.0,0.8764632279182398,0.7301945662577993,0.3840510390215598,1.3268113625478657,0.0,0.9539948529885733,0.8723248918677,0.4510765585323409,1.3626054265834182,0.0,3.6766346199999997,3.436304635485715,0.0103401570528966,1.0704580077846009,True,True,3.6766346199999997,3.6475434600000014,0.7416522703829488,0.8569860259753856,3.5856416935574464,0.0078422941889663,1,1,True,True,3.7036593250000003,3.6475434600000014,0.6355647987943268,0.8569860259753856,3.5977354681487643,0.00786499701349205,2,2,True,True,True,True,True,True
2024-06-05,Diurnally oscillating stratification,Diurnally oscillating stratification,Diurnally oscillating stratification,2.5230543836805555,2.88786597,2.1710844799999975,2.604634669166667,2.615419715,0.7167814900000025,0.0,2.1153778428290932,2.676136224814027,2.27399068176424,2.3273011126064356,0.894382769600474,0.0082471954638181,0.0089916721882253,0.00753613271639575,0.0016233962158628008,1.1495149661534805,0.4194816087439092,1.4508869745860964,1.0314053658421871,0.0,1.3659563585418213,1.3292728947351033,0.6274143333096132,1.5494370601490528,0.9220227268394396,0.0,1.420413478722411,1.459067129821074,1.0637912980029116,1.645068114665968,0.5812768166630564,0.0,1.4650064446568067,1.1032707230267829,0.4560168795397931,1.3498219879349929,0.8938051083951998,0.0,1.2949439721829161,1.264932828956618,0.662033759079579,1.457679325983099,0.79564556690352,0.0,1.340752743988741,1.388837568893473,1.02706659894744,1.5859717137817833,0.5589051148343434,0.0,1.3870988876785872,3.49350626875,3.3286045699999995,3.3253637138647467,0.0082471954638181,1.0400729787868412,1.0193567346301895,0.0,64,10.666666666666666,0.0,0.0,2.5707659098437503,2.5793044999999992,2.254812910000002,2.88786597,1.8051718391767924,2.3273011126064356,0.0073682759723625,0.00753613271639575,1.3387428187895227,1.3608722474303723,0.8030810473034794,1.4480083901276628,0.0,1.4222566531684706,1.41243564598828,1.2174388800568965,1.5407148960766828,0.0,1.4781357061459761,1.455604994550618,1.3728923897691454,1.61705295399549,0.0,1.2695568339810048,1.2928771727438404,0.7928251257380525,1.3495908044656786,0.0,1.3459820256232136,1.335334080182256,1.197563511345092,1.450203420599549,0.0,1.4026495392741252,1.3806147689639114,1.3153046412804157,1.5508160367334234,0.0,3.648455590000001,3.384528848088796,0.0082722104334994,1.2987835117282525,True,True,2.56748784,2.5473671000000024,1.4365394493997237,1.4500115539221534,2.27399068176424,0.0076330834481063,1,1,True,True,2.615419715,2.5473671000000024,1.420413478722411,1.4500115539221534,2.3273011126064356,0.00753613271639575,2,2,True,True,True,True,True,True
2024-06-06,Diurnally oscillating stratification,Diurnally oscillating stratification,Diurnally oscillating stratification,2.2588200789583333,2.767889829999998,1.860849420000001,1.9446616058333321,1.9395768199999992,0.9070404099999969,0.0,1.634867532447177,2.0301671267605435,1.2337323351278686,1.2552951058005595,0.8205003835798925,0.0083801088068543,0.0096063686038215,0.009276032225230602,0.0021283102912963,0.902742690303995,0.3093535999964323,1.83561370608716,1.5262601060907277,0.0,1.7882169291630023,1.0596564079069446,0.3712990531775137,1.8808791445712347,1.509580091393721,0.0,1.8496525265648915,1.1927595565661642,0.4372685090339855,1.9156866182617949,1.4784181092278095,0.0,1.8903147642634341,0.8927015894992407,0.3293256670999078,1.7718530133948456,1.4425273462949377,0.0,1.756816248958264,1.0536203916542186,0.4086513341998127,1.7983097087214148,1.389658374521602,0.0,1.7830192082423761,1.1793794534912676,0.4879770012997205,1.8247664040479847,1.3367894027482643,0.0,1.8104910557923337,3.4895672027777778,3.2977082049999993,3.1015150806353056,0.0082471954638181,1.0400729787868412,1.0332733422415483,0.0,62,10.333333333333332,0.0,0.0,2.3004958687096773,2.2333374349999993,1.8650144199999978,2.767889829999998,1.2337323351278686,1.650045392215077,0.0074780583125252,0.0087247490503614,1.0431668308610023,1.4408436508260727,0.3093535999964323,1.82134307644448,0.0,1.1476886845668763,1.5290486917550379,0.3712990531775137,1.8696973800510956,0.0,1.234215072537978,1.602281955292883,0.4372685090339855,1.9056026542209856,0.0,1.0151008233869374,1.3453982902286294,0.3293256670999078,1.766881977781786,0.0,1.1326151356025933,1.4389172191018784,0.4086513341998127,1.7927532339872263,0.0,1.2197087663352153,1.5333564215945508,0.4879770012997205,1.8186244901926676,0.0,3.5836727550000003,3.269155708014258,0.0082722104334994,1.311107901171188,True,True,1.9395768199999992,1.8650144199999978,1.8523432188220206,1.8696973800510956,1.2337323351278686,0.0091334558136526,1,1,True,True,1.950106309999999,1.8650144199999978,1.846141936283338,1.8696973800510956,1.2552951058005595,0.009276032225230602,2,2,True,True,True,True,True,True
2024-06-07,Diurnally oscillating stratification,Diurnally oscillating stratification,Diurnally oscillating stratification,2.5544981902083332,2.969183730000001,2.0269225399999975,2.1697724683333335,2.171070440000001,0.9422611900000035,0.0,2.1581783710265454,2.562396862684394,1.780266847912535,1.8281835848283683,0.8501724445353238,0.0068931997706292,0.0074146299912636,0.0070228150195318,0.0011705979442651997,0.5561310757540869,0.3190136666082121,1.3665909217536825,1.0475772551454703,0.0,1.036686688998349,0.7049539710837026,0.3913635697620871,1.4580842371424114,1.0667206673803244,0.0,1.1954578841372636,0.8395466623438482,0.4683308761061445,1.5436114657793167,1.0752805896731723,0.0,1.3436159687096856,0.5547778873027638,0.3342631718167882,1.296641908693416,0.9623787368766278,0.0,0.959648945387944,0.7096802350392921,0.4185263436335734,1.3762326479284392,0.9577063042948659,0.0,1.1742842751337117,0.8399931818534069,0.5027895154503617,1.4707982108952042,0.9680086954448426,0.0,1.3139852839856063,3.4061606854861113,3.0952794249999993,3.1015150806353056,0.008170335959311149,0.9185511986451282,1.0421660866298252,0.0,64,10.666666666666666,0.0,0.0,2.60691171296875,2.6339813449999987,2.0923174099999997,2.969183730000001,1.780266847912535,2.037926753049253,0.0062440320469984,0.0070146001870656505,0.48734691790666934,0.3327832054214323,0.3190136666082121,1.1193881286071732,0.0,0.61340517766714,0.41977537862475167,0.3913635697620871,1.315634261273866,0.0,0.7415874605803732,0.5124319334421947,0.4683308761061445,1.4312712505664216,0.0,0.4864601550974142,0.34933614009153713,0.3342631718167882,1.0550379925532956,0.0,0.6273848354001924,0.44867228018307065,0.4185263436335734,1.2843175796993642,0.0,0.7547905575481989,0.5480084202746076,0.5027895154503617,1.3720324629625218,0.0,3.4318887899999986,3.1085660419889454,0.0081112598983122,1.0704580077846009,True,True,2.1198975450000006,2.0923174099999997,1.271921419820314,1.315634261273866,1.780266847912535,0.0069747483126283,1,1,True,True,2.171070440000001,2.0923174099999997,1.1954578841372636,1.315634261273866,1.8281835848283683,0.0070228150195318,2,2,True,True,True,True,True,True
2024-06-08,Persistent stratification,Persistent stratification,Persistent stratification,3.302750599305556,3.675769980000002,2.9224492300000016,3.0746851649999996,3.0658606949999996,0.7533207500000003,0.0,2.976610619430374,3.3693303755572725,2.68418099829276,2.68863256416902,0.7955442787712927,0.0062230541756148,0.0064811879026526,0.00634323267950305,0.0005330262554258999,0.3105119701145839,0.2947993930640435,0.3319246364539229,0.03712524338987938,0.0,0.31114109122537104,0.3732580523876041,0.3408376652760267,0.416919207633858,0.07608154235783127,0.0,0.37480938725877444,0.4388477521742184,0.3883732509280446,0.5059834932291777,0.1176102423011331,0.0,0.4418311178770735,0.3208906372835055,0.3040146204614087,0.3443042300860264,0.040289609624617695,0.0,0.32532100805257724,0.39178127456700845,0.3580292409228154,0.4386084601720496,0.08057921924923417,0.0,0.4006420161051518,0.462671911850514,0.4120438613842241,0.5329126902580761,0.12086882887385197,0.0,0.47596302415772906,3.302750599305556,3.0658606949999996,2.976610619430374,0.0079975096231197,0.8546372033519175,1.0332733422415483,0.0,62,10.333333333333332,0.0,0.0,3.300324286774194,3.1122732149999983,2.9224492300000016,3.675769980000002,2.57378609678598,2.68863256416902,0.0059543806938933,0.0063348065439633,0.31110468516472994,0.30876789612841316,0.2959426804750394,0.331076565247361,0.0,0.37456996206938376,0.36993730890100873,0.3430597888250761,0.4160023422606953,0.0,0.44109552480837994,0.4342414845275019,0.3915517956439459,0.5059834932291777,0.0,0.3218598067504974,0.3223490331754307,0.3040146204614087,0.3443042300860264,0.0,0.39371961350099227,0.3946980663508589,0.3580292409228154,0.4386084601720496,0.0,0.4655794202514897,0.46704709952628964,0.4120438613842241,0.5329126902580761,0.0,3.1122732149999983,2.68863256416902,0.0078825315290187,0.7416522703829488,True,True,3.063411714999999,3.0248618799999996,0.37034335200540275,0.3820077108893753,2.68418099829276,0.0062467973490014,1,1,True,True,3.063411714999999,2.9885704299999993,0.37367683653690864,0.3997229455069202,2.68863256416902,0.00634323267950305,2,2,True,True,True,True,True,True
2024-06-09,Diurnally oscillating stratification,Diurnally oscillating stratification,Diurnally oscillating stratification,3.5861829151388886,3.878188689999998,3.281318210000002,3.597551693333333,3.6035636249999996,0.5968704799999962,0.0,3.499773519118886,3.770499539848851,3.3255180319107063,3.3614533705016347,0.5286026423206907,0.0061284719788218,0.0064952069077453,0.00593563221917925,0.0005706398906245996,0.41837256752087887,0.2914304039252084,0.8787553527175759,0.5873249487923675,0.0,0.3054904891080762,0.5057060107430043,0.3338405001405222,0.933917822886427,0.6000773227459049,0.0,0.36225699585156956,0.5842018401956819,0.3773907025925978,0.9799231874191024,0.6025324848265046,0.0,0.42046776732235247,0.3920892998174001,0.2992799125545698,0.8063271899204586,0.5070472773658887,0.0,0.31166734627460235,0.48014878829587954,0.348559825109138,0.8579053798930201,0.5093455547838821,0.0,0.37333469254920243,0.5654743198440304,0.3978397376637079,0.9094835698655832,0.5116438322018753,0.0,0.4350020388238047,3.302750599305556,3.0658606949999996,2.976610619430374,0.0079430416763909,0.8546372033519175,1.0332733422415483,0.0,65,10.833333333333332,0.0,0.0,3.582602858307692,3.63586175,3.281318210000002,3.7970132099999994,3.3255180319107063,3.458267630674775,0.0059245670171207,0.00603249938151405,0.4740352849504655,0.3127635952914303,0.2914304039252084,0.8787553527175759,0.0,0.5435117391526963,0.3768150275587083,0.3338405001405222,0.933917822886427,0.0,0.6051677795452115,0.4422954565488318,0.3773907025925978,0.9799231874191024,0.0,0.4463342232472643,0.3178433259338435,0.2992799125545698,0.8063271899204586,0.0,0.5229716336821545,0.3856866518676848,0.348559825109138,0.8579053798930201,0.0,0.5935522779944665,0.4535299778015284,0.3978397376637079,0.9094835698655832,0.0,3.1122732149999983,2.68863256416902,0.00753613271639575,0.7416522703829488,True,True,3.5288112850000015,3.512160250000001,0.3787426361858375,0.3862136292093826,3.3255180319107063,0.0059466974212378,1,1,True,True,3.6035636249999996,3.512160250000001,0.36225699585156956,0.3862136292093826,3.3614533705016347,0.00593563221917925,2,2,True,True,True,True,True,True
2024-06-10,Diurnally oscillating stratification,Diurnally oscillating stratification,Diurnally oscillating stratification,3.2055358046527775,3.5287290099999993,2.9015515300000025,2.9866461608333332,2.9882278100000015,0.6271774799999967,0.0,3.2569211289403284,3.457944021587476,3.049260063688525,3.0757580815215873,0.472928788193844,0.00650526476858935,0.0071036840535152,0.00598663974282965,0.0011328069657345003,0.7035174939317859,0.3845804021013525,0.9378532755151854,0.5532728734138328,0.0,0.9057636633626077,0.8267321449135393,0.5078177989617768,1.017475368763132,0.5096575698013551,0.0,0.9792897257777728,0.9253484113572527,0.6229539510059724,1.096856567018181,0.4739026160122085,0.0,1.0408516600115023,0.6426070657950794,0.3699220794296709,0.8496734021860605,0.47975132275638954,0.0,0.824054470476518,0.7729992757302295,0.4898441588593376,0.93702704879461,0.4471828899352724,0.0,0.8979803707733296,0.8788779644942515,0.6097662382890086,1.0356824375782006,0.425916199289192,0.0,0.9723392432336184,3.2055358046527775,2.9882278100000015,2.976610619430374,0.0068931997706292,0.8267321449135393,0.9220227268394396,0.0,65,10.833333333333332,0.0,0.0,3.230200368923077,3.2642603900000005,2.940601860000001,3.4674942899999976,3.049260063688525,3.356615903936335,0.0059708770877807,0.006209541187692,0.7065835034458966,0.8768104210347445,0.3845804021013525,0.914000680099275,0.0,0.8126457826819012,0.9362125741463052,0.5078177989617768,0.9915571042325492,0.0,0.9026334575065,0.9844428079883972,0.6229539510059724,1.0565150467729116,0.0,0.6417572110605874,0.804346001630136,0.3699220794296709,0.829347463451667,0.0,0.7563768376797233,0.8593137150550004,0.4898441588593376,0.9092192532546736,0.0,0.8575613278413564,0.9135363334541824,0.6097662382890086,0.989138713002701,0.0,3.1122732149999983,2.68863256416902,0.0070146001870656505,0.7416522703829488,True,True,2.960656414999999,2.940601860000001,0.9830156064276622,0.9915571042325492,3.049260063688525,0.0059708770877807,1,1,True,True,2.9882278100000015,2.940601860000001,0.9792897257777728,0.9915571042325492,3.0757580815215873,0.00598663974282965,2,2,True,True,True,True,True,True
2024-06-11,Diurnally oscillating stratification,Diurnally oscillating stratification,Diurnally oscillating stratification,3.3297857952777776,3.7325390400000025,2.9619443399999987,3.0136771075,3.0125112499999993,0.7705947000000037,0.0,3.458591194842335,3.803646997847812,3.155340702768489,3.18049894944215,0.6731169343788133,0.0075816793520289,0.0081272471082147,0.007053386502782,0.0011393573799011996,0.6475164201759342,0.3735886043731807,0.956219555809926,0.5826309514367454,0.0,0.9352276144284737,0.7817025533522011,0.4973458673247979,1.0535451635737,0.5561992962489022,0.0,1.0210222157102284,0.8888756558144738,0.6144543781088116,1.1410920664650763,0.5266376883562647,0.0,1.0921716292595272,0.5955304736800957,0.3659773640947693,0.8592910260679679,0.49331366197319865,0.0,0.8433920666205065,0.732534933701483,0.4819547281895345,0.9692472764551486,0.48729254826561413,0.0,0.935523591096209,0.8463637981796889,0.5979320922843039,1.0866711219538028,0.4887390296694989,0.0,1.0268502724518522,3.2055358046527775,2.9882278100000015,2.976610619430374,0.0068931997706292,0.7817025533522011,0.6000773227459049,0.0,64,10.666666666666666,0.0,0.0,3.3276930284375004,3.2083344400000016,2.98960224,3.702926620000003,3.155340702768489,3.3183264477161734,0.0069878897283135,0.0072605475091307,0.6400239633602095,0.6361867008220808,0.3836809861226696,0.9393804120483245,0.0,0.7625168588839923,0.826370926522624,0.503686877519321,1.0299680670364184,0.0,0.8614086429645998,0.9378123844533689,0.6144543781088116,1.1058602420878498,0.0,0.5899609130024888,0.5775573663990334,0.3659773640947693,0.847152031725346,0.0,0.7119171884272844,0.7911422758359087,0.4819547281895345,0.945774975343278,0.0,0.8181132573850077,0.877477899931574,0.5979320922843039,1.0443979189612134,0.0,3.1122732149999983,2.68863256416902,0.0070146001870656505,0.826370926522624,True,True,2.996983720000001,2.98960224,1.024105289960339,1.0299680670364184,3.155340702768489,0.0070426067785824,1,1,True,True,3.0146044399999994,2.98960224,1.0205837597719212,1.0299680670364184,3.18049894944215,0.007053386502782,2,2,True,True,True,True,True,True
2024-06-12,Persistent stratification,Persistent stratification,Persistent stratification,4.098798073888889,4.686805409999998,3.559770350000001,3.6711196166666666,3.672689065,1.1270350599999972,0.0,4.295813707599534,4.874140444272916,3.786158784834104,3.787249706650324,1.1745378212676894,0.0084350820736218,0.0088801520899743,0.00790756662785135,0.0011029808623502996,0.34752826700775885,0.2937069859482863,0.4400237269902781,0.14631674104199177,0.0,0.37413128679916996,0.4353338630477301,0.3378656308808477,0.576160117544426,0.23829448666357828,0.0,0.48772105989008235,0.5175822756228706,0.3824994288931784,0.6936899078735039,0.31119047898032554,0.0,0.5937754990395236,0.33580026219703984,0.2960587071466456,0.3923826303670337,0.09632392322038807,0.0,0.35925117687462993,0.42160052439407675,0.3421174142932895,0.5347652607340623,0.19264784644077276,0.0,0.468502353749256,0.5074007865911166,0.3881761214399351,0.6771478911010961,0.288971769661161,0.0,0.5777535306238859,3.302750599305556,3.0125112499999993,3.2569211289403284,0.0068931997706292,0.7049539710837026,0.5561992962489022,0.0,61,10.166666666666666,0.0,0.0,4.0733367104918035,3.6772076600000005,3.559770350000001,4.686805409999998,3.6996026230052266,3.787249706650324,0.007777171227624,0.00797328754854535,0.35033768721227027,0.3647897624115821,0.2937069859482863,0.417051603107718,0.0,0.44097699545458835,0.473711467078745,0.3378656308808477,0.5542289520463006,0.0,0.525814650811199,0.5778738803814811,0.3824994288931784,0.6763218487695298,0.0,0.33885898218824606,0.3555102428921771,0.2963156532374097,0.3871958012377495,0.0,0.42771796437648907,0.4610204857843506,0.3426313064748179,0.5243916024754942,0.0,0.5165769465647352,0.5665307286765278,0.3889469597122277,0.6615874037132436,0.0,3.2083344400000016,3.3183264477161734,0.0070146001870656505,0.473711467078745,True,True,3.6758933250000005,3.638985250000001,0.48648479095329566,0.5062324675979105,3.788340628466545,0.0078461698111913,1,1,True,True,3.6530979699999993,3.6203702399999997,0.4904697976718527,0.5279320059320575,3.787249706650324,0.00790756662785135,2,2,True,True,True,True,True,True
2024-06-13,Persistent stratification,Persistent stratification,Persistent stratification,5.018724733888889,5.546610529999999,4.582673699999997,4.761717380833333,4.75045323,0.9639368300000015,0.0,5.335639291217459,5.835395561991245,4.947112043650052,4.987030117719282,0.9601465955716364,0.0087755972874355,0.0089414277170373,0.00866302710518565,0.0004283551550810002,0.2963423046403438,0.2840330886531227,0.3296693821933939,0.04563629354027121,0.0,0.29241482886152215,0.3421933139557823,0.3182444023223693,0.4017834248353185,0.0835390225129492,0.0,0.3352046948217917,0.3876257628239365,0.3526384300371292,0.4685585769912004,0.11592014695407121,0.0,0.3783867098895338,0.2948199581575851,0.2853381497299601,0.3138058000544193,0.028467650324459248,0.0,0.2944221130264253,0.33963991631516866,0.320676299459919,0.3776116001088364,0.056935300648917386,0.0,0.3388442260528491,0.38445987447275376,0.3560144491898792,0.4414174001632558,0.08540295097337663,0.0,0.38326633907927443,3.3297857952777776,3.0658606949999996,3.458591194842335,0.0068931997706292,0.5057060107430043,0.5096575698013551,0.0,62,10.333333333333332,0.0,0.0,5.0457592670967735,4.841203050000001,4.595706029999999,5.546610529999999,4.896359397937423,4.994172316160338,0.0086623886551173,0.0087755972874355,0.2925079515965105,0.2898868746942011,0.2849860624776536,0.3035324071312373,0.0,0.3350205578240704,0.33016743743071025,0.3200765776510496,0.3565004410810649,0.0,0.3775455671470698,0.3706006908010635,0.3552729988507817,0.4089289747710459,0.0,0.2926234903953269,0.2919216229695458,0.2857052655440594,0.3013587807737712,0.0,0.3352469807906524,0.33384324593909004,0.3214105310881175,0.3527175615475407,0.0,0.3778704711859794,0.3757648689086359,0.3571157966321769,0.4040763423213119,0.0,3.2642603900000005,3.356615903936335,0.0070146001870656505,0.41977537862475167,True,True,4.75045323,4.721999919999998,0.3352046948217917,0.340020776469759,4.947112043650052,0.008663665555254,1,1,True,True,4.7836802349999985,4.721999919999998,0.33056829284424105,0.340020776469759,4.987030117719282,0.00866302710518565,2,2,True,True,True,True,True,True
2024-06-14,Persistent stratification,Persistent stratification,Persistent stratification,5.4946867325,5.778589840000002,4.987616719999998,5.364901964166666,5.371866219999999,0.7909731200000039,0.0,6.001930424829055,6.344782562880945,5.729894273710329,5.752255689129413,0.7121368726021782,0.00937440602913565,0.0096963894303337,0.008874679574187899,0.0009824549265613006,0.30499833803891274,0.2789070664416703,0.3557335719878208,0.0768265055461505,0.0,0.3005170577301573,0.35594700438716204,0.3080354188403227,0.4329061485842692,0.12487072974394647,0.0,0.3495651886479618,0.4041404610284387,0.337393706945395,0.4983719922118276,0.1609782852664326,0.0,0.3973048441350195,0.2948646995059778,0.2809635030279244,0.3143204256303836,0.033356922602459205,0.0,0.2949428831710419,0.3397293990119541,0.3119270060558478,0.3786408512607649,0.06671384520491713,0.0,0.33988576634208223,0.384594098517932,0.3428905090837723,0.4429612768911485,0.10007076780737623,0.0,0.3848286495131241,3.5861829151388886,3.6035636249999996,3.499773519118886,0.0075816793520289,0.4353338630477301,0.23829448666357828,0.0,61,10.166666666666666,0.0,0.0,5.602604311803279,5.64933611,5.3539105199999995,5.778589840000002,5.729894273710329,5.934874792645841,0.0088583335195316,0.009048228183659551,0.2936746253750683,0.2951785381002653,0.2789070664416703,0.3082110394972937,0.0,0.33624802534293635,0.3392627440022924,0.3080354188403227,0.3631701683789833,0.0,0.3778735612511688,0.3822490526166353,0.337393706945395,0.4154939817041953,0.0,0.28958627849465884,0.2904657275035326,0.2809635030279244,0.2983258453241441,0.0,0.32917255698931636,0.3309314550070639,0.3119270060558478,0.3466516906482865,0.0,0.36875883548397526,0.3713971825105965,0.3428905090837723,0.3949775359724307,0.0,3.63586175,3.458267630674775,0.0072605475091307,0.3768150275587083,True,True,5.371866219999999,5.3539105199999995,0.3495651886479618,0.3631701683789833,5.729894273710329,0.0088583335195316,1,1,True,True,5.38830001,5.3539105199999995,0.3434910555907731,0.3631701683789833,5.752255689129413,0.008874679574187899,2,2,True,True,True,True,True,True
2024-06-15,Persistent stratification,Persistent stratification,Persistent stratification,5.794672988402778,6.26791321,5.28662263,5.446986721666668,5.44055964,0.9812905799999996,0.0,6.537854847437035,6.968224114397131,6.1139303409306365,6.126440155663465,0.9089637678857132,0.0104652868759747,0.0110562851845151,0.0097512405815349,0.0014523729784523993,0.3137969762825522,0.2860257240187535,0.3660438370448525,0.08001811302609901,0.0,0.32622980990298167,0.36828492704919485,0.3214932273470601,0.4452845476417546,0.12379132029469453,0.0,0.39117143800222054,0.41802393125510545,0.3564366278141671,0.5115595158871165,0.15512288807294938,0.0,0.44932233558517043,0.2960282551939314,0.2828976268553386,0.3170769441370207,0.03417931728168211,0.0,0.30320924393653936,0.34205651038786117,0.315795253710676,0.3841538882740389,0.06835863456336289,0.0,0.3564184878730768,0.3880847655817926,0.3486928805660146,0.4512308324110596,0.102537951845045,0.0,0.4096277318096161,4.098798073888889,3.672689065,4.295813707599534,0.0084350820736218,0.4353338630477301,0.23829448666357828,0.0,62,10.333333333333332,0.0,0.0,5.905348615806452,5.864929355000001,5.4308264200000025,6.253773560000003,6.1139303409306365,6.4069843966334385,0.0096039122060627,0.0098067778091478,0.29958725554224075,0.2955408044484925,0.2860257240187535,0.3352960757054647,0.0,0.3461178335534647,0.33907377563603885,0.3214932273470601,0.4048814871717195,0.0,0.39042368582782716,0.3809629842682428,0.3564366278141671,0.4660180994051282,0.0,0.29055934055050786,0.28835694461994554,0.2828976268553386,0.3069675228266308,0.0,0.33111868110101417,0.32671388923988975,0.315795253710676,0.3639350456532597,0.0,0.37167802165152203,0.3650708338598353,0.3486928805660146,0.4209025684798906,0.0,3.6772076600000005,3.787249706650324,0.00797328754854535,0.3768150275587083,True,True,5.44055964,5.4308264200000025,0.39117143800222054,0.4048814871717195,6.1139303409306365,0.0097862233453118,1,1,True,True,5.470155830000001,5.4308264200000025,0.37966831380961863,0.4048814871717195,6.126440155663465,0.0097512405815349,2,2,True,True,True,True,True,True
2024-06-16,Persistent stratification,Persistent stratification,Persistent stratification,5.8717394460416665,6.317669299999999,5.479695100000001,5.718996548333333,5.711892200000001,0.8379741999999979,0.0,6.849216299718606,7.116579040439684,6.565563254414824,6.5926894487057055,0.6473421950747174,0.0113786272736713,0.0120777831439635,0.01069883313921225,0.0014265770409621,0.3535629479515455,0.2851371131609558,0.4749410920232439,0.18980397886228811,0.0,0.3459073992254389,0.4204735914620444,0.3198306481715151,0.5778219057640916,0.2579912575925766,0.0,0.41732541791117683,0.47772839305324255,0.3541031089236976,0.6620915485543313,0.30798843963063366,0.0,0.4781703335641744,0.30805146300789943,0.2825348076893549,0.3699002698331611,0.0873654621438062,0.0,0.3079429173769933,0.3661029260157968,0.3150696153787088,0.4898005396663181,0.17473092428760928,0.0,0.36588583475398473,0.4241543890236963,0.3476044230680638,0.6097008094994792,0.2620963864314155,0.0,0.4238287521309781,5.018724733888889,4.75045323,5.335639291217459,0.0087755972874355,0.4204735914620444,0.23829448666357828,0.0,63,10.5,0.0,0.0,5.968660968412698,5.992768080000001,5.637935110000001,6.317669299999999,6.565563254414824,6.850608661794405,0.0106868540688451,0.0108048405908182,0.33374259293017355,0.3237085538714688,0.2851371131609558,0.4565348231564986,0.0,0.3943335436904842,0.3847054851581636,0.3198306481715151,0.5513951013355036,0.0,0.44757874782956164,0.4382454177145314,0.3541031089236976,0.6293690500952863,0.0,0.3015657232632898,0.2977678476489979,0.2825348076893549,0.355089839306918,0.0,0.3531314465265777,0.3455356952979942,0.3150696153787088,0.4601796786138322,0.0,0.4046971697898674,0.3933035429469921,0.3476044230680638,0.5652695179207503,0.0,4.841203050000001,4.994172316160338,0.0087755972874355,0.3847054851581636,True,True,5.706454559999999,5.683880460000001,0.432481476082362,0.4490775270403085,6.565563254414824,0.0107108122095794,1,1,True,True,5.744167280000001,5.683880460000001,0.4075938563413031,0.4490775270403085,6.5926894487057055,0.01069883313921225,2,2,True,True,True,True,True,True
2024-06-17,Persistent stratification,Persistent stratification,Persistent stratification,5.140138279027777,5.613989759999999,4.77812509,5.115084283333333,5.119439334999999,0.8358646699999994,0.0,6.207329338311404,6.864860043777042,6.175046536366534,6.254156814783528,1.0658723326846928,0.01172577175727455,0.0132586881709902,0.0108655714130895,0.0026083923951130007,0.6440890508521829,0.3809176117171133,0.8634770218309865,0.4825594101138732,0.0,0.8380874434296625,0.7288567579011107,0.4699918698481655,0.9051706396814072,0.4351787698332417,0.0,0.8768330704273974,0.7908414412452864,0.5438394682744877,0.9398278089249824,0.3959883406504947,0.0,0.9072131163937749,0.5701120040667368,0.3289484757773061,0.792422639091306,0.4634741633139998,0.0,0.7779229437350534,0.6638934906838414,0.4078969515546094,0.8259613419763366,0.4180643904217272,0.0,0.8057182325067427,0.7344666893690035,0.4868454273319155,0.8595000448613686,0.37265461752945306,0.0,0.8329898850646877,5.140138279027777,5.119439334999999,6.001930424829055,0.00937440602913565,0.4204735914620444,0.23829448666357828,0.0,62,10.333333333333332,0.0,0.0,5.289508355967742,5.28660324,4.954045539999999,5.613989759999999,6.147781062779647,6.3113980967581105,0.0106588334674544,0.011808521367492799,0.6857332208571206,0.8017451945619842,0.3817523250608927,0.8502067187650774,0.0,0.7561679450486547,0.843991126841072,0.4699918698481655,0.8956059222545512,0.0,0.8089530596564518,0.87422576601955,0.5438394682744877,0.9320710426354486,0.0,0.6192587427790992,0.7622373280658783,0.3289484757773061,0.7834528416021472,0.0,0.6916009276634253,0.7854216018460893,0.4078969515546094,0.8173438464495634,0.0,0.7484277807925772,0.8083223418227337,0.4868454273319155,0.8512348512969807,0.0,5.28660324,5.934874792645841,0.009048228183659551,0.3847054851581636,True,True,5.114514974999999,5.047975870000002,0.8771368559672157,0.8804639076632502,6.175046536366534,0.0106588334674544,1,1,True,True,5.143114199999999,5.047975870000002,0.8745486414172896,0.8804639076632502,6.254156814783528,0.0108655714130895,2,2,True,True,True,True,True,True
2024-06-18,Persistent stratification,Persistent stratification,Persistent stratification,4.605107750833334,4.942776420000001,4.245202669999998,4.665428908333333,4.662487865000001,0.6975737500000037,0.0,5.4263884799242526,5.975947952149549,5.433995414176731,5.493828755247642,1.0714079575341149,0.01223836371083475,0.0128589036075646,0.01169245045242095,0.0012470733992654016,0.7770337695939257,0.4385632448207853,0.9670699093542954,0.5285066645335101,0.0,0.8760579239820485,0.8705515000881001,0.5688320132719378,1.0639871886852488,0.495155175413311,0.0,0.9318348519581288,0.9403425574080642,0.680548233472144,1.1433503037618742,0.4628020702897302,0.0,0.9780173356522125,0.701898033473709,0.3850383856063791,0.8624227699041123,0.47738438429773317,0.0,0.7976109583410005,0.7985618287729603,0.5200767712127535,0.972189706816244,0.4521129356034904,0.0,0.8445203442902041,0.8713831879969827,0.6551151568191327,1.08195664372838,0.4268414869092474,0.0,0.8920760604495587,5.140138279027777,5.119439334999999,6.001930424829055,0.0104652868759747,0.4204735914620444,0.23829448666357828,0.0,62,10.333333333333332,0.0,0.0,4.605152558709677,4.656994915,4.245202669999998,4.942776420000001,4.904539994615434,5.493828755247642,0.0116846844272474,0.01196883255004475,0.8876698925553547,0.8761540209511967,0.8386153046768204,0.9670699093542954,0.0,0.9500975698633173,0.9340841744822789,0.8903120295614287,1.0639871886852488,0.0,1.0007869439331436,0.9809288336133107,0.9304020279018148,1.1433503037618742,0.0,0.8061284288211226,0.7983373702796431,0.7778158768987632,0.8624227699041123,0.0,0.8619442016454743,0.8460026040572405,0.81398631001192,0.972189706816244,0.0,0.9177599744698278,0.8943942497734823,0.8501567431250783,1.08195664372838,0.0,5.28660324,5.934874792645841,0.0098067778091478,0.3847054851581636,True,True,4.662487865000001,4.640034280000002,0.9318348519581288,0.9382839638825734,5.433995414176731,0.0116846844272474,1,1,True,True,4.710012879999999,4.640034280000002,0.9273240949372354,0.9382839638825734,5.493828755247642,0.01169245045242095,2,2,True,True,True,True,True,True
2024-06-19,Persistent stratification,Persistent stratification,Persistent stratification,3.8467077563194443,4.167561030000002,3.5881705199999985,3.917992685833333,3.919828814999999,0.5793905100000032,0.0,4.215744460269801,4.780308015275749,4.320453921597324,4.354330093797717,0.9500624854898758,0.0113516405277524,0.0139870447942037,0.01312287328197005,0.0043219958670559,1.0352580810527539,0.4834370347623862,1.3297925162221853,0.8463554814597991,0.0,1.3252410684068496,1.1747014047052238,0.7118154288301816,1.363200967289098,0.6513855384589163,0.0,1.3573166794143825,1.2720393202373161,0.943836192023698,1.392302926132782,0.448466734109084,0.0,1.3835308004693947,0.9872679200963527,0.4804953880638806,1.275302847346856,0.7948074592829754,0.0,1.272956347994485,1.1282861993709061,0.710990776127753,1.297366694047575,0.586375917919822,0.0,1.2947124683553621,1.2193988685147557,0.8976346189516908,1.3221380251833086,0.42450340623161775,0.0,1.316602269956523,5.140138279027777,5.119439334999999,6.001930424829055,0.0113516405277524,0.4204735914620444,0.2579912575925766,0.0,70,11.666666666666666,0.0,0.0,3.8764336185714283,3.88064713,3.5881705199999985,4.167561030000002,3.8302455297858735,4.288505018456726,0.0096650489271478,0.0128429814749415,1.1594394326499482,1.1915993768084743,0.614683976056367,1.3297925162221853,0.0,1.2538903722801975,1.308968229734667,0.8714381037438899,1.361365021560953,0.0,1.3150701718527438,1.3483359648314557,1.0470015062543463,1.388111834095218,0.0,1.0960003024577578,1.1458743477416058,0.5898142480172424,1.275302847346856,0.0,1.201588556547341,1.269025251232061,0.8306160940677108,1.296779508067681,0.0,1.2653386853322204,1.292542713099273,0.98268236600886,1.3194719230387046,0.0,5.28660324,5.934874792645841,0.0108048405908182,0.3847054851581636,True,True,3.88064713,3.87136791,1.3573145044539103,1.361365021560953,4.256556115316127,0.0126588295687373,1,1,True,True,3.91018493,3.87136791,1.3573166794143825,1.361365021560953,4.288505018456726,0.0128429814749415,2,2,True,True,True,True,True,True
2024-06-20,Persistent stratification,Persistent stratification,Persistent stratification,3.2760436946527776,3.6183028099999994,2.7235872200000024,3.4343850391666666,3.4399596599999995,0.894715589999997,0.0,3.3307257354408217,3.774227060187692,3.4973585679285377,3.5199526486357815,1.128166311132731,0.00967143363749525,0.0102839205852225,0.0098162976591361,0.0012958746420825996,1.2309873373223585,0.9644331277548602,1.3796809351842936,0.41524780742943335,0.0,1.338942531153927,1.3377884708084382,1.1791041095099746,1.441645742705516,0.26254163319554147,0.0,1.3824917927316407,1.39013399580501,1.3009142831860607,1.491889480731294,0.19097519754523318,0.0,1.4160202405295361,1.172109777613196,0.8840346847805373,1.3015834091000682,0.41754872431953094,0.0,1.2788913786665366,1.2847706877173664,1.136495702158971,1.35536827021497,0.21887256805599908,0.0,1.3099203876596301,1.324609378964493,1.2714033339838249,1.4091531313298735,0.13774979734604864,0.0,1.3406801989273527,5.140138279027777,5.119439334999999,6.001930424829055,0.0113516405277524,0.7288567579011107,0.26254163319554147,0.0,63,10.5,0.0,0.0,3.2856501295238094,3.429597040000001,2.7235872200000024,3.6183028099999994,2.646060749054961,3.5199526486357815,0.0096946436436272,0.0097884910454544,1.3006826867320034,1.325496397426881,1.092202248589097,1.3796809351842936,0.0,1.368665737771734,1.3749693072602878,1.2549017588961928,1.441645742705516,0.0,1.412449424503143,1.4089610746960894,1.3392432610252727,1.491889480731294,0.0,1.2495585252417731,1.273325914155307,1.00533494144885,1.3015834091000682,0.0,1.3039322461446692,1.305680486087848,1.2514604731354269,1.35536827021497,0.0,1.3405712087595938,1.3359433414540391,1.2937252815852718,1.4091531313298735,0.0,5.28660324,5.934874792645841,0.0108048405908182,0.843991126841072,True,True,3.4379159050000005,3.404942420000001,1.3828927330534801,1.3897623646454098,3.4973585679285377,0.0098823493959939,1,1,True,True,3.4437837600000005,3.404942420000001,1.3824917927316407,1.3897623646454098,3.5199526486357815,0.0098162976591361,2,2,True,True,True,True,True,True
2024-06-21,Persistent stratification,Persistent stratification,Persistent stratification,2.7895458586111115,3.152319849999998,2.4870068299999986,2.57976843,2.579299869999998,0.6653130199999993,0.0,2.6616581720892367,2.961434867374143,2.38050198208435,2.3960086457720555,0.6236244005424338,0.0086177018700099,0.0095420991585987,0.0093323632875849,0.0021794714796768005,0.7899849523728055,0.3126933898367799,1.403952153021799,1.0912587631850192,0.0,1.384098083346272,0.9343304963257447,0.3782304556751922,1.4771883134099577,1.0989578577347654,0.0,1.4487107824866785,1.055490992259384,0.4477613754156649,1.5369594563621678,1.089198080946503,0.0,1.5006419468991212,0.7694418449530527,0.3287838893627136,1.3169676551904697,0.9881837658277561,0.0,1.304813390816796,0.9084707957106907,0.4075677787254245,1.3861928835274608,0.9786251048020363,0.0,1.3623590358610547,1.0241192453336483,0.4863516680881381,1.455418111864455,0.9690664437763168,0.0,1.4192225854460734,4.605107750833334,4.662487865000001,5.4263884799242526,0.0113516405277524,0.8705515000881001,0.4351787698332417,0.0,74,12.333333333333332,0.0,0.0,2.8261966427027025,2.8930356050000015,2.4870068299999986,3.152319849999998,2.38050198208435,2.710586846248947,0.0073626276789219,0.008737568310387751,0.8196887107562699,0.3749052219790958,0.3126933898367799,1.3967368251200896,0.0,0.9073457627938668,0.5069377644069218,0.3782304556751922,1.467335668602975,0.0,0.9930038223748817,0.6457456204819304,0.4477613754156649,1.524718355619364,0.0,0.7930670640808584,0.38464936029937263,0.3287838893627136,1.3120213918590016,0.0,0.8802509084178478,0.5192987205987407,0.4075677787254245,1.37684654280404,0.0,0.9674347527548406,0.6539480808981133,0.4863516680881381,1.4416716937490803,0.0,4.656994915,5.493828755247642,0.0108048405908182,0.843991126841072,True,True,2.574143125000001,2.4870068299999986,1.4487107824866785,1.467335668602975,2.38050198208435,0.0093022680422521,1,1,True,True,2.5843078450000014,2.4870068299999986,1.4488419326313957,1.467335668602975,2.3960086457720555,0.0093323632875849,2,2,True,True,True,True,True,True
2024-06-22,Persistent stratification,Persistent stratification,Persistent stratification,2.4602170529166667,2.993353090000003,2.123270380000001,2.670556570833334,2.683423725000001,0.8700827100000019,0.0,2.4765644179457458,2.9241339356769074,2.7216532070006427,2.7533770842854643,0.7475088284723688,0.00689268092622065,0.0079785343408288,0.0077273131588214,0.0018390802154403,0.7977739860984664,0.3345524219643277,1.3849115908071652,1.0503591688428375,0.0,0.9330724243668003,0.9872501988580491,0.4234864442789847,1.452258045496913,1.0287716012179282,0.0,1.0472411308279894,1.143821621157918,0.5183402515752715,1.514135777326702,0.9957955257514304,0.0,1.149404275711907,0.7669297177479867,0.3480459212583022,1.3073130576770884,0.9592671364187861,0.0,0.8512246946545515,0.9587159941389403,0.446091842516601,1.3681458389505252,0.9220539964339243,0.0,0.977231695788011,1.1091626370716199,0.5441377637749034,1.436004138085869,0.8918663743109656,0.0,1.1102509241442053,3.8467077563194443,3.919828814999999,4.215744460269801,0.0113516405277524,0.9343304963257447,0.495155175413311,0.0,69,11.5,0.0,0.0,2.5626726911594204,2.634377520000001,2.1364413900000017,2.993353090000003,2.2581952509549112,2.6390092561396425,0.0061394541253885,0.00715510876426855,0.721586429499903,0.7319401926675608,0.3345524219643277,1.135871108428848,0.0,0.8848074170343134,0.9623664719132576,0.4234864442789847,1.3018958806430223,0.0,1.0287190215079092,1.1129459625938996,0.5183402515752715,1.3862844973418802,0.0,0.6798352650425884,0.7251254259855898,0.3480459212583022,1.070185498711295,0.0,0.8595197743514376,0.909542323653173,0.446091842516601,1.2726727587105957,0.0,1.0073780058034538,1.0656032195561216,0.5441377637749034,1.3308041322198552,0.0,3.88064713,4.288505018456726,0.0108048405908182,0.9340841744822789,True,True,2.5649076199999996,2.49685912,1.1556460293325026,1.3018958806430223,2.5563653052786424,0.0078136977291267,1,1,True,True,2.636640220000002,2.49685912,1.084196525717378,1.3018958806430223,2.6390092561396425,0.007800246275516849,2,2,True,True,True,True,True,True
2024-06-23,Diurnally oscillating stratification,Diurnally oscillating stratification,Diurnally oscillating stratification,2.089862449513889,2.409661879999998,1.8350494899999994,2.028597694166667,2.027060644999999,0.5746123899999986,0.0,2.1275392569136504,2.3458692969646635,2.020082073249149,2.0270240550355227,0.4612218165821276,0.005637054558413649,0.0066108660460828,0.00634814590079435,0.0019969985164852997,0.9136858745966328,0.3580213289588579,1.4011478330438294,1.0431265040849715,0.0,1.359681133351863,1.0762071236319695,0.4757243364198666,1.4752751589242767,0.9995508225044101,0.0,1.4304659350348925,1.2004558450860958,0.6105283590362339,1.5363030867775649,0.925774727741331,0.0,1.4860528678248195,0.8829125514510171,0.3804077655216226,1.3178816755527094,0.9374739100310868,0.0,1.2943649019295596,1.0387299328036521,0.5108155310432406,1.390092400708885,0.8792768696656444,0.0,1.3548470583938477,1.1580582022597694,0.6412232965648632,1.4623775877464462,0.821154291181583,0.0,1.4144640322172717,3.2760436946527776,3.4399596599999995,3.3307257354408217,0.00967143363749525,0.9872501988580491,0.6513855384589163,0.0,64,10.666666666666666,0.0,0.0,2.1052596846875002,2.081503725000001,1.9492550699999995,2.2819049500000013,1.9440664726872607,2.1457133574803198,0.0046138675295975,0.0062326242087759,0.9534841636933957,1.1397131541188454,0.3771704667963861,1.3890106802845308,0.0,1.0850494949365765,1.3075524987945033,0.510593130268983,1.456919875514444,0.0,1.1917145056068208,1.3915624823085317,0.6519678129886037,1.5129438039151348,0.0,0.9165755296785274,1.0749986788885615,0.386814271479741,1.3121457272558497,0.0,1.0470988705448856,1.275963282572173,0.5236285429594771,1.376546512404461,0.0,1.14957910101599,1.338339682539105,0.6604428144392183,1.440947297553074,0.0,3.429597040000001,3.5199526486357815,0.0097884910454544,0.9623664719132576,True,True,2.0260214099999985,1.9872378600000005,1.4329522258623961,1.456919875514444,1.9440664726872607,0.0065481470113907,1,1,True,True,2.026408459999999,1.9872378600000005,1.4304659350348925,1.456919875514444,1.9820742729682048,0.00647754319099245,2,2,True,True,True,True,True,True
2024-06-24,Diurnally oscillating stratification,Diurnally oscillating stratification,Diurnally oscillating stratification,1.7162263804166669,1.9814155999999983,1.5123203600000004,1.70411566,1.7099959899999995,0.4690952399999979,0.0,1.7473003044049664,2.090083968767918,1.700385913559424,1.7343058841428367,0.5395686698351878,0.0046998498176694,0.0055042310129656,0.00506233940367175,0.0012016943377781003,0.9846786548503521,0.4293239269355317,1.4176025536847732,0.9882786267492415,0.0,1.3814933400814,1.212168341672782,0.6334881421522527,1.4995932141661323,0.8661050720138797,0.0,1.446998644678838,1.3656006125813458,0.9108121448109476,1.5685031253811297,0.657690980570182,0.0,1.5011305581089867,0.9477840041307302,0.450714632405806,1.335318767628183,0.884604135222377,0.0,1.3088881041173321,1.1683032710256025,0.6514292648116049,1.4194390075080316,0.7680097426964267,0.0,1.3719889115567947,1.3194091539992086,0.906187794715972,1.5055770322535582,0.5993892375375862,0.0,1.4351600519915513,2.7895458586111115,2.683423725000001,2.6616581720892367,0.0086177018700099,1.0762071236319695,0.8661050720138797,0.0,63,10.5,0.0,0.0,1.7275420022222223,1.7249588399999993,1.5123203600000004,1.9814155999999983,1.580453658315573,1.7565298446103763,0.0043025366751875,0.0046862408583642,1.0729943962908084,1.0966331370769289,0.4737405163702293,1.4050811338021498,0.0,1.2381929739363189,1.276188630091264,0.7418896831203304,1.4750467121908375,0.0,1.3674859947886744,1.3857144639266146,1.1089271852232656,1.534415676667484,0.0,1.0211646967033021,1.0291977475999323,0.4967628173049051,1.327733260755226,0.0,1.193409819238857,1.2647981972824731,0.7435256346098016,1.3994999269989468,0.0,1.3238537791923988,1.3452376227415817,1.06806425657322,1.47126659324267,0.0,2.8930356050000015,2.710586846248947,0.008737568310387751,1.276188630091264,True,True,1.6980297249999996,1.66173212,1.457043040324896,1.4750467121908375,1.700385913559424,0.0051421709333867,1,1,True,True,1.7124419399999997,1.66173212,1.4421994717901327,1.4750467121908375,1.7343058841428367,0.00506233940367175,2,2,True,True,True,True,True,True
2024-06-25,Diurnally oscillating stratification,Diurnally oscillating stratification,Diurnally oscillating stratification,1.2970162774305556,1.6641028100000028,1.0125282999999996,1.2102729324999997,1.205959775000002,0.6515745100000032,0.0,1.2329572138806868,1.5059896344504005,1.1071603082563786,1.1430347224322905,0.574116855062169,0.00397205158879335,0.0047504998767316,0.004252790582516,0.0015713865919728997,1.0122443364087106,0.3342596146401679,1.817263340423175,1.483003725783007,0.0,1.4466607308199662,1.2009326164687433,0.4245565455954284,1.8941578322524644,1.469601286657036,0.0,1.544734725964851,1.353298336724273,0.5253596765445036,1.9483123376649345,1.4229526611204308,0.0,1.6300745854283734,0.9773106753519867,0.3581780320490415,1.7686311119648803,1.4104530799158388,0.0,1.3623443988096242,1.170085778771322,0.466356064098079,1.8150854510844536,1.3487293869863746,0.0,1.4764757394691843,1.3273376999539366,0.5745340961471206,1.8615397902040285,1.287005694056908,0.0,1.5896494660685967,2.4602170529166667,2.579299869999998,2.4765644179457458,0.00689268092622065,1.1747014047052238,0.9995508225044101,0.0,63,10.5,0.0,0.0,1.2985020661904763,1.2848979500000013,1.0813114100000014,1.5480151999999983,1.1071603082563786,1.292177333395414,0.0031791132847587,0.00402257753503,1.1488031381244501,1.3453931014438114,0.3832785184691716,1.4691781123686116,0.0,1.2836985169252217,1.4505047747584583,0.5320848400155085,1.5743868884003265,0.0,1.4037512495037556,1.524529622760789,0.7073243372244324,1.667201340026122,0.0,1.095708364088964,1.2932293384369855,0.4056848154683468,1.3821731091413807,0.0,1.2392039282776113,1.3945097461787854,0.561369630936688,1.508794406215504,0.0,1.3683300890797647,1.4701288320739565,0.7170544464050348,1.635415703289632,0.0,2.634377520000001,2.6390092561396425,0.00715510876426855,1.3075524987945033,True,True,1.1897563800000004,1.1622536799999992,1.547408765795256,1.5743868884003265,1.1071603082563786,0.0042236395285588,1,1,True,True,1.214686350000001,1.1622536799999992,1.5410369473898706,1.5743868884003265,1.1430347224322905,0.004252790582516,2,2,True,True,True,True,True,True
2024-06-26,Diurnally oscillating stratification,Diurnally oscillating stratification,Diurnally oscillating stratification,1.0553847156944445,1.3511381100000008,0.7646000500000021,0.8803106541666663,0.8786975399999992,0.5865380599999988,0.0,0.976612411297924,1.2277911408755549,0.7358957100388223,0.7761899241942598,0.584825585104263,0.0030597462634007998,0.0040353397670276,0.0035115718440975503,0.0015242314130049003,0.9378083692975522,0.3378202565632782,1.8455669110427115,1.5077466544794333,0.0,1.5392158467795367,1.1494552043797766,0.4323966701238979,1.9335118365308857,1.5011151664069877,0.0,1.6868714891001444,1.3458731150335312,0.539277136610724,1.998111598485606,1.4588344618748819,0.0,1.8182092758607031,0.9197277554305499,0.3632167540416987,1.7824803371778626,1.419263583136164,0.0,1.4576445203250534,1.13480809940142,0.4764335080833933,1.8473817435692717,1.3709482354858784,0.0,1.6593969396269364,1.326599465298073,0.5896502621250921,1.9150170862898008,1.3253668241647087,0.0,1.7938899865313407,2.089862449513889,2.027060644999999,2.1275392569136504,0.005637054558413649,1.1494552043797766,1.0287716012179282,0.0,66,11.0,0.0,0.0,1.0382027746969698,1.0106385049999993,0.851654179999997,1.3511381100000008,0.7358957100388223,1.0037369668397818,0.0025111083540227,0.0030557635659684,1.0806764762030159,1.38009218868704,0.3378202565632782,1.618160953127737,0.0,1.2340473706698145,1.4855812577364333,0.4323966701238979,1.8056243234349671,0.0,1.379003988021818,1.5714945697180012,0.539277136610724,1.907221735773232,0.0,1.0352379464475079,1.3180506341693436,0.3632167540416987,1.5477225159164667,0.0,1.2108441666311234,1.4249850737901042,0.4764335080833933,1.7758236681708135,0.0,1.3671457960459559,1.531117091436375,0.5896502621250921,1.8475795798174737,0.0,2.081503725000001,2.1457133574803198,0.0062326242087759,1.3075524987945033,True,True,0.871375764999998,0.851654179999997,1.7108825354836854,1.8056243234349671,0.7358957100388223,0.0036844488476958,1,1,True,True,0.885239275,0.851654179999997,1.6674322283535852,1.8056243234349671,0.7761899241942598,0.0035115718440975503,2,2,True,True,True,True,True,True
2024-06-27,Diurnally oscillating stratification,Diurnally oscillating stratification,Diurnally oscillating stratification,0.583975458888889,0.9322364899999975,0.25322717999999966,0.6556174133333332,0.6466756100000008,0.6790093099999979,0.0,0.4927458826591318,0.9040962963638608,0.4940080682635601,0.5252543519439453,0.7037002041108549,0.0023674571110999998,0.003264175089926,0.00302012724268125,0.0017940163628304001,1.5699492368078596,0.6449501889309399,2.0273776765058877,1.3824274875749478,0.0,1.7858771940763023,1.8292822939212254,1.4077176532757958,2.1772715925179296,0.7695539392421338,0.0,1.921951249893078,1.9766022025608996,1.56983091006414,2.25,0.6801690899358599,0.04861111111111111,2.0118113936795217,1.5187669303386577,0.6753699123099971,1.938106758321504,1.262736846011507,0.0,1.7625633952406448,1.7758091641262483,1.3692310487118249,2.141656312440096,0.7724252637282709,0.0,1.851717625550664,1.9322998884636047,1.5369502985623984,2.25,0.7130497014376016,0.04861111111111111,1.9402408196030092,1.7162263804166669,1.7099959899999995,1.7473003044049664,0.0046998498176694,1.1494552043797766,1.0287716012179282,0.0,65,10.833333333333332,0.0,0.0,0.576243055846154,0.6364074100000003,0.25322717999999966,0.9322364899999975,0.2003960922530059,0.4940080682635601,0.0014701587270956,0.0024861041267169,1.6903321240487243,1.7816026738661834,1.1758788850472486,2.0273776765058877,0.0,1.84963387038727,1.924049286338716,1.4077176532757958,2.1772715925179296,0.0,1.9726742925426002,2.0134579648194246,1.56983091006414,2.25,0.1076923076923077,1.6312056387816778,1.762015282210078,1.145199185030551,1.938106758321504,0.0,1.7999932930790608,1.8531426259904804,1.3708294275547883,2.141656312440096,0.0,1.9436403908719972,1.944079985191032,1.5369502985623984,2.25,0.1076923076923077,1.7249588399999993,1.7565298446103763,0.0046862408583642,1.3075524987945033,True,True,0.6299238599999981,0.6132674800000011,1.9466550614980753,1.98030620406341,0.4250833820955813,0.003264175089926,1,1,True,True,0.6406112650000022,0.6132674800000011,1.9230670215837313,1.98030620406341,0.4595457251795707,0.00315092750596625,2,2,True,True,True,True,True,True
2024-06-28,Transition/unclassified,Transition/unclassified,Transition/unclassified,0.04524828840277776,0.2389203999999978,-0.004766109999998491,0.024286645000000107,0.018437394999999412,0.2436865099999963,0.9652777777777778,0.03664617678540592,0.1449223153291629,0.0192104158335886,0.0235856302789519,0.13426649093923979,0.00010179431187695,0.0011284917017757,0.0001044620977262,0.0010953431224109689,2.2325938936121132,1.9985354435409448,2.25,0.2514645564590552,0.875,2.25,2.248843924633221,2.1964402448258227,2.25,0.053559755174177326,0.9652777777777778,2.25,2.25,2.25,2.25,0.0,1.0,2.25,2.225377372311492,1.9273438040697328,2.25,0.3226561959302672,0.875,2.25,2.248300415578894,2.170321625454894,2.25,0.07967837454510596,0.9652777777777778,2.25,2.25,2.25,2.25,0.0,1.0,2.25,1.2970162774305556,1.205959775000002,1.2329572138806868,0.00397205158879335,1.2009326164687433,0.9995508225044101,0.1378968253968254,80,13.333333333333332,0.0,0.0,0.05678792349999999,0.026152050000000315,-0.004766109999998491,0.2389203999999978,0.0111611225579373,0.0252289660670858,4.517874273558515e-05,0.00010179431187695,2.2186690085018035,2.25,1.9985354435409448,2.25,0.775,2.247919064339798,2.25,2.1964402448258227,2.25,0.9375,2.25,2.25,2.25,2.25,1.0,2.2056792701606858,2.25,1.9273438040697328,2.25,0.775,2.246940748042009,2.25,2.170321625454894,2.25,0.9375,2.25,2.25,2.25,2.25,1.0,1.2848979500000013,1.292177333395414,0.00402257753503,1.4505047747584583,False,False,0.026705800000000224,-0.0023663599999999008,2.25,2.25,0.0255605921229045,8.371497664136948e-05,1,1,False,False,0.021822975000000966,-0.0023663599999999008,2.25,2.25,0.0252289660670858,7.971563374973607e-05,2,2,False,False,True,True,False,False
2024-06-29,Transition/unclassified,Transition/unclassified,Transition/unclassified,0.027795375902777832,0.12232179999999815,-0.010082429999997089,0.008857139166666231,0.009050549999999546,0.13240422999999524,1.0,0.023717122955991557,0.0740958969692357,0.0080360612244764,0.01192523584561285,0.0689715710414445,5.644066416791163e-05,0.0004152599798097,4.0117108710885626e-05,0.000386155676723451,2.248145501013409,2.1789023014045177,2.25,0.07109769859548232,0.9652777777777778,2.25,2.25,2.25,2.25,0.0,1.0,2.25,2.25,2.25,2.25,0.0,1.0,2.25,2.247330824108521,2.14882979146207,2.25,0.1011702085379298,0.9652777777777778,2.25,2.25,2.25,2.25,0.0,1.0,2.25,2.25,2.25,2.25,0.0,1.0,2.25,1.0553847156944445,0.8786975399999992,0.976612411297924,0.0030597462634007998,1.212168341672782,0.8661050720138797,0.28075396825396826,66,11.0,0.0,0.0,0.01259690045454541,0.009976069999998671,-0.009286170000002869,0.06453933000000234,0.0051243259277912,0.0082424472587338,2.9104303086249035e-05,4.257519260131264e-05,2.25,2.25,2.25,2.25,1.0,2.25,2.25,2.25,2.25,1.0,2.25,2.25,2.25,2.25,1.0,2.25,2.25,2.25,2.25,1.0,2.25,2.25,2.25,2.25,1.0,2.25,2.25,2.25,2.25,1.0,1.0106385049999993,1.0037369668397818,0.0030557635659684,1.4855812577364333,False,False,0.007280719999998908,-0.0009621899999991967,2.25,2.25,0.0082424472587338,3.171557648065374e-05,1,1,False,False,0.008086410000000654,-0.0020998100000007014,2.25,2.25,0.008139254241605099,3.085812538767993e-05,2,2,False,False,True,True,False,False
2024-06-30,Transition/unclassified,Transition/unclassified,Transition/unclassified,0.5027133652777777,1.2126390799999989,-0.012005389999998783,0.005013505833332488,0.0032937200000002775,1.2246444699999977,0.4375,0.44382994633496886,1.030232971159225,0.0031485096507224,0.0062340290251559,1.03141656176629,0.00117473714964155,0.0033020000883477,2.959857755500993e-05,0.003282249511180629,1.1130079085816948,0.3083657733699237,2.25,1.9416342266300763,0.3541666666666667,2.25,1.2756514920681727,0.3692269270215736,2.25,1.8807730729784264,0.4375,2.25,1.3752900416266558,0.4338846429651147,2.25,1.8161153570348854,0.4722222222222222,2.25,1.126449719009364,0.3271641400709409,2.25,1.9228358599290591,0.3541666666666667,2.25,1.2950642225816869,0.4043282801418791,2.25,1.845671719858121,0.4375,2.25,1.396025553698903,0.4814924202128201,2.25,1.7685075797871799,0.4722222222222222,2.25,0.583975458888889,0.6466756100000008,0.4927458826591318,0.0023674571110999998,1.2756514920681727,0.8661050720138797,0.34325396825396826,63,10.5,0.0,0.0,0.5013468450793648,0.01102803999999935,-0.012005389999998783,1.2126390799999989,-0.0011835906070649,0.00817342460748655,1.975057716707103e-05,3.268460696073573e-05,1.3904295464736074,2.25,0.3083657733699237,2.25,0.5555555555555556,1.4212191984763407,2.25,0.3692269270215736,2.25,0.5555555555555556,1.4542152494006189,2.25,0.4338846429651147,2.25,0.5555555555555556,1.3987241515601052,2.25,0.3271641400709409,2.25,0.5555555555555556,1.4363371920090977,2.25,0.4043282801418791,2.25,0.5555555555555556,1.473950232458092,2.25,0.4814924202128201,2.25,0.5555555555555556,0.6364074100000003,0.4940080682635601,0.0024861041267169,1.924049286338716,False,False,0.0061175949999991985,-0.0017328600000006134,2.25,2.25,0.0093195483995894,3.417772535929326e-05,1,1,False,False,0.0027848299999995163,-0.0017328600000006134,2.25,2.25,0.0062340290251559,2.959857755500993e-05,2,2,False,False,True,True,False,False
2024-07-01,Persistent stratification,Persistent stratification,Persistent stratification,1.794167546875,2.44861126,1.183364639999997,1.3224218358333333,1.3062187499999993,1.2652466200000028,0.0,1.5680368120739123,2.0700463368576334,1.1193739390004285,1.1385715374852348,1.0149951084181328,0.00519204105608935,0.0071690756560857,0.0034765134821065,0.0038869591716385,0.29459350219558816,0.2768199935104526,0.3188644763574278,0.042044482846975206,0.0,0.31250455367294594,0.34065521235957286,0.3040496281889481,0.3913169010383432,0.08726727284939512,0.0,0.377907352486139,0.3887289934889272,0.3317890354133293,0.4690908281182603,0.13730179270493098,0.0,0.44752957243588287,0.3075481028550339,0.2863988172102436,0.3370929835697708,0.050694166359527226,0.0,0.330207895116149,0.3650962057100659,0.322797634420486,0.4241859671395385,0.10138833271905251,0.0,0.41041579023229513,0.4226443085650999,0.3591964516307296,0.5112789507093094,0.1520824990785798,0.0,0.49062368534844414,0.583975458888889,0.6466756100000008,0.4927458826591318,0.0023674571110999998,1.2756514920681727,0.7695539392421338,0.34325396825396826,67,11.166666666666666,0.0,0.0,1.7440672007462683,1.3508998099999978,1.183364639999997,2.44861126,1.0550512284395006,1.1577691359700413,0.0032821164844472,0.0035605034060357,0.29852025284115447,0.3061886631657628,0.2768199935104526,0.3188644763574278,0.0,0.34887303331733366,0.3646579325495722,0.3040496281889481,0.3913169010383432,0.0,0.4018156414437764,0.4263926344443489,0.3317890354133293,0.4690908281182603,0.0,0.31228953505889595,0.3230813478714554,0.2863988172102436,0.3370929835697708,0.0,0.37457907011778974,0.3961626957429082,0.322797634420486,0.4241859671395385,0.0,0.43686860517668574,0.4692440436143636,0.3591964516307296,0.5112789507093094,0.0,0.6364074100000003,0.4940080682635601,0.0024861041267169,1.924049286338716,True,True,1.2957706899999994,1.2684803600000016,0.3802288853813734,0.3858720643311017,1.1577691359700413,0.0035605034060357,1,1,True,True,1.2980142949999998,1.2684803600000016,0.37975487847609035,0.3858720643311017,1.1385715374852348,0.0034765134821065,2,2,True,True,True,True,True,True
2024-07-02,Persistent stratification,Persistent stratification,Persistent stratification,1.9279041882638888,2.3746678900000013,1.4635794099999977,1.644914969166667,1.6425329249999976,0.9110884800000036,0.0,1.9178765189924627,2.341073302850656,1.5945482984635904,1.6004721464471032,0.787842264164262,0.0033361480342395,0.0044341323976066,0.002747575087271,0.0017388290980106,0.3807760881587383,0.2987858835126697,0.7168304868155116,0.41804460330284193,0.0,0.3847907770281864,0.4831736225959943,0.3490231116840169,0.8562890277724935,0.5072659160884766,0.0,0.5116607735870402,0.5745229279650512,0.400969902433848,0.9289748365845846,0.5280049341507366,0.0,0.6316033961845873,0.36692088356839214,0.3083443050771444,0.6943966471161831,0.3860523420390387,0.0,0.3734991181404551,0.4783532273708056,0.3666886101542868,0.8173194307408007,0.45063082058651394,0.0,0.49699823628090595,0.5723901932817411,0.4250329152314313,0.8942665637052476,0.4692336484738163,0.0,0.620497354421361,0.583975458888889,0.6466756100000008,0.4927458826591318,0.0023674571110999998,1.2756514920681727,0.5072659160884766,0.34325396825396826,65,10.833333333333332,0.0,0.0,1.992988564769231,1.9113578499999981,1.56860408,2.3746678900000013,1.553231038686394,1.7258931004785334,0.002695303299596,0.0038170129695465,0.3384000021500337,0.3220407878982694,0.2987858835126697,0.5159178947853239,0.0,0.42233169284867045,0.3945873818028007,0.3490231116840169,0.6782587364675726,0.0,0.5051118994500619,0.4670597024943447,0.400969902433848,0.8099423165762374,0.0,0.33739159099832317,0.323685524300433,0.3083443050771444,0.450681764116329,0.0,0.4247831819966432,0.3973710486008633,0.3666886101542868,0.6513635282326509,0.0,0.5107644653478632,0.4710565729012964,0.4250329152314313,0.7937809259182761,0.0,0.6364074100000003,0.4940080682635601,0.0024861041267169,1.924049286338716,True,True,1.5995408500000021,1.56860408,0.5994294069000966,0.6782587364675726,1.553231038686394,0.0030025273037612,1,1,True,True,1.6269869549999996,1.56860408,0.5209868624239433,0.6782587364675726,1.5738896685749921,0.0029011870893536,2,2,True,True,True,True,True,True
2024-07-03,Persistent stratification,Persistent stratification,Persistent stratification,2.6347975646527777,3.2557151699999984,2.2375133999999974,2.437114985,2.434411899999999,1.018201770000001,0.0,2.6841173408828563,3.190516758243389,2.3527492624555197,2.390411436384302,0.883365409664969,0.00440845130297445,0.0059478436186628,0.004220103119443951,0.0023357622504798,0.3205743384855222,0.2840407254105873,0.4351118326087148,0.1510711071981275,0.0,0.3116165363817629,0.38884162704380937,0.3186984578972754,0.5497508982347115,0.23105244033743605,0.0,0.37431646537252883,0.4559988817551372,0.3540471334830015,0.6464825420851892,0.2924354086021877,0.0,0.438200186131836,0.3186488876221729,0.2900434913961798,0.3698493541558023,0.07980586275962248,0.0,0.3159314009586406,0.3872977752443435,0.3300869827923582,0.4896987083116003,0.15961172551924208,0.0,0.3818628019172788,0.45594666286651653,0.3701304741885381,0.6095480624674026,0.23941758827886445,0.0,0.4477942028759194,0.583975458888889,0.6466756100000008,0.4927458826591318,0.0023674571110999998,1.2756514920681727,0.23105244033743605,0.34325396825396826,67,11.166666666666666,0.0,0.0,2.7563101988059704,2.586821290000003,2.3415431700000013,3.2557151699999984,2.3483113030164278,2.4866774301288217,0.0039892972468468,0.0049086763063522,0.30426990617100463,0.3041606992808379,0.2840407254105873,0.3228158502888756,0.0,0.3592911971056599,0.3589261395021398,0.3186984578972754,0.3956837380430241,0.0,0.4151381018269659,0.4139958901953864,0.3540471334830015,0.4686038313416137,0.0,0.30803340832120335,0.3069386471728181,0.2900434913961798,0.3229689171239041,0.0,0.36606681664240465,0.3638772943456343,0.3300869827923582,0.3959378342478057,0.0,0.424100224963608,0.4208159415184525,0.3701304741885381,0.4689067513717098,0.0,0.6364074100000003,0.4940080682635601,0.0024861041267169,1.924049286338716,True,True,2.41722564,2.3805836900000017,0.3780809655405437,0.386360125875408,2.3527492624555197,0.0039892972468468,1,1,True,True,2.4629981149999995,2.3805836900000017,0.36890833806113166,0.386360125875408,2.390411436384302,0.004220103119443951,2,2,True,True,True,True,True,True
2024-07-04,Persistent stratification,Persistent stratification,Persistent stratification,3.2075537942028984,3.791134109999998,2.7447791399999986,2.9921521766666666,2.988447644999999,1.0463549699999994,0.0,3.4107880028384385,3.9863998359681134,3.060814214390735,3.0771888701910406,1.0284654142158365,0.0056182102031352,0.0062486999469211,0.0046458300044944,0.0016682317473698995,0.3204650911149385,0.2868620959293215,0.4449451257795448,0.15808302985022332,0.0,0.31535985523709265,0.3856315967615555,0.3243639784959918,0.5540878982279185,0.22972391973192668,0.0,0.3799790680374645,0.4482360191694531,0.3625728160314621,0.6458138165728887,0.28324100054142665,0.0,0.4438929206712786,0.3133841854942628,0.2921359058079136,0.3679174143220342,0.07578150851412058,0.0,0.31303600770409484,0.37676837098852334,0.3342718116158257,0.4858348286440643,0.1515630170282386,0.0,0.37607201540818747,0.4401525564827861,0.3764077174237393,0.6037522429660986,0.22734452554235934,0.0,0.43910802311228236,1.794167546875,1.3062187499999993,1.5680368120739123,0.0033361480342395,0.4831736225959943,0.22972391973192668,0.34325396825396826,63,10.5,0.0,0.0,3.3379465476190475,3.2132034800000007,2.9446340599999985,3.791134109999998,3.060814214390735,3.205000534850985,0.0045804681995512,0.0056593496513139,0.3033229735395852,0.3018458156502017,0.2868620959293215,0.3217166055561835,0.0,0.35670570687791464,0.3538045125651946,0.3243639784959918,0.3918076969189046,0.0,0.41018810541694684,0.4059457061451696,0.3625728160314621,0.460419984709008,0.0,0.30432599636940183,0.3031942192437628,0.2921359058079136,0.3172305716018505,0.0,0.3586519927388017,0.3563884384875238,0.3342718116158257,0.3844611432036985,0.0,0.4129779891082035,0.4095826577312865,0.3764077174237393,0.451691714805549,0.0,1.3508998099999978,1.1577691359700413,0.0035605034060357,0.3945873818028007,True,True,2.9814237750000014,2.9446340599999985,0.38450728351884067,0.3918076969189046,3.060814214390735,0.0045804681995512,1,1,True,True,3.0018543949999987,2.9446340599999985,0.37775707693953786,0.3918076969189046,3.0771888701910406,0.0046458300044944,2,2,True,True,True,True,True,True
2024-07-05,Persistent stratification,Persistent stratification,Persistent stratification,3.7667848043055554,4.87650739,2.7688959299999993,2.9606801258333335,2.964521940000001,2.107611460000001,0.0,4.222094593293969,5.22735773414736,3.464751423414953,3.5217307358346845,1.9210653919456702,0.0066433028042490495,0.009377278261968,0.006218217759019,0.0037378510950117003,0.4312627690062474,0.2755790992815589,0.8739975797152526,0.5984184804336937,0.0,0.8397060889093935,0.5028533425656803,0.3015016297253038,0.9294099285329314,0.6279082988076276,0.0,0.8958559855394788,0.5631043317857976,0.3277983803618229,0.9784639763332544,0.6506655959714316,0.0,0.939390156166104,0.4054184189842651,0.2802333844952748,0.8029536148765429,0.5227202303812681,0.0,0.7831147934617686,0.47880572368123236,0.3104667689905485,0.8540067512259094,0.5435399822353609,0.0,0.8279196800985531,0.5421929489620337,0.3407001534858232,0.9071550815538172,0.566454928067994,0.0,0.8724282033962978,1.9279041882638888,1.6425329249999976,1.9178765189924627,0.00440845130297445,0.4831736225959943,0.23105244033743605,0.20535714285714285,62,10.333333333333332,0.0,0.0,3.818326570322581,3.37828341,2.90311307,4.87650739,3.464751423414953,3.6892538167429083,0.0056394271669563,0.006218217759019,0.4091485254493957,0.343024538713398,0.2755790992815589,0.8581920374067779,0.0,0.479761788943483,0.4272861893435048,0.3015016297253038,0.9069340656232454,0.0,0.5403449939893895,0.5054344876086408,0.3277983803618229,0.950645774271062,0.0,0.38407628666121857,0.3267738963949439,0.2802333844952748,0.7932701941043381,0.0,0.45559153553525733,0.40354779278988506,0.3104667689905485,0.8355074837381371,0.0,0.5220470880752114,0.480321689184829,0.3407001534858232,0.8813564419325538,0.0,1.9113578499999981,1.7258931004785334,0.0038170129695465,0.3945873818028007,True,True,2.948025855000001,2.90311307,0.8958559855394788,0.9067400325373416,3.464751423414953,0.005979157782456,1,1,True,True,2.9877530300000004,2.90311307,0.8599211677397574,0.9069340656232454,3.5217307358346845,0.006218217759019,2,2,True,True,True,True,True,True
2024-07-06,Diurnally oscillating stratification,Diurnally oscillating stratification,Diurnally oscillating stratification,4.448960910625001,5.829336229999999,3.257091880000001,3.4966933833333336,3.4932981799999983,2.5722443499999983,0.0,5.125414700659973,6.316215734985334,4.267326053756686,4.308881616389591,2.259042669372165,0.00843749427089805,0.0119937622681051,0.007628819608028451,0.0048751903809754,0.42310294775007584,0.2717018742688698,0.8576048235416819,0.5859029492728121,0.0,0.8069167383636846,0.4889063928220462,0.2936513016256445,0.9070736724603552,0.6134223708347106,0.0,0.8653913965615846,0.5418016283778627,0.3158674153003576,0.9473058657723584,0.6314384504720008,0.0,0.9074039807893032,0.39522242416604025,0.2753771979146707,0.7909518524386074,0.5155746545239368,0.0,0.7660800084118744,0.4644867574200748,0.3007543958293415,0.832385034149145,0.5316306383198035,0.0,0.8033952493278018,0.5190555954398164,0.3261315937440104,0.8738182158596841,0.5476866221156738,0.0,0.8407104902437306,2.6347975646527777,2.434411899999999,2.6841173408828563,0.00519204105608935,0.4831736225959943,0.5072659160884766,0.06250000000000001,61,10.166666666666666,0.0,0.0,4.50006317295082,4.166329049999998,3.4394465000000025,5.829336229999999,4.267326053756686,4.6721343183216275,0.0071185718871297,0.007628819608028451,0.4025949092710382,0.3111217594489088,0.2717018742688698,0.8445209684374718,0.0,0.46915242107288846,0.3702729239189738,0.2936513016256445,0.8920889114701289,0.0,0.5219057931603699,0.4276923286966704,0.3158674153003576,0.9301254727046704,0.0,0.3752610076891736,0.3049399859766794,0.2753771979146707,0.7837105540780088,0.0,0.4456431796635947,0.3598799719533567,0.3007543958293415,0.8212086648294431,0.0,0.49973089416804267,0.4148199579300361,0.3261315937440104,0.8587067755808788,0.0,2.586821290000003,2.4866774301288217,0.0049086763063522,0.3702729239189738,True,True,3.477164984999998,3.4394465000000025,0.8719676617190623,0.8920889114701289,4.267326053756686,0.0075612127134023,1,1,True,True,3.522453174999999,3.4394465000000025,0.8311113076957415,0.8920889114701289,4.308881616389591,0.007628819608028451,2,2,True,True,True,True,True,True
2024-07-07,Diurnally oscillating stratification,Diurnally oscillating stratification,Diurnally oscillating stratification,4.891357798541666,6.04065443,3.8474371499999975,4.173789618333333,4.162107090000001,2.1932172800000025,0.0,5.82349602971158,6.827648441775051,5.209673703688875,5.216789343007385,1.9910688602189648,0.0096866573195603,0.0110123904934604,0.00917031484587595,0.0021291818298370003,0.41748404196209266,0.2735641505101184,0.851109690856929,0.5775455403468106,0.0,0.6601645353251688,0.48469854794813716,0.2973781993514507,0.9010320322334228,0.603653832881972,0.0,0.8055608199026776,0.5395478457855634,0.321457993925014,0.941035673085262,0.6195776791602481,0.0,0.8594014830953063,0.3889777423460983,0.276936697360495,0.7861353682906682,0.5091986709301732,0.0,0.5973831863362387,0.4543938365971187,0.3038733947209899,0.8255652920304347,0.5216918973094449,0.0,0.7693196516234623,0.5106527854337134,0.330810092081483,0.8649952157702026,0.5341851236887196,0.0,0.8037803417758567,3.2075537942028984,2.964521940000001,3.4107880028384385,0.0056182102031352,0.4831736225959943,0.5072659160884766,0.0,62,10.333333333333332,0.0,0.0,4.932175974516129,4.817359484999999,4.098951450000001,5.909127699999999,5.209673703688875,5.514555916970687,0.0088931884725102,0.00917031484587595,0.3729312302624337,0.321698327246394,0.279526414357954,0.8339726198058182,0.0,0.4401757339876427,0.3861726284864208,0.3091677120185148,0.875600385259436,0.0,0.4969459406398135,0.44603741607467806,0.3389260187338354,0.9086507969769524,0.0,0.34656141000734686,0.3056131042083715,0.2804971394201679,0.7774261331970973,0.0,0.41135041216227214,0.361226208416742,0.310994278840336,0.8078244698390254,0.0,0.46859982450510157,0.4168393126251116,0.3414914182605018,0.8382228064809547,0.0,3.2132034800000007,3.205000534850985,0.0056593496513139,0.3702729239189738,True,True,4.15441536,4.098951450000001,0.8314176055756566,0.875600385259436,5.209673703688875,0.00936993877333,1,1,True,True,4.218297270000001,4.098951450000001,0.7319697843395927,0.875600385259436,5.216789343007385,0.00917031484587595,2,2,True,True,True,True,True,True
2024-07-08,Diurnally oscillating stratification,Diurnally oscillating stratification,Diurnally oscillating stratification,4.702789696180556,5.687740690000002,3.8353988700000023,4.221902105000001,4.184038940000001,1.8523418199999995,0.0,5.835712388352543,6.679013668965799,5.298639227240286,5.415674486350181,1.7983768756372491,0.01042830072614195,0.0114224903751881,0.0097575985721556,0.0021865942540159992,0.506560928689245,0.284080514933401,0.8500799445341884,0.5659994296007875,0.0,0.8089256534053928,0.5831168365192357,0.3184084687636506,0.904365428046144,0.5859569592824934,0.0,0.8643467528487614,0.6440794013946786,0.3528967330011427,0.955337078771347,0.6024403457702043,0.0,0.905503282781958,0.46291644149670286,0.2845428567593332,0.7856973765362851,0.5011545197769519,0.0,0.7659419082463024,0.5375858177445355,0.3190857135186664,0.8266715362752202,0.5075858227565537,0.0,0.8004362759543708,0.6010724280784854,0.3536285702779972,0.8775264549125275,0.5238978846345302,0.0,0.835001555326025,3.7667848043055554,2.988447644999999,4.222094593293969,0.0066433028042490495,0.48469854794813716,0.5859569592824934,0.0,63,10.5,0.0,0.0,4.712670863492064,4.7051669200000035,4.13650226,5.399794039999996,5.298639227240286,5.933418222243137,0.0096383695143205,0.0103241629474055,0.5286473791740655,0.4529644381192711,0.2983437579771631,0.8392313556287619,0.0,0.6099508805692905,0.548018559736687,0.3457764392973338,0.8808066382390644,0.0,0.6725011053183676,0.6275172922854872,0.3923658499016494,0.9185459484375806,0.0,0.47352068625482047,0.3564587003053463,0.2945560202441533,0.7797790796549334,0.0,0.5553301089418071,0.4629174006106926,0.3391120404883065,0.8108040752906163,0.0,0.621845676901692,0.5693761009160352,0.3836680607324566,0.8453804278053267,0.0,3.37828341,3.6892538167429083,0.006218217759019,0.3861726284864208,True,True,4.165574195000001,4.13650226,0.8667839464900449,0.8808066382390644,5.298639227240286,0.0096383695143205,1,1,True,True,4.2860261699999995,4.13650226,0.8628477604661499,0.8808066382390644,5.415674486350181,0.0097575985721556,2,2,True,True,True,True,True,True
2024-07-09,Persistent stratification,Persistent stratification,Persistent stratification,3.620399146388889,4.356390380000001,3.2464377900000017,3.771161148333333,3.7756640549999965,1.109952589999999,0.0,4.699173772158697,5.766166539038307,4.8784965487985,4.9673749957743185,1.5419594953027804,0.010249482903128,0.0107547261952687,0.00949289915225165,0.0015304330512422998,0.8396635535911732,0.668257536897528,0.9166720353428992,0.24841449844537122,0.0,0.8482966487983636,0.9176910370355214,0.8365928612421041,1.0039996686651256,0.1674068074230215,0.0,0.8968134035248004,0.9735307783823873,0.8854269524838285,1.0742547221909344,0.1888277697071059,0.0,0.9398026593309676,0.7794968035258552,0.616684538871098,0.8255870537620554,0.20890251489095746,0.0,0.7843634073758443,0.8405250895628965,0.7889604994495355,0.9108683381309444,0.12190783868140886,0.0,0.8223028181552394,0.8962481307228638,0.8196689454483169,0.9961496224998364,0.17648067705151949,0.0,0.8630774971589747,3.7667848043055554,3.4932981799999983,4.699173772158697,0.00843749427089805,0.4889063928220462,0.5859569592824934,0.0,64,10.666666666666666,0.0,0.0,3.7389727875,3.729726095000002,3.2464377900000017,4.356390380000001,4.224207043735526,4.9673749957743185,0.0092242931440264,0.0097911056566171,0.8605388734201099,0.8530216069428271,0.7877157811654005,0.910591393980042,0.0,0.9179650054568463,0.903185961565933,0.8463170674374084,0.986534717593185,0.0,0.9637076425863064,0.9440455123884236,0.8854269524838285,1.0486109024646424,0.0,0.7923147056156317,0.7868665046465262,0.7582520534507519,0.8212922206965294,0.0,0.8395741813255756,0.8262061557123073,0.7889604994495355,0.8946170873541581,0.0,0.8868336570355202,0.8666825598774692,0.8196689454483169,0.9679419540117892,0.0,3.729726095000002,4.6721343183216275,0.007628819608028451,0.3861726284864208,True,True,3.729726095000002,3.7028925699999995,0.8975790581448142,0.9049393319065088,4.8784965487985,0.009505224464812,1,1,True,True,3.7926951399999993,3.7028925699999995,0.8975790581448142,0.9079242608859353,4.9673749957743185,0.00949289915225165,2,2,True,True,True,True,True,True
2024-07-10,Diurnally oscillating stratification,Diurnally oscillating stratification,Diurnally oscillating stratification,3.2214266615972225,3.896681919999999,2.604664839999998,2.841090654166667,2.824774885,1.2920170800000008,0.0,3.9177166881258088,4.541404954099241,3.4270112090761504,3.5122884285050695,1.2748231997664412,0.0091177729378466,0.010043580844626,0.009543848277005398,0.0018097742196400996,0.6729102219685462,0.3062305420061397,1.322217464206327,1.0159869222001872,0.0,1.0746842673767305,0.7888273733279901,0.3632479556890016,1.3623475602837578,0.9990996045947562,0.0,1.2290531986057127,0.8767306038590976,0.4211082104201074,1.3937222540050949,0.9726140435849875,0.0,1.3079309845566955,0.6306607166630457,0.3096471171570075,1.273375370862852,0.9637282537058445,0.0,0.9788228010376632,0.7548596208997034,0.369294234314015,1.302363865016446,0.933069630702431,0.0,1.2106337199867017,0.8454811578694933,0.4289413514710182,1.331352359170041,0.9024110076990227,0.0,1.2747854576578443,3.7667848043055554,3.4932981799999983,4.699173772158697,0.0091177729378466,0.5028533425656803,0.603653832881972,0.0,63,10.5,0.0,0.0,3.273827327301587,3.218659380000002,2.7350307800000024,3.896681919999999,3.4270112090761504,4.027722092249263,0.0082338066249859,0.0089556279348911,0.7065787192293753,0.8999050713699519,0.3062305420061397,1.1489143112879412,0.0,0.8022843735484099,0.9727894729279498,0.3632479556890016,1.296544653433319,0.0,0.8778075439733765,1.0305999310416811,0.4211082104201074,1.3440636604330023,0.0,0.6467893469690872,0.8169566490656909,0.3096471171570075,1.0797306304829433,0.0,0.7527533284520742,0.8857008856643782,0.369294234314015,1.2655017887240223,0.0,0.8370376961148439,0.9532108353145138,0.4289413514710182,1.2959490879261852,0.0,3.729726095000002,4.6721343183216275,0.0089556279348911,0.4272861893435048,True,True,2.786217520000001,2.7350307800000024,1.2645169063221702,1.296544653433319,3.4270112090761504,0.009784976474222,1,1,True,True,2.824774885,2.7350307800000024,1.2290531986057127,1.296544653433319,3.5122884285050695,0.009543848277005398,2,2,True,True,True,True,True,True
2024-07-11,Diurnally oscillating stratification,Diurnally oscillating stratification,Diurnally oscillating stratification,2.785518117083333,3.254170260000002,2.4883089200000015,2.7545508400000003,2.7703104749999987,0.7658613400000007,0.0,3.4839708818439052,4.070860986735611,3.4081701157819206,3.4783327876306824,0.9685066177720141,0.00821057180728945,0.0090091499653645,0.0073843397686566,0.0017234969944006995,0.7710148640686818,0.3963996125139795,1.2580924428431055,0.861692830329126,0.0,0.9038697984715853,0.9034946023856819,0.5307130953343714,1.328805422108568,0.7980923267741965,0.0,0.9807296436664414,1.005518683918223,0.6563736470461673,1.3682340003852802,0.7118603533391129,0.0,1.044305265124696,0.7059494801363937,0.3822165547449139,1.2511891151876282,0.8689725604427143,0.0,0.8216740222871932,0.8499218384238775,0.514433109489823,1.2825980812652091,0.7681649717753861,0.0,0.8978945132785368,0.9599837939536471,0.6466496642347369,1.3140070473427912,0.6673573831080543,0.0,0.9741150042698833,3.7667848043055554,3.4932981799999983,4.699173772158697,0.0091177729378466,0.5831168365192357,0.6134223708347106,0.0,63,10.5,0.0,0.0,2.8356946799999996,2.820386639999999,2.4883089200000015,3.254170260000002,3.253132729881201,3.555724318947629,0.0072856529709638,0.00770434800900445,0.8246622430615342,0.8859128184953835,0.4794576359904697,0.9307143837215064,0.0,0.9226414361802934,0.952253225000208,0.6429599959125997,1.0158791460771512,0.0,0.9972279659564598,1.0066970604657506,0.7854961958456379,1.0875243128469394,0.0,0.7510900202878711,0.8092627738701309,0.4323910888091437,0.8409467778057604,0.0,0.8528079057553505,0.8715029091364844,0.6147821776182809,0.932204369844242,0.0,0.9313062088688855,0.9336121874303982,0.7750645083681386,1.0234619618827263,0.0,3.729726095000002,4.6721343183216275,0.0089556279348911,0.548018559736687,True,True,2.723941685,2.6704038399999988,0.987180015578285,1.0137960122928715,3.4081701157819206,0.0074830265663494,1,1,True,True,2.775295719999999,2.6704038399999988,0.9758679087226096,1.0137960122928715,3.4783327876306824,0.0073843397686566,2,2,True,True,True,True,True,True
2024-07-12,Diurnally oscillating stratification,Diurnally oscillating stratification,Diurnally oscillating stratification,2.6269283695833336,3.4120541399999986,1.9835251099999986,2.1108191466666666,2.1088589350000007,1.42852903,0.0,3.187317586917557,3.8711098483105215,2.5853900235645835,2.6314302565681515,1.417882899340611,0.0070871288210723,0.0078754878659955,0.007330389121035201,0.0011137966649732,0.6525166702890327,0.2953344387332055,1.342042552406142,1.0467081136729364,0.0,1.0814356474844367,0.7639760537998137,0.3417549815099092,1.3867048696340372,1.044949888124128,0.0,1.2414290027830197,0.8547318485565296,0.389428836104547,1.4228599116718978,1.0334310755673508,0.0,1.3241524564269396,0.6208621798342263,0.3026969803376086,1.2858584309529046,0.983161450615296,0.0,0.9917631480579806,0.7396534016182948,0.3553939606752172,1.3236953027438214,0.9683013420686042,0.0,1.235479347791721,0.8356163398877111,0.408090941012822,1.3615321745347395,0.9534412335219176,0.0,1.2886351616390868,3.620399146388889,3.4932981799999983,4.699173772158697,0.0091177729378466,0.7639760537998137,0.6134223708347106,0.0,64,10.666666666666666,0.0,0.0,2.6487350065625,2.427790055000001,2.0553215700000003,3.3903518399999975,2.5853900235645835,3.06040122073743,0.0067799617642294,0.0070871288210723,0.70921019894856,0.9310358834581722,0.2953344387332055,1.3016712098145464,0.0,0.8041225359252155,1.018908171134447,0.3417549815099092,1.358540486708622,0.0,0.881072577470196,1.0928711624034078,0.389428836104547,1.399250240670428,0.0,0.6606756650313252,0.8425081647239752,0.3026969803376086,1.2653822903511027,0.0,0.7680246243132386,0.9365645490967958,0.3553939606752172,1.3036917984139584,0.0,0.856656856542122,1.0309939027770731,0.408090941012822,1.3420013064768157,0.0,3.729726095000002,4.6721343183216275,0.0089556279348911,0.903185961565933,True,True,2.08367567,2.0553215700000003,1.3155840026688241,1.358540486708622,2.5853900235645835,0.0075639840341803,1,1,True,True,2.1088589350000007,2.0553215700000003,1.2414290027830197,1.358540486708622,2.6314302565681515,0.007330389121035201,2,2,True,True,True,True,True,True
2024-07-13,Diurnally oscillating stratification,Diurnally oscillating stratification,Diurnally oscillating stratification,1.7000566070833336,2.8151297300000024,1.1197634500000007,1.9747243225000009,1.9659479950000005,1.6953662800000018,0.0,2.0339468755373047,3.259001026741513,2.3992552270417047,2.4547580409754177,1.9044093074243877,0.004742009987766,0.008520586321347,0.0078247475043966,0.004852752466679699,1.0617507931146575,0.4146382784195017,1.4121363265228128,0.9974980481033111,0.0,1.3407723825860067,1.2165198105802526,0.554743919472142,1.478330535067384,0.9235866155952421,0.0,1.3877858597725625,1.3514875229584307,0.6684734710475498,1.5361071820286467,0.8676337109810969,0.0,1.4241961793497657,1.0221778380688171,0.3824995612939534,1.3382848115386108,0.9557852502446573,0.0,1.2852130213105655,1.1725257671992293,0.5149991225879023,1.4109938493679874,0.8959947267800852,0.0,1.3239368780394676,1.3051224237935366,0.6474986838818556,1.4837028871973668,0.8362042033155112,0.0,1.363473873573123,3.2214266615972225,2.824774885,3.9177166881258088,0.0091177729378466,0.7888273733279901,0.7980923267741965,0.0,88,14.666666666666666,0.0,0.0,1.7906665839772733,1.8006429600000011,1.1197634500000007,2.8151297300000024,1.3545917193171253,2.1680836694950103,0.0036678338546673,0.006684683282628,1.1780906591055929,1.3308679754396526,0.4238404834012641,1.3747750346515402,0.0,1.294584233480907,1.3809185665643233,0.554743919472142,1.4466671812689669,0.0,1.370958359192215,1.4188170534129365,0.6684734710475498,1.516798038050297,0.0,1.1222290883564654,1.279469006807025,0.3824995612939534,1.3075500926264114,0.0,1.2422467530910928,1.3198794820223454,0.5149991225879023,1.3846045122368666,0.0,1.3228164692912603,1.3598498618489017,0.6474986838818556,1.4690930774361697,0.0,3.218659380000002,4.027722092249263,0.0089556279348911,0.952253225000208,True,True,1.7392954200000013,1.7182362399999995,1.4053521780493803,1.409689822202816,2.0817011257906963,0.0063106401500482,1,1,True,True,1.7776715850000002,1.7182362399999995,1.4035013324486507,1.409689822202816,2.1248923976428533,0.0064976617163381,2,2,True,True,True,True,True,True
2024-07-14,Diurnally oscillating stratification,Diurnally oscillating stratification,Diurnally oscillating stratification,0.8973758837500002,1.1939568499999993,0.6605950599999986,0.922874581666667,0.9266882450000011,0.5333617900000007,0.0,0.933721858894171,1.2495065127146632,0.9143372895791508,0.9499615568816987,0.5513676941131912,0.00312995406070415,0.003604744077424,0.0033887957135938,0.0013220009658233998,1.3029253451508374,0.5022742210937475,1.679302223130654,1.1770280020369066,0.0,1.4730972801969227,1.509133145972519,0.8362302525182201,1.8529117302954887,1.0166814777772686,0.0,1.5871537360150274,1.6548221430076633,1.2819847854787314,1.9442691298284005,0.6622843443496691,0.0,1.6945081834206484,1.2484086621946267,0.5292098294815355,1.6361963859164723,1.1069865564349368,0.0,1.3929419654240527,1.4705536988117374,0.8449545567836404,1.8022778102220205,0.9573232534383801,0.0,1.5341597341058084,1.6252962037280987,1.2692477304964234,1.8765889467297063,0.607341216233283,0.0,1.6782331574585112,2.785518117083333,2.7703104749999987,3.4839708818439052,0.00821057180728945,0.9034946023856819,0.9235866155952421,0.0,68,11.333333333333332,0.0,0.0,0.9037780232352942,0.9088297450000002,0.6605950599999986,1.1939568499999993,0.7323842787437785,0.9358309310236442,0.0022827431116006,0.0032781862156009,1.4248430691024894,1.4400290336940604,1.1769126267835497,1.5055064505756564,0.0,1.5415843861112593,1.5431123501282547,1.3991774359287783,1.637116611134875,0.0,1.6444575191071202,1.63340270470191,1.5432560894390988,1.7793602075225623,0.0,1.3570488650976915,1.3669694316262997,1.143570096684132,1.4268672311568495,0.0,1.490279908755326,1.4912419634993794,1.3600492015469356,1.5955697781638087,0.0,1.6215257311825892,1.610032355143592,1.4960727174620794,1.7727630390535845,0.0,2.820386639999999,3.555724318947629,0.00770434800900445,0.9727894729279498,True,True,0.8871333950000011,0.8468391700000026,1.6208172057397325,1.637116611134875,0.8657099465956851,0.0034614573083608,1,1,True,True,0.9088297450000002,0.8468391700000026,1.606814088215507,1.637116611134875,0.8900236180874179,0.0034326386049205997,2,2,True,True,True,True,True,True
2024-07-15,Diurnally oscillating stratification,Diurnally oscillating stratification,Diurnally oscillating stratification,0.6034994231249999,0.8962938999999999,0.28308739999999943,0.39577464749999997,0.4004273149999982,0.6132065000000004,0.0,0.5846411537332029,0.8705074390208775,0.2878296844247913,0.30474755076697746,0.6310597247156631,0.0020846447310042997,0.0023485378041151,0.0022326060080093,0.0006522721589968001,1.2149948422049661,0.4455952757889804,2.0130737048074443,1.5674784290184638,0.0,1.950010227908825,1.5065257931083176,0.6958441428064583,2.1441646770255587,1.4483205342191003,0.0,2.0635126631428564,1.7626606374150515,1.1494850000055616,2.25,1.1005149999944384,0.020833333333333332,2.157598335251216,1.1862556352100952,0.4812955990599991,1.9207758218660864,1.4394802228060875,0.0,1.8579101798519941,1.4767312921693434,0.7125911981199899,2.0943530142080107,1.3817618160880207,0.0,1.9861223288603396,1.7349823282809576,1.1395086738757914,2.25,1.1104913261242086,0.020833333333333332,2.1146222085079716,2.6269283695833336,2.1088589350000007,3.187317586917557,0.0070871288210723,0.9176910370355214,0.9990996045947562,0.0,66,11.0,0.0,0.0,0.5942577918181818,0.6174865250000003,0.35531079000000076,0.8321750600000009,0.2628184292703109,0.5760765218840537,0.0016962656451183,0.0022185184552122,1.4131761253067643,1.507808918883791,0.5880751237056914,1.9880314618117887,0.0,1.6361238361703405,1.6662785428967295,0.9969486316363908,2.0938016100273478,0.0,1.8138230394926589,1.8310242838623692,1.3324986578302278,2.195906988466718,0.0,1.3650801186538464,1.4383571336595997,0.5983756844362964,1.894546336650023,0.0,1.599990226376238,1.6435941546551671,0.9889494189534096,2.026444819662228,0.0,1.78433026158846,1.8174170739465896,1.318954815281803,2.1703853535670348,0.0,2.427790055000001,3.06040122073743,0.0070871288210723,1.018908171134447,True,True,0.37548726999999893,0.35531079000000076,2.0815085116129137,2.0938016100273478,0.2628184292703109,0.0020668935753061,1,1,True,True,0.39833465999999973,0.35531079000000076,2.068850672847045,2.0938016100273478,0.2753240568475511,0.00214270601525915,2,2,True,True,True,True,True,True
2024-07-16,Diurnally oscillating stratification,Diurnally oscillating stratification,Diurnally oscillating stratification,1.1088660330555553,1.99230442,0.3942029799999993,0.434945021666666,0.43601637999999987,1.5981014400000007,0.0,1.1573134054961731,2.009200514195762,0.4313613046064131,0.4529878142090684,1.59983790835223,0.00210116222888065,0.0051695601224784,0.00150612215863545,0.0036815209219591997,0.7721565625090792,0.2925072238026991,1.6690701636325165,1.3765629398298174,0.0,1.5810376679240101,0.9392493017015617,0.3362158890455748,1.9200566575438325,1.5838407684982576,0.0,1.801375009507975,1.0963545468229776,0.3814685192930536,2.092775867986317,1.7113073486932635,0.0,2.009605677772882,0.7654381380757276,0.3047663865300283,1.6362974943767226,1.3315311078466943,0.0,1.5304240471104056,0.9465146550882503,0.3595327730600546,1.8796582795738703,1.5201255065138157,0.0,1.7927805551003453,1.1066993042311821,0.4142991595900829,2.058203806290677,1.6439046467005942,0.0,1.9883704780458573,1.7000566070833336,1.9659479950000005,2.0339468755373047,0.004742009987766,0.9392493017015617,1.0166814777772686,0.0,64,10.666666666666666,0.0,0.0,1.1071454935937495,0.5864283849999978,0.41102281999999946,1.99230442,0.4313613046064131,0.6239530871777164,0.0014880392005192,0.0016144104281200999,0.960133984566863,1.387356610837593,0.2925072238026991,1.6090590461006256,0.0,1.0855577025303031,1.5772691076932857,0.3362158890455748,1.851787944394645,0.0,1.2161875595250025,1.7539382848219276,0.3814685192930536,2.0556513715300144,0.0,0.9358996217884198,1.3376093468411305,0.3047663865300283,1.5648360725939026,0.0,1.0885389896085678,1.5459040537429374,0.3595327730600546,1.8333072286758467,0.0,1.2261186722668054,1.753811138800088,0.4142991595900829,2.030770598430909,0.0,1.8006429600000011,2.1680836694950103,0.006684683282628,1.3809185665643233,True,True,0.4295886150000001,0.41102281999999946,1.821774536340534,1.851787944394645,0.4313613046064131,0.0015037056373874,1,1,True,True,0.437577984999999,0.41102281999999946,1.7935023205241252,1.851787944394645,0.4529878142090684,0.00150612215863545,2,2,True,True,True,True,True,True
2024-07-17,Diurnally oscillating stratification,Diurnally oscillating stratification,Diurnally oscillating stratification,1.8137022406944443,2.7339073300000045,1.140690339999999,1.3117359024999995,1.3174179099999979,1.5932169900000055,0.0,2.1364078865170986,2.933308681320157,1.6058006274234318,1.6064574627349644,1.4686168291007722,0.0035077945807505,0.0058188980520129,0.0027225798603708502,0.0033213195295986003,0.48689686628319895,0.2877361623613394,0.9519274571854472,0.6641912948241078,0.0,0.606243634009921,0.592544540640634,0.3262747594119842,1.067773709959975,0.7414989505479908,0.0,0.8113026583604954,0.6884025228345396,0.3657337971230335,1.206250745037068,0.8405169479140346,0.0,0.9468518019598287,0.4696586009692868,0.2949132166616722,0.8764585241191023,0.5815453074574302,0.0,0.552508842032835,0.5821392873106209,0.3398264333233445,1.0175940265636811,0.6777675932403366,0.0,0.7915453494473332,0.6857031289285647,0.3847396499850135,1.1937695746449326,0.8090299246599191,0.0,0.9175700311529291,1.7000566070833336,1.3174179099999979,2.0339468755373047,0.0035077945807505,0.9392493017015617,1.0166814777772686,0.0,63,10.5,0.0,0.0,1.8228241644444443,1.7435803199999995,1.249598240000001,2.582789069999997,1.6058006274234318,1.8506163608210446,0.0024975785224143,0.0036074478812934,0.4241859936792885,0.3576509035515501,0.2970551682238079,0.9074791372992896,0.0,0.5316395936322611,0.4624072736882296,0.3452089013791858,0.9895634905789435,0.0,0.6300031794004098,0.5645816604967135,0.3946193444511703,1.0633729628684392,0.0,0.41140257841262357,0.3538681862859315,0.3039444383720995,0.8396986610384437,0.0,0.526090515691836,0.4577363725718593,0.3578888767441991,0.9341217929230448,0.0,0.6286637650166129,0.5616045588577907,0.4118333151162949,1.03011866019537,0.0,1.7435803199999995,1.8506163608210446,0.0036074478812934,1.3809185665643233,True,True,1.2741266049999993,1.249598240000001,0.949922568305867,0.9895634905789435,1.6058006274234318,0.0029472560475298,1,1,True,True,1.331401324999998,1.249598240000001,0.7921141480652758,0.9895634905789435,1.6064574627349644,0.0027225798603708502,2,2,True,True,True,True,True,True
2024-07-18,Diurnally oscillating stratification,Diurnally oscillating stratification,Diurnally oscillating stratification,1.5577438604861111,2.17763699,1.1390304100000002,1.3209685041666661,1.3134289849999998,1.0386065799999997,0.0,1.9270037578093528,2.4283423143243303,1.6441803317544312,1.7047527645077147,1.001083366085057,0.00418612296118855,0.0046537211604411,0.00425052469639875,0.0006691234262306001,0.8061894734049775,0.3110519685353009,1.3866050778025107,1.0755531092672097,0.0,1.0401408942384365,0.9408863718719461,0.3746084741350727,1.4449492975850835,1.0703408234500107,0.0,1.194049122829547,1.0496642150236668,0.4414718324058177,1.5151744654790331,1.0737026330732153,0.0,1.3180107688608431,0.7700401573231986,0.3244668042773501,1.323316114735961,0.9988493104586108,0.0,0.95656350308543,0.9126569785837049,0.3989336085547001,1.3875473562491658,0.9886137476944656,0.0,1.167756333838497,1.0273137818697553,0.4734004128320476,1.4636068393916206,0.990206426559573,0.0,1.2961085814492261,1.5577438604861111,1.3134289849999998,1.9270037578093528,0.0035077945807505,0.9408863718719461,1.044949888124128,0.0,63,10.5,0.0,0.0,1.5520791636507936,1.5381926900000025,1.2723980199999971,1.9556193499999992,1.6441803317544312,1.9725065563070734,0.0039951011570947,0.00419281543302465,0.8669434597388878,0.9276620558035386,0.3577248118948532,1.1840267496039174,0.0,0.9933063892932937,1.0158286553846965,0.469433493266241,1.333717552004968,0.0,1.0929675643874637,1.1077986877066983,0.5859319353158181,1.4030619649169649,0.0,0.8013143818643984,0.8492274919507885,0.365513649462466,1.1427305285454086,0.0,0.9479240358553365,0.9517314967031496,0.4810272989249279,1.2957099009991682,0.0,1.0614974741050145,1.0685664722917745,0.5965409483873939,1.360399752750212,0.0,1.5381926900000025,1.8506163608210446,0.0036074478812934,1.3809185665643233,True,True,1.2885559149999999,1.2723980199999971,1.2361549223187112,1.329506786083994,1.6441803317544312,0.0042742008919911,1,1,True,True,1.3283175399999987,1.2723980199999971,1.1764605845488112,1.329506786083994,1.7047527645077147,0.00425052469639875,2,2,True,True,True,True,True,True
2024-07-19,Diurnally oscillating stratification,Diurnally oscillating stratification,Diurnally oscillating stratification,1.282554637361111,1.9905396500000023,0.67061438,0.8515001491666668,0.855801060000001,1.3199252700000024,0.0,1.4299686793254531,2.084514876942725,0.861886996232045,0.9443587574778151,1.4563245090025059,0.00326032291357825,0.0053391285148164,0.00287021946116095,0.0026735652654424997,0.8281764847074687,0.2915609196379179,1.8481930074341435,1.5566320877962256,0.0,1.4459871976544938,0.9566590510709818,0.3342530546239072,1.9473346123887751,1.6130815577648678,0.0,1.5468060358560787,1.0664636234469962,0.3784614309007199,2.020270273107441,1.6418088422067212,0.0,1.6397873420411122,0.8066135446972476,0.3046036364077966,1.7863885511540574,1.4817849147462607,0.0,1.3728994775538705,0.9441944031405023,0.3592072728155933,1.863219224417404,1.5040119516018107,0.0,1.4957626497565548,1.0591047605019663,0.413810909223386,1.9400498976807532,1.5262389884573673,0.0,1.618625821959243,1.282554637361111,0.9266882450000011,1.4299686793254531,0.00326032291357825,0.9566590510709818,1.0703408234500107,0.0,65,10.833333333333332,0.0,0.0,1.2286865524615385,1.2405289900000014,0.7595306400000013,1.7931159500000007,0.861886996232045,1.5234721223137342,0.0026769441979589,0.0029948321010428002,0.9924416497290952,1.3007385979253447,0.3106284036174435,1.498198542877764,0.0,1.1004372344153317,1.389536314910406,0.373728206823446,1.6598062208448288,0.0,1.1920053676389362,1.442168037441262,0.4400887369035993,1.8021457071183424,0.0,0.9509199332440945,1.2690302111349128,0.324022312190257,1.420421994287147,0.0,1.0673928643929742,1.3379230544719647,0.3980446243805141,1.6230408913621333,0.0,1.1705301487785646,1.393983822573114,0.4720669365707686,1.7836667141391194,0.0,1.2405289900000014,1.5234721223137342,0.0032781862156009,1.389536314910406,True,True,0.8115889749999994,0.7595306400000013,1.5986769455183985,1.6598062208448288,0.861886996232045,0.0029152573813739,1,1,True,True,0.855801060000001,0.7595306400000013,1.5468060358560787,1.6598062208448288,0.9443587574778151,0.00287021946116095,2,2,True,True,True,True,True,True
2024-07-20,Diurnally oscillating stratification,Diurnally oscillating stratification,Diurnally oscillating stratification,0.9476201456944445,1.2960994199999973,0.6444343500000009,0.9277638991666673,0.9333098549999992,0.6516650699999964,0.0,1.1154485468189939,1.5578728339848678,1.0709774774010177,1.1286011988572464,0.9170077921457962,0.00257015970286785,0.0032253413510785,0.0031562811880769,0.0010384139298623002,1.0688492472681583,0.3741479844935062,1.7624316232082275,1.3882836387147213,0.0,1.39282409535624,1.23947206208286,0.5087512414056253,1.9099475342108068,1.4011962928051815,0.0,1.474373586928786,1.384412992765449,0.6601403334884596,1.9985914495504291,1.3384511160619694,0.0,1.545067135855228,1.0233241524779104,0.3919670983867224,1.753304604924515,1.3613375065377924,0.0,1.3285955071577218,1.2098337245564406,0.5339341967734397,1.8386025620333224,1.3046683652598827,0.0,1.4200967409040406,1.3662175438395048,0.675901295160162,1.9239005191421323,1.2479992239819704,0.0,1.5108189867954591,1.1088660330555553,0.9266882450000011,1.1573134054961731,0.00312995406070415,0.9566590510709818,1.4011962928051815,0.0,64,10.666666666666666,0.0,0.0,0.9887149501562502,0.9877485200000002,0.7408655799999977,1.2216611799999981,0.9060994460278132,1.2242279131665228,0.002397011175255,0.00269180874646875,1.1380324302462579,1.0594059397971478,0.7576643807093646,1.4420061340214774,0.0,1.2657021037908176,1.2356060409008127,0.9662215008534502,1.5441984746708364,0.0,1.3749007816557144,1.3791516362420833,1.0994337922183892,1.6409719912946714,0.0,1.0732223229221367,0.9913729535898114,0.7539464997337978,1.3728639633529398,0.0,1.2270752060909476,1.230451445780833,0.9252407549321556,1.5000090018687289,0.0,1.3549397300589694,1.3595530846796349,1.0704486357227108,1.627154040384522,0.0,0.9877485200000002,1.2242279131665228,0.0029948321010428002,1.389536314910406,True,True,0.8963455550000017,0.8187607200000002,1.4824322106861623,1.4954226870622818,1.0709774774010177,0.0030872210250753,1,1,True,True,0.9333098549999992,0.8187607200000002,1.474373586928786,1.4954226870622818,1.1286011988572464,0.0031562811880769,2,2,True,True,True,True,True,True
2024-07-21,Diurnally oscillating stratification,Diurnally oscillating stratification,Diurnally oscillating stratification,1.357300205763889,2.712179429999999,0.3989165400000019,0.48900772083333316,0.49755169999999893,2.313262889999997,0.0,1.4071047391833886,2.646481653828733,0.351394143138403,0.3777056188090616,2.32258610547917,0.0033963204718865,0.0086578400492398,0.0029190680846021997,0.006542835395734199,0.8442756731553899,0.2748746163765455,1.973187381576376,1.6983127651998307,0.0,1.935042157394226,0.9671588407952287,0.3001165628256763,2.072025562080457,1.7719089992547805,0.0,2.027953669026055,1.070178620511462,0.3257932541433015,2.163391775865931,1.8375985217226294,0.0,2.1064182119795194,0.8269338178262476,0.2826282765192928,1.8765449855339835,1.5939167090146906,0.0,1.8417631313520773,0.9567583333594614,0.3152565530385857,1.994733413104696,1.6794768600661105,0.0,1.9397240358669001,1.0675172864918308,0.3478848295578762,2.121580130060506,1.77369530050263,0.0,2.0441731888132617,1.282554637361111,0.855801060000001,1.4071047391833886,0.00326032291357825,0.9566590510709818,1.4483205342191003,0.0,62,10.333333333333332,0.0,0.0,1.4053525698387097,0.6812537049999996,0.4426224499999982,2.712179429999999,0.351394143138403,0.7333091915406165,0.0022100812927688,0.00310428435643575,1.058878139033074,1.4679715445277572,0.2748746163765455,1.9694231776899205,0.0,1.1447409880938728,1.5859634448812363,0.3001165628256763,2.0635033954698865,0.0,1.2208292143597392,1.7029044481698645,0.3257932541433015,2.143871266524765,0.0,1.0236296006356194,1.4003248413468112,0.2826282765192928,1.873915292832684,0.0,1.1228860901166648,1.5479156923329511,0.3152565530385857,1.9836818032196453,0.0,1.2099050223494106,1.6966948215683222,0.3478848295578762,2.0934483136066104,0.0,0.9877485200000002,1.2242279131665228,0.0029948321010428002,1.389536314910406,True,True,0.48605192499999994,0.4426224499999982,2.0319032247871665,2.0635033954698865,0.351394143138403,0.0027982405917621,1,1,True,True,0.5111698100000002,0.4426224499999982,2.0205731751193436,2.0635033954698865,0.3777056188090616,0.0029190680846021997,2,2,True,True,True,True,True,True
2024-07-22,Diurnally oscillating stratification,Diurnally oscillating stratification,Diurnally oscillating stratification,2.319621237291667,3.425867369999999,1.3276376700000014,1.5466834291666671,1.5525688900000016,2.0982296999999974,0.0,2.8095313843722387,3.871218981700375,1.9196031938802955,1.9367182328529808,2.0867863312185175,0.00549717946833135,0.0084268080460968,0.0036858635493550503,0.004980035376534499,0.41608981386655375,0.2777861948877372,0.897044327710428,0.6192581328226907,0.0,0.5036397047416055,0.4932281807070777,0.3060038805458904,0.974070732044701,0.6680668514988106,0.0,0.6623130542402156,0.5609687366629817,0.3347008984892893,1.0410435881649869,0.7063426896756976,0.0,0.7954389830229869,0.40240592808057224,0.2834132448953355,0.8319449752858831,0.5485317303905476,0.0,0.44093619630444814,0.48363929643091513,0.3168264897906709,0.9192863458885931,0.6024598560979222,0.0,0.6318723926088963,0.5564798191864759,0.350239734686004,1.0066277164913062,0.6563879818053022,0.0,0.7819689415113384,1.357300205763889,0.9333098549999992,1.4299686793254531,0.0033963204718865,0.9408863718719461,1.4011962928051815,0.0,63,10.5,0.0,0.0,2.4166954598412698,2.274949130000003,1.44643413,3.425867369999999,1.9196031938802955,2.384600818610692,0.0034565947002522,0.00586705442671465,0.33752600542732375,0.2997901185079859,0.2777861948877372,0.8567948908790042,0.0,0.4037636740818425,0.3510039376024165,0.3060038805458904,0.930149157186472,0.0,0.4666944412346062,0.4039183666150369,0.3347008984892893,0.9898794602509996,0.0,0.3346482174886952,0.3062381928617074,0.2834132448953355,0.801303680987192,0.0,0.4054158909112893,0.3624763857234147,0.3168264897906709,0.874282813990714,0.0,0.4722355942123993,0.418714578585118,0.350239734686004,0.9472619469942334,0.0,1.2405289900000014,1.5234721223137342,0.00310428435643575,1.2356060409008127,True,True,1.5308609900000008,1.44643413,0.7025837961304316,0.930149157186472,1.9196031938802955,0.0039151323984579,1,1,True,True,1.5796316800000003,1.44643413,0.5923967461275896,0.930149157186472,1.9367182328529808,0.0036858635493550503,2,2,True,True,True,True,True,True
2024-07-23,Diurnally oscillating stratification,Diurnally oscillating stratification,Diurnally oscillating stratification,2.8042453531250002,3.8143649500000016,1.9240333499999984,2.1426579983333327,2.1466683500000006,1.8903316000000032,0.0,3.6582681717269474,4.58430583802198,2.9275076824323136,3.0219084523524815,1.8957510222012988,0.0062472945060717995,0.0075992936563447,0.0064801596744434,0.0026922938412430996,0.4922666115406288,0.2871705319310237,0.8926743571980553,0.6055038252670316,0.0,0.8573632113976031,0.5729059242226783,0.3246818767048452,0.9590185360714766,0.6343366593666313,0.0,0.9099052896658573,0.6406993068507458,0.3625498382646913,1.0151782430459813,0.65262840478129,0.0,0.9544678198931305,0.45869895169147906,0.2895452567544608,0.8199845827271213,0.5304393259726605,0.0,0.7959397538206332,0.5400200284010315,0.3290905135089217,0.8885387015010813,0.5594481879921596,0.0,0.8441138373064923,0.6117385184612225,0.3686357702633798,0.9570928202750364,0.5884570500116566,0.0,0.8937345415760538,1.5577438604861111,1.3134289849999998,1.9270037578093528,0.0035077945807505,0.9408863718719461,1.0703408234500107,0.0,63,10.5,0.0,0.0,2.875638104126984,2.6488853300000024,2.045776,3.8143649500000016,2.9275076824323136,3.3126917730299654,0.0057536976630141,0.006818334177965251,0.4638735489456114,0.3488677954693799,0.2871705319310237,0.8723415342259234,0.0,0.5367144141273135,0.4372643753396946,0.3246818767048452,0.9257085306042928,0.0,0.6006617643205738,0.5185993047789113,0.3625498382646913,0.9739930061849198,0.0,0.43594985733366337,0.3299855181420287,0.2895452567544608,0.8062792332601805,0.0,0.506237618584494,0.4099710362840573,0.3290905135089217,0.8584087582397892,0.0,0.5732398755875651,0.4899565544260803,0.3686357702633798,0.9132019369111836,0.0,1.5381926900000025,1.8506163608210446,0.0036074478812934,1.0158286553846965,True,True,2.1092837599999985,2.045776,0.9125089794855556,0.9257085306042928,2.9275076824323136,0.0060788363724046,1,1,True,True,2.1702227250000004,2.045776,0.9082118243730031,0.9257085306042928,3.0219084523524815,0.0064801596744434,2,2,True,True,True,True,True,True
2024-07-24,Diurnally oscillating stratification,Diurnally oscillating stratification,Diurnally oscillating stratification,2.9832320440277775,3.693303059999998,2.245431280000002,2.5049923083333336,2.495394065000001,1.4478717799999963,0.0,4.009035631467048,4.658778766435665,3.4559422273697287,3.5413171328067348,1.4923931677045168,0.00728975061868795,0.0079326875904606,0.00652151972506795,0.0020642274070355997,0.5550030046567564,0.2992296419629641,0.9116789731255112,0.6124493311625471,0.0,0.865613422481158,0.6476586387749568,0.3490472781483357,0.981194727592238,0.6321474494439023,0.0,0.9227276709308132,0.7234806497098261,0.3994884246407249,1.0405148669604132,0.6410264423196883,0.0,0.9670530876629867,0.5068176760493281,0.3022024179241228,0.8313650247623786,0.5291626068382558,0.0,0.7984700711456012,0.6033116261960875,0.3544048358482456,0.9041544506599496,0.549749614811704,0.0,0.8504565429438034,0.6854213666509729,0.4066072537723648,0.9769438765575156,0.5703366227851507,0.0,0.8999077836809768,1.5577438604861111,1.3134289849999998,1.9270037578093528,0.00418612296118855,0.9408863718719461,1.0703408234500107,0.0,64,10.666666666666666,0.0,0.0,3.0077108134375,2.983572859999999,2.4194462099999967,3.693303059999998,3.4559422273697287,4.029427701579511,0.0062710075805918,0.00755579001023905,0.5816600814918503,0.5101153630309527,0.2992296419629641,0.8768947346043443,0.0,0.6680111106356263,0.6364350061045168,0.3490472781483357,0.9390035359723904,0.0,0.739121969622867,0.7450759331358408,0.3994884246407249,0.9901774119103522,0.0,0.5255464881178207,0.4141608899306663,0.3022024179241228,0.8054221489287394,0.0,0.6175151008250662,0.5783217798613327,0.3544048358482456,0.8637198984817015,0.0,0.69842040687396,0.741335314578922,0.4066072537723648,0.9220176480346596,0.0,1.5381926900000025,1.9725065563070734,0.00419281543302465,1.0158286553846965,True,True,2.482972130000002,2.4194462099999967,0.9247813536491144,0.9390035359723904,3.4559422273697287,0.0062710075805918,1,1,True,True,2.515193465000001,2.4194462099999967,0.9200955796750694,0.9390035359723904,3.5413171328067348,0.00652151972506795,2,2,True,True,True,True,True,True
2024-07-25,Diurnally oscillating stratification,Diurnally oscillating stratification,Diurnally oscillating stratification,2.951890898888889,3.7808807600000023,2.3656184300000014,2.491527060833332,2.4894513850000006,1.415262330000001,0.0,3.965450107208294,4.743671853114379,3.3570824580808485,3.4423055749032248,1.5194050313892253,0.0085346339801888,0.0090219865167379,0.0073882425474942,0.0017115850282744,0.6668608525668636,0.301403659127926,1.1612152982983972,0.8598116391704712,0.0,0.9106810199927788,0.7669676678436264,0.3536292091589343,1.2993695066020785,0.9457402974431441,0.0,0.9893108853775816,0.850724709541741,0.4067459843070547,1.3482545223371725,0.9415085380301178,0.0,1.0532537328774016,0.6162192347696349,0.3054930949941903,1.099364801834192,0.7938717068400016,0.0,0.8274227279437392,0.7199885775752617,0.3609861899883805,1.268213378229075,0.9072271882406945,0.0,0.9077752307236283,0.8126366430798776,0.4164792849825669,1.301870509545474,0.885391224562907,0.0,0.9860839494855298,2.319621237291667,1.5525688900000016,2.8095313843722387,0.00549717946833135,0.7669676678436264,0.9457402974431441,0.0,63,10.5,0.0,0.0,2.81070096079365,2.7706600200000047,2.4262706099999996,3.4877851500000006,3.3570824580808485,3.8615274113509988,0.0073104014884635,0.0075175264217583,0.8267396047169958,0.8866466983868722,0.3479234903605138,1.0727370831723997,0.0,0.9077895583200432,0.9532402767288362,0.4385696346652222,1.2214451169635592,0.0,0.9743720419170467,1.00664578091721,0.5237609607919427,1.3077849165062263,0.0,0.7522461202353365,0.8097594063332476,0.334681241347061,0.9773040695987476,0.0,0.8357145949772993,0.8709165312611682,0.4193624826941221,1.2010470680091032,0.0,0.9134803388111945,0.9317278399851096,0.5040437240411771,1.2757801613963171,0.0,2.274949130000003,2.384600818610692,0.00586705442671465,0.9532402767288362,True,True,2.4572268549999983,2.4262706099999996,1.0009309799232424,1.0191136964910534,3.3570824580808485,0.0073560103935438,1,1,True,True,2.5099423549999997,2.4262706099999996,0.9806867412320555,1.0191136964910534,3.4423055749032248,0.0073882425474942,2,2,True,True,True,True,True,True
2024-07-26,Diurnally oscillating stratification,Diurnally oscillating stratification,Diurnally oscillating stratification,2.0353746087499993,2.57758063,1.264829479999996,2.015866204166667,2.0145246199999995,1.312751150000004,0.0,2.485761872232668,3.4046969372753515,2.4362994283628727,2.511468091690785,2.188028325251758,0.0066061493855904,0.0100918737171248,0.0071319102989556,0.0042403831278275,1.087140820270124,0.3769860269788805,1.822561339430012,1.4455753124511315,0.0,1.3599880292619402,1.2127927771964837,0.5160473256949276,1.8889775820673251,1.3729302563723975,0.0,1.4125317667032915,1.3147421242282704,0.676054484662193,1.9366861241705144,1.2606316395083215,0.0,1.454557365714599,1.042613599761613,0.3963883948199265,1.7690943714307537,1.3727059766108272,0.0,1.295705503237333,1.1639733011956723,0.542776789639853,1.8084241093181093,1.2656473196782563,0.0,1.3421063639717525,1.2657132006622858,0.6891651844597693,1.8477538472054624,1.1585886627456932,0.0,1.387108274513525,2.319621237291667,2.0145246199999995,2.8095313843722387,0.0062472945060717995,0.7669676678436264,0.9457402974431441,0.0,65,10.833333333333332,0.0,0.0,1.9428823243076923,2.0000060600000005,1.264829479999996,2.57758063,1.2166686120235937,2.4362994283628727,0.0058514905892973,0.0074769013950228,1.371347649913766,1.3542610886705435,1.0722152159040887,1.822561339430012,0.0,1.444964131655802,1.407833073130886,1.224774004560769,1.8889775820673251,0.0,1.4973957152258321,1.454121362363562,1.3097124018951003,1.9366861241705144,0.0,1.308997683046198,1.291797257832706,0.9767291714212936,1.7690943714307537,0.0,1.381808573464921,1.3387306878284482,1.2065598620464395,1.8084241093181093,0.0,1.4364936872538767,1.3873791852426105,1.2768310529400744,1.8477538472054624,0.0,2.274949130000003,2.4362994283628727,0.006818334177965251,0.9532402767288362,True,True,2.001517829999999,1.9519280199999969,1.4143236294851327,1.423963097561857,2.4362994283628727,0.0067869192028884,1,1,True,True,2.0318357650000003,1.9519280199999969,1.411005414183618,1.423963097561857,2.511468091690785,0.0071319102989556,2,2,True,True,True,True,True,True
2024-07-27,Diurnally oscillating stratification,Diurnally oscillating stratification,Diurnally oscillating stratification,0.8322724879166667,1.3562398099999982,0.4212873200000047,0.8845020933333334,0.8910162350000022,0.9349524899999935,0.0,0.7458669612831149,1.2808028285331596,0.6967610040585926,0.7213608064652395,0.8747854907778557,0.0035008626464062,0.0080948801677109,0.00559686477755825,0.0051279865230204995,1.476091001977543,0.3357320266158299,1.9581773483900389,1.622445321774209,0.0,1.8761048281783244,1.624370585996231,0.4277418838135228,2.0538311823475066,1.6260892985339839,0.0,1.9465252696164315,1.754453401534464,0.5307257839971946,2.146537417192054,1.6158116331948595,0.0,2.002766480763418,1.42406847367619,0.3597194226397219,1.861915190170048,1.502195767530326,0.0,1.7964755882150127,1.5679062063976754,0.4694388452794438,1.9715815546936344,1.5021427094141906,0.0,1.853834399057427,1.6995037558818866,0.579158267919158,2.097399177369144,1.518240909449986,0.0,1.9122152250671487,2.319621237291667,2.0145246199999995,2.8095313843722387,0.0062472945060717995,0.7669676678436264,0.9457402974431441,0.0,65,10.833333333333332,0.0,0.0,0.855692576769231,0.8692578499999968,0.48009599000000236,1.3562398099999982,0.4060173377553039,0.7213608064652395,0.0032150352787025,0.00559686477755825,1.8658717539160463,1.887602297401224,0.4207727094019268,1.9581773483900389,0.0,1.9438722211386703,1.947386632911916,0.6107559744852504,2.0483133220065723,0.0,2.006520158393771,2.0048357353824557,0.8357505234027081,2.1245421947479697,0.0,1.7873466926825383,1.802773230844086,0.4390929235150153,1.861915190170048,0.0,1.856209092494228,1.8543057804431624,0.6281858470300306,1.9638010983300909,0.0,1.9255297114897194,1.9128969627303696,0.8470630174924663,2.0656870064901267,0.0,2.274949130000003,2.4362994283628727,0.006818334177965251,0.9532402767288362,True,True,0.8548306600000011,0.779239479999994,1.9524076056724944,1.9798760851480208,0.6967610040585926,0.0054083276224331,1,1,True,True,0.8910162350000022,0.779239479999994,1.9465252696164315,1.9803019787660243,0.7213608064652395,0.00559686477755825,2,2,True,True,True,True,True,True
2024-07-28,Diurnally oscillating stratification,Diurnally oscillating stratification,Diurnally oscillating stratification,0.397076013611111,1.1728874599999983,-0.007586760000002357,0.026397169166667567,0.019461435000000193,1.1804742200000007,0.4305555555555556,0.4288171417204601,1.208023143952745,0.0104006880476462,0.02444934962447085,1.1976224559050987,0.0013078177731349,0.0039038463303544,0.00015920345568632723,0.0038254538561291723,1.4734296396871978,0.3073220471210189,2.25,1.942677952878981,0.2916666666666667,2.25,1.6151037579483645,0.3670391350837246,2.25,1.8829608649162755,0.4305555555555556,2.25,1.7052041386929748,0.4302951367379066,2.25,1.8197048632620934,0.5347222222222222,2.25,1.4580885509513895,0.3254339242198348,2.25,1.9245660757801653,0.2916666666666667,2.25,1.6147193735045868,0.4008678484396697,2.25,1.8491321515603303,0.4305555555555556,2.25,1.710896177762479,0.4763017726594992,2.25,1.7736982273405009,0.5347222222222222,2.25,2.319621237291667,2.0145246199999995,2.8095313843722387,0.0062472945060717995,0.7669676678436264,0.9457402974431441,0.061507936507936525,67,11.166666666666666,0.0,0.0,0.2661928907462683,0.21103665999999777,-0.007586760000002357,0.97586364,0.0104006880476462,0.16032840405604543,9.538256356145448e-05,0.0011697587679161,1.8636267350986608,2.062252883331037,0.3354967249172763,2.25,0.2835820895522388,1.9862910102482239,2.2284546872905246,0.4268452530524007,2.25,0.44776119402985076,2.0497900041118027,2.25,0.5275996606243081,2.25,0.6417910447761194,1.8250692389696404,1.984782504916179,0.3561842672929856,2.25,0.2835820895522388,1.9693122070680473,2.217880966685446,0.4623685345859712,2.25,0.44776119402985076,2.04519155742087,2.25,0.5685528018789492,2.25,0.6417910447761194,2.274949130000003,2.4362994283628727,0.006818334177965251,0.9532402767288362,True,False,0.013440965000000915,-0.0035750500000020224,2.25,2.25,0.0104006880476462,9.538256356145448e-05,1,1,False,False,0.019461435000000193,-0.007586760000002357,2.25,2.25,0.02444934962447085,0.00015920345568632723,2,2,False,False,True,True,False,False
2024-07-29,Diurnally oscillating stratification,Diurnally oscillating stratification,Diurnally oscillating stratification,0.916847842083333,2.2403308600000003,-0.020994939999994244,0.0008565750000002481,-0.0016254199999998775,2.2613257999999945,0.3819444444444444,0.9926905782619655,2.21797718484143,-0.0065589339003804,-0.0004405598545898998,2.2245361187418102,0.00314776993394705,0.0084962646688226,5.554418822306305e-05,0.008454525901093024,1.025192336981795,0.2764150974984274,2.25,1.9735849025015726,0.3263888888888889,2.25,1.109520992284024,0.3032468070962651,2.25,1.946753192903735,0.3819444444444444,2.25,1.1836794383079456,0.3305783612810862,2.25,1.9194216387189138,0.4027777777777778,2.25,1.0324563359790913,0.284998025621383,2.25,1.965001974378617,0.3263888888888889,2.25,1.1236096835111953,0.3199960512427661,2.25,1.9300039487572338,0.3819444444444444,2.25,1.2003566124226077,0.3549940768641467,2.25,1.8950059231358534,0.4027777777777778,2.25,2.0353746087499993,2.0145246199999995,2.485761872232668,0.0062472945060717995,1.109520992284024,1.3729302563723975,0.11607142857142859,64,10.666666666666666,0.0,0.0,0.7859272198437499,0.12571461999999656,-0.015334780000003434,2.2403308600000003,-0.0065589339003804,0.07081433917312366,4.173876772957492e-05,0.0005842105316056501,1.3657161854867716,2.1733954867049627,0.2764150974984274,2.25,0.46875,1.4017334890188615,2.25,0.3032468070962651,2.25,0.546875,1.430326101307246,2.25,0.3305783612810862,2.25,0.546875,1.3645876275373012,2.139168415666577,0.284998025621383,2.25,0.46875,1.4072575149805464,2.25,0.3199960512427661,2.25,0.546875,1.4384999401650347,2.25,0.3549940768641467,2.25,0.546875,2.0000060600000005,2.4362994283628727,0.006818334177965251,1.407833073130886,False,False,-0.004982074999997366,-0.015334780000003434,2.25,2.25,-0.0065589339003804,4.173876772957492e-05,1,1,False,False,-0.0015102799999979766,-0.015334780000003434,2.25,2.25,-0.0004405598545898998,5.554418822306305e-05,2,2,False,False,True,True,False,False
2024-07-30,Diurnally oscillating stratification,Diurnally oscillating stratification,Diurnally oscillating stratification,1.6070707783333331,3.047350569999999,0.4740438500000046,0.6451427424999995,0.6279347299999998,2.5733067199999944,0.0,1.8194479934537409,3.1304724736792866,0.7395570270234697,0.8122128621830043,2.5681567348103753,0.003920197285999,0.0104565988575304,0.0019429435641408498,0.008730272800117,0.6192553135865566,0.2718087494205216,1.5444408202900364,1.272632070869515,0.0,1.4093977122353203,0.7298268470549536,0.2938910450585097,1.743451856862694,1.4495608118041843,0.0,1.5322874864023803,0.8331411908972466,0.3162931486163752,1.9363659115243717,1.6200727629079965,0.0,1.6481624163022648,0.6077984530689272,0.2790453762494184,1.48440211561508,1.2053567393656617,0.0,1.356734808367383,0.731732350869781,0.3080907524988369,1.7416765652681412,1.4335858127693042,0.0,1.5013341940129146,0.8433666645777093,0.3371361287482533,1.914967376842676,1.5778312480944228,0.0,1.6451831752799557,1.6070707783333331,0.8910162350000022,1.8194479934537409,0.003920197285999,1.109520992284024,1.4495608118041843,0.11607142857142859,63,10.5,0.0,0.0,1.631232321269841,1.1277705199999986,0.5833265099999991,3.047350569999999,0.7395570270234697,1.4800469513130423,0.0018134333016351,0.0037719100322969497,0.6803947958787233,0.7935131226606292,0.2718087494205216,1.466053306775217,0.0,0.7598713431399016,0.8905266616704827,0.2938910450585097,1.5920232174403024,0.0,0.8387346987485288,0.95911643525454,0.3162931486163752,1.7362926610342948,0.0,0.6539364011882575,0.7670838458548506,0.2790453762494184,1.40346159912401,0.0,0.7505260482728764,0.8478276839292206,0.3080907524988369,1.5651474238342329,0.0,0.843703912837785,0.9285715220035848,0.3371361287482533,1.7363626395797769,0.0,1.1277705199999986,1.4800469513130423,0.00559686477755825,1.407833073130886,True,True,0.6039966799999981,0.5833265099999991,1.5700931047964777,1.5920232174403024,0.7395570270234697,0.0020724538266466,1,1,True,True,0.6555684849999999,0.5833265099999991,1.4595936146285218,1.5920232174403024,0.8122128621830043,0.0019429435641408498,2,2,True,True,True,True,True,True
2024-07-31,Diurnally oscillating stratification,Diurnally oscillating stratification,Diurnally oscillating stratification,2.3584158525694443,3.5978218400000017,1.4346878100000033,1.6282232933333336,1.6436884099999993,2.1631340299999984,0.0,2.9278895067532438,4.157331452494566,2.116981188902822,2.1841604141566973,2.269965569958777,0.00490913946469065,0.0091685783799703,0.004453665207307099,0.0058684619560176,0.4922223828268825,0.2790886125633753,0.918138048779438,0.6390494362160628,0.0,0.8767159921036654,0.5753370332428855,0.3086391541326155,1.013404501096905,0.7047653469642896,0.0,0.9445080131346384,0.6469669692661077,0.33870213829966,1.0980138597728484,0.7593117214731884,0.0,1.0026820572261388,0.46928659142702384,0.2846466984346869,0.8484963967305645,0.5638496982958776,0.0,0.8143728612357599,0.5565083290117943,0.3192933968693739,0.9588906809561056,0.6395972840867317,0.0,0.886723305693908,0.6343229623727927,0.3539400953040584,1.0692849651816392,0.7153448698775808,0.0,0.9589289512485063,1.6070707783333331,0.8910162350000022,1.8194479934537409,0.003920197285999,1.109520992284024,1.4495608118041843,0.11607142857142859,65,10.833333333333332,0.0,0.0,2.2955374816923073,2.162902350000003,1.5646270499999986,3.4610509600000015,2.116981188902822,2.5161571126801534,0.0036230469868267,0.005021510003316,0.5066857388491673,0.3616240439094615,0.2832488443045536,0.8888852744757432,0.0,0.5880596113409631,0.4685631063158305,0.3170401853950637,0.958746634653923,0.0,0.6592069205904867,0.5739564829325037,0.3514291106473021,1.0258163597806174,0.0,0.4811646515926187,0.3539036691627385,0.2884069816395583,0.8247136947481818,0.0,0.564256504457068,0.457807338325477,0.3268139632791166,0.9003577567526277,0.0,0.6408601792828028,0.5617110074882081,0.3652209449186722,0.9843741094266558,0.0,1.1277705199999986,1.4800469513130423,0.005021510003316,1.407833073130886,True,True,1.6048014100000003,1.5646270499999986,0.9470910159576584,0.958746634653923,2.116981188902822,0.0041105614885489,1,1,True,True,1.6472697849999989,1.5646270499999986,0.941936132302096,0.958746634653923,2.1841604141566973,0.004453665207307099,2,2,True,True,True,True,True,True
2024-08-01,Diurnally oscillating stratification,Diurnally oscillating stratification,Diurnally oscillating stratification,2.4172256831250003,3.5468292499999947,1.5963257000000013,1.771171018333332,1.7715503349999988,1.9505035499999934,0.0,3.024054923311608,4.058200515785686,2.207472352109745,2.2949598628927594,2.0492679008574215,0.0057788398784897,0.0072047694287203,0.00534206770422725,0.0025363987655863006,0.6542725489704226,0.2833134535362199,1.3682451240916744,1.0849316705554546,0.0,1.0111980536965652,0.7679450185719562,0.3173118752174793,1.4254740615518962,1.1081621863344169,0.0,1.1407474352466682,0.8574571732022399,0.3521140924419086,1.4730285725322003,1.1209144800902917,0.0,1.2549026261991023,0.6262334596333264,0.2915516510041603,1.304126444286427,1.0125747932822668,0.0,0.9210245396390249,0.742372700267016,0.3331033020083206,1.3570664367708405,1.02396313476252,0.0,1.0909004316527933,0.8373932460998689,0.374654953012478,1.4120219646693517,1.0373670116568738,0.0,1.245370609376746,1.6070707783333331,0.8910162350000022,1.8194479934537409,0.003920197285999,1.109520992284024,1.4495608118041843,0.11607142857142859,64,10.666666666666666,0.0,0.0,2.38705405203125,2.223253764999999,1.6926756399999974,3.238595349999997,2.207472352109745,3.012451904761746,0.004668370663134,0.00580555291918205,0.722782670614652,0.871894635436226,0.2988437405157798,1.350869379867346,0.0,0.8155057419843261,0.9317313836512147,0.3487935855531373,1.4073884061869453,0.0,0.8925626665626549,0.9819303695694108,0.3999986503140298,1.453151621225803,0.0,0.6702380129044926,0.8042858951642893,0.3052906170484842,1.293197726163083,0.0,0.7718926874666613,0.8615567441162869,0.3605812340969685,1.343797240338932,0.0,0.8585906961897384,0.9192823760938422,0.4158718511454488,1.3943967545147775,0.0,1.1277705199999986,1.4800469513130423,0.005021510003316,1.407833073130886,True,True,1.7261199999999999,1.6926756399999974,1.241924414293147,1.4073884061869453,2.207472352109745,0.0056823487175845,1,1,True,True,1.7990649799999971,1.6926756399999974,1.1103781276076305,1.4073884061869453,2.2949598628927594,0.00534206770422725,2,2,True,True,True,True,True,True
2024-08-02,Diurnally oscillating stratification,Diurnally oscillating stratification,Diurnally oscillating stratification,2.4957422186805553,3.358183579999995,1.850239079999998,2.051787169166666,2.052336109999999,1.5079444999999971,0.0,3.095568848113235,3.908555493367849,2.538312034768892,2.6149478034442133,1.5717685157255383,0.0067084025026524,0.0071288318345565,0.00678640196837245,0.0010755337500472995,0.7610360502939117,0.2908506671122,1.3721359973809302,1.0812853302687302,0.0,1.1767930315885506,0.8636041789379743,0.3327896464124825,1.4247539869606594,1.091964340548177,0.0,1.30701151555152,0.9496390726159613,0.3760828141358773,1.4688893497625508,1.0928065356266736,0.0,1.3724488930068754,0.7292847570188834,0.3017624867940964,1.305909161992599,1.0041466751985026,0.0,1.134524058842217,0.8355782612466023,0.3535249735881928,1.3557668785396946,1.002241904951502,0.0,1.2761750415915938,0.9273919388082975,0.4052874603822854,1.4056245950867867,1.0003371347045014,0.0,1.322770776010099,1.6070707783333331,0.8910162350000022,1.8194479934537409,0.003920197285999,0.8636041789379743,1.4495608118041843,0.11607142857142859,64,10.666666666666666,0.0,0.0,2.4734377014062496,2.4917836049999984,1.9674688600000003,3.0503277099999977,2.538312034768892,3.2248455987882814,0.0060532980845092,0.00660725791815325,0.8311103187099894,0.9201278432659584,0.3201035735855558,1.341390934411551,0.0,0.9338228108949722,1.0057761037255482,0.3926920287225872,1.396861824375276,0.0,1.0206657697740655,1.07574818657717,0.4683060195987737,1.4406728188886369,0.0,0.7716418551297439,0.8364219505647733,0.32946435936072,1.284779475454911,0.0,0.8829950214446345,0.9293613828742053,0.4089287187214401,1.3306337240573884,0.0,0.9829965877425083,1.0181506281797423,0.4883930780821545,1.376487972659863,0.0,1.1277705199999986,1.4800469513130423,0.005021510003316,1.0057761037255482,True,True,2.0231604349999994,1.9674688600000003,1.3605273921721763,1.396861824375276,2.538312034768892,0.0071288318345565,1,1,True,True,2.068984349999999,1.9674688600000003,1.2517654256666875,1.396861824375276,2.6149478034442133,0.00678640196837245,2,2,True,True,True,True,True,True
2024-08-03,Diurnally oscillating stratification,Diurnally oscillating stratification,Diurnally oscillating stratification,2.512287612083334,3.338595930000004,1.8470408700000007,2.045639355833334,2.0520252049999996,1.4915550600000032,0.0,2.943639952286862,3.728941036793365,2.3686188815983784,2.437649101590935,1.5223285484006364,0.00719669295333195,0.0079176404568054,0.00681730761890025,0.001157725568674499,0.7738259096439566,0.2926224599744274,1.3874169732417072,1.0947945132672798,0.0,1.365711597956658,0.886558215707125,0.3364535286183478,1.4470076275187342,1.1105540989003864,0.0,1.423954818531714,0.9818063789899207,0.3818382189632331,1.4999791213874205,1.1181409024241873,0.0,1.469360723346085,0.7504965682881334,0.3048000702186187,1.3131792949175576,1.008379224698939,0.0,1.2974370012208065,0.863550061471758,0.3596001404372374,1.3687538932709848,1.0091537528337473,0.0,1.3488433709032521,0.9623969961265415,0.4144002106558522,1.429041868822125,1.0146416581662727,0.0,1.3989595662524175,2.3584158525694443,1.6436884099999993,2.9278895067532438,0.00490913946469065,0.8636041789379743,1.1105540989003864,0.11607142857142859,65,10.833333333333332,0.0,0.0,2.4605322029230776,2.344223209999999,1.956595919999998,3.2018660799999985,2.3686188815983784,2.943919822573668,0.0068110421941261,0.00753771065277795,0.9751239642724348,1.0023528081215396,0.304114543752451,1.379845394272293,0.0,1.0650288675826618,1.1321433364099474,0.360208555145567,1.4374083495996317,0.0,1.14146043056122,1.2432614928887835,0.4188845343948459,1.4864246490209845,0.0,0.9237515899193965,0.9076457249409358,0.3171313156201906,1.3070812024035408,0.0,1.0168451930521745,1.073600087823055,0.3842626312403812,1.360026242414627,0.0,1.102585069575772,1.239554450705162,0.451393946860567,1.415179148662824,0.0,2.162902350000003,2.5161571126801534,0.005021510003316,1.0057761037255482,True,True,2.013250915000002,1.956595919999998,1.430418230205376,1.4374083495996317,2.3686188815983784,0.0068110421941261,1,1,True,True,2.0520252049999996,1.956595919999998,1.423954818531714,1.4374083495996317,2.437649101590935,0.00681730761890025,2,2,True,True,True,True,True,True
2024-08-04,Diurnally oscillating stratification,Diurnally oscillating stratification,Diurnally oscillating stratification,2.7386747468055557,3.9196914199999995,1.7687482399999972,1.9876125033333336,1.9978764049999977,2.1509431800000023,0.0,3.079766418997005,4.293603494988431,2.18180904852937,2.243392423077438,2.3650778897085147,0.008028370969065949,0.008982508140402,0.0075825526968454505,0.0014717031637926994,0.723367527064751,0.2777799863969581,1.4192294995317611,1.141449513134803,0.0,1.3880002424539235,0.8227989384110258,0.3060266467919358,1.499646481859925,1.1936198350679894,0.0,1.454867183312047,0.9051198793052975,0.3348361456771792,1.5772724106979208,1.2424362650207417,0.0,1.5099632147066298,0.6993784363160107,0.286369212623568,1.3333020435457543,1.0469328309221864,0.0,1.3107107883128322,0.8004192670598091,0.322738425247136,1.41703254518693,1.094294119939794,0.0,1.3739688746683991,0.8868466912757103,0.3591076378707014,1.503996067917731,1.1448884300470297,0.0,1.4372269610239614,2.4172256831250003,1.7715503349999988,2.943639952286862,0.0057788398784897,0.8227989384110258,1.1105540989003864,0.05456349206349208,66,11.0,0.0,0.0,2.6446114845454547,2.418440034999998,1.9097102300000017,3.692628290000002,2.18180904852937,2.949005337381701,0.0075108049766093,0.0079107385076026,0.9050229433739307,1.0179411800975537,0.2857284917232426,1.4023432389199806,0.0,0.9865667126648424,1.1507576825246844,0.3222548670292121,1.471519969871772,0.0,1.0561899378347785,1.2666653290165688,0.3597302118359881,1.5319672559607636,0.0,0.85750158684605,0.9254942521459963,0.2946040166024005,1.3212056258958818,0.0,0.9438988716441802,1.1013188033662165,0.339208033204801,1.389845586172565,0.0,1.0201865945382047,1.2583476038078307,0.3838120498071984,1.4609803696165098,0.0,2.223253764999999,2.943919822573668,0.00580555291918205,1.0057761037255482,True,True,1.9545368950000022,1.9097102300000017,1.462014442130363,1.471519969871772,2.18180904852937,0.0076543004170816,1,1,True,True,1.9978764049999977,1.9097102300000017,1.454867183312047,1.471519969871772,2.243392423077438,0.0075825526968454505,2,2,True,True,True,True,True,True
2024-08-05,Diurnally oscillating stratification,Diurnally oscillating stratification,Diurnally oscillating stratification,3.0254684418055557,4.238800970000007,2.057948870000004,2.255152792499999,2.235548755,2.1808521000000027,0.0,3.5133504275720853,4.68551938117364,2.529146776989181,2.6144659950065403,2.3475328582548904,0.00827301477592875,0.0090691541216506,0.0082559781195818,0.0010834642001476009,0.656063487626707,0.2779815763341812,1.386727490858188,1.1087459145240066,0.0,1.3701100119511609,0.7563410501597724,0.3064413266034606,1.4548441743302014,1.1484028477267407,0.0,1.4317913879445197,0.8431413585706395,0.3354724962210031,1.5110054262704598,1.1755329300494566,0.0,1.4815490867700951,0.634932233391682,0.286618868813994,1.3085129933138753,1.0218941244998812,0.0,1.2984597894804573,0.7382553609064832,0.3232377376279881,1.3725109948630825,1.0492732572350945,0.0,1.3530900815093316,0.8289457318557253,0.3598566064419796,1.43656906488721,1.0767124584452303,0.0,1.4067762513920505,2.4957422186805553,1.9978764049999977,3.024054923311608,0.0067084025026524,0.7679450185719562,1.1105540989003864,0.0,65,10.833333333333332,0.0,0.0,3.015611763384615,2.75393768,2.173116549999996,4.13132246,2.529146776989181,3.426073371427931,0.0081550340201812,0.0084418547234784,0.7516030477926279,0.8946610245474794,0.2793084727231361,1.3789336143198865,0.0,0.840818298498718,0.9676452054639926,0.3091484789844451,1.439422763890125,0.0,0.9156975975936403,1.0288009750341829,0.3396190830032143,1.4891069791645155,0.0,0.7077435949261887,0.8199173265632997,0.2878088443809899,1.3041969939065143,0.0,0.8057593934885096,0.89415365595809,0.3256176887619799,1.3593413569410913,0.0,0.8904860903217131,0.968389985352875,0.3634265331429671,1.4144857199756644,0.0,2.344223209999999,2.949005337381701,0.00660725791815325,0.9676452054639926,True,True,2.2259736799999956,2.173116549999996,1.4357316980772041,1.439422763890125,2.529146776989181,0.0082208409918184,1,1,True,True,2.2470926749999975,2.173116549999996,1.4265819811205112,1.439422763890125,2.6144659950065403,0.0082559781195818,2,2,True,True,True,True,True,True
2024-08-06,Diurnally oscillating stratification,Diurnally oscillating stratification,Diurnally oscillating stratification,3.2926789118749995,4.511123550000001,2.4536937399999985,2.6314038125,2.6337766500000015,2.057429810000002,0.0,3.9612426489412287,5.090829146121138,3.097189245119693,3.170240340496328,2.1888617522693465,0.009090903025222499,0.0098080159936807,0.00894330886919915,0.0010796718239727,0.680158424814024,0.2809093344843614,1.3622587999514364,1.081349465467075,0.0,1.248414378766082,0.7871112202587762,0.3124125027613564,1.4172828141872085,1.104870311425852,0.0,1.3522253848519301,0.873038686237225,0.344616289044031,1.4617393063362094,1.1171230172921784,0.0,1.405505034351114,0.6533274833344282,0.2892924094035513,1.293605441309943,1.0043130319063915,0.0,1.2069395504069054,0.7624233436450655,0.3285848188071025,1.3393440296989032,1.0107592108918007,0.0,1.29639286061985,0.8527440516739374,0.367877228210651,1.3857476369148622,1.0178704087042112,0.0,1.3399127355262452,2.512287612083334,2.0520252049999996,3.079766418997005,0.00719669295333195,0.7871112202587762,1.1081621863344169,0.0,66,11.0,0.0,0.0,3.2160449566666665,3.091225204999997,2.524167339999998,4.461921889999999,3.097189245119693,3.9650815598032345,0.0088101476317214,0.0089787002431004,0.8164094387824373,0.9198887078398394,0.283388503262134,1.3589921355789691,0.0,0.9067441836733114,1.0023629869353679,0.3174679904782174,1.4125433254653352,0.0,0.9814500454753171,1.0705392644166383,0.3523609355616532,1.455798305239946,0.0,0.7580062375515866,0.8342269079909816,0.2917678273001927,1.2915883978767966,0.0,0.8554456418935347,0.9217428534204316,0.3335356546003855,1.3360639340814229,0.0,0.9437750153536761,1.0072908766755941,0.3753034819005751,1.3805394702860454,0.0,2.418440034999998,3.012451904761746,0.00753771065277795,1.0023629869353679,True,True,2.594638419999999,2.524167339999998,1.3920141613327455,1.4125433254653352,3.097189245119693,0.0089787002431004,1,1,True,True,2.6337766500000015,2.524167339999998,1.3522253848519301,1.4125433254653352,3.170240340496328,0.00894330886919915,2,2,True,True,True,True,True,True
2024-08-07,Diurnally oscillating stratification,Diurnally oscillating stratification,Diurnally oscillating stratification,3.0977927575694446,4.087101850000003,2.231273249999994,2.5105040041666675,2.5008522650000025,1.8558286000000095,0.0,3.4780170781771704,4.440541136323725,2.7408778231659507,2.8466512970156153,2.0628280911089623,0.01073201205798325,0.0117799027194803,0.01005552145229335,0.0018611057087606006,0.7652513878332857,0.2830401645317971,1.420745329480299,1.137705164948502,0.0,1.3760901657385594,0.8676524051312826,0.3167687628313886,1.5109650654785505,1.1941963026471618,0.0,1.4383850511099667,0.9533532122922299,0.3513264242743094,1.6146490355410057,1.2633226112666964,0.0,1.4868751509435145,0.7392696165965214,0.2923337420176349,1.3313120543641603,1.0389783123465255,0.0,1.3005307837760889,0.8400050073231929,0.3346674840352698,1.417483015714029,1.0828155316787593,0.0,1.3550463930255414,0.9288966902530059,0.3770012260529017,1.5442820434900846,1.167280817437183,0.0,1.4075841109675866,2.7386747468055557,2.052336109999999,3.095568848113235,0.008028370969065949,0.8227989384110258,1.1105540989003864,0.0,66,11.0,0.0,0.0,3.0796900375757574,3.043787390000002,2.3714308099999997,3.941071960000002,2.7408778231659507,3.759599917999208,0.0099187970107197,0.0101373409001877,0.9303243069806294,0.9962296186212906,0.2937411363546932,1.3893734969281657,0.0,1.0089664856333493,1.1212482535929407,0.3386604848407141,1.4488877718619462,0.0,1.0763121532503255,1.226940678265092,0.3849980886747159,1.4993343791300977,0.0,0.8834048783349279,0.899526760091228,0.3031959781967992,1.311137963301752,0.0,0.9616394671818025,1.0568333415083493,0.3563919563935984,1.365982750524655,0.0,1.0342562336480234,1.21413992292546,0.4095879345903939,1.4208275377475534,0.0,2.4917836049999984,3.2248455987882814,0.0079107385076026,1.0057761037255482,True,True,2.449664500000001,2.3714308099999997,1.4428922359536211,1.4488877718619462,2.7408778231659507,0.009973702004399,1,1,True,True,2.5008522650000025,2.3714308099999997,1.4383850511099667,1.4488877718619462,2.8466512970156153,0.01005552145229335,2,2,True,True,True,True,True,True
2024-08-08,Diurnally oscillating stratification,Diurnally oscillating stratification,Diurnally oscillating stratification,3.217110446944444,4.238607039999998,2.4932656299999962,2.660052534166665,2.658493934999999,1.7453414100000018,0.0,3.6359816965240466,4.645281060721724,2.87893272902447,2.951798899434608,1.9532784957780995,0.0116097778344263,0.0122820120815466,0.011384291349237852,0.0009732618011692,0.755748777256913,0.288392349188768,1.4098503347210742,1.1214579855323064,0.0,1.3803294596787974,0.8687440760213238,0.3277356664541476,1.4801009638293938,1.1523652973752463,0.0,1.4428229204676164,0.9623319917721371,0.368248547240483,1.5382406691437769,1.1699921219032938,0.0,1.4915713321563029,0.7246023284857729,0.2987516867352345,1.3225667116104185,1.023815024875184,0.0,1.301666441772292,0.8387783573674543,0.347503373470469,1.3902768777027792,1.04277350423231,0.0,1.3568667110048125,0.9372134093836303,0.3962550602057,1.4579870437951352,1.0617319835894352,0.0,1.4099795004250488,3.0254684418055557,2.235548755,3.4780170781771704,0.00827301477592875,0.8636041789379743,1.1484028477267407,0.0,66,11.0,0.0,0.0,3.1342165251515146,3.0833154500000006,2.5718607299999974,3.848810489999998,2.87893272902447,3.6704441577565,0.0113087502803774,0.0114546684286197,0.9287305841427329,0.9470767795175602,0.3117196379274348,1.4050336673071984,0.0,1.025656871916998,1.0497523151755002,0.3753875495148904,1.4676441046941666,0.0,1.1078947806608088,1.135626553139845,0.4413848579778108,1.5199802750759763,0.0,0.8667915030946677,0.8604579022947494,0.3204537799742273,1.319498732150466,0.0,0.9704561761194568,0.9763948262774094,0.3909075599484547,1.3793032376807748,0.0,1.0652677012752128,1.0910568948294215,0.461361339922677,1.4391077432110793,0.0,2.75393768,3.426073371427931,0.0084418547234784,1.0497523151755002,True,True,2.619382254999998,2.5718607299999974,1.4485034671136103,1.4676441046941666,2.87893272902447,0.0113993851291522,1,1,True,True,2.658493934999999,2.5718607299999974,1.4428229204676164,1.4676441046941666,2.951798899434608,0.011384291349237852,2,2,True,True,True,True,True,True
2024-08-09,Diurnally oscillating stratification,Diurnally oscillating stratification,Diurnally oscillating stratification,2.8260725185416664,3.4759735799999945,2.329322470000001,2.6520540858333344,2.6571058450000002,1.1466511099999934,0.0,3.060714724810048,3.7730590333178,2.735627185290701,2.838553943470555,1.4420618679884942,0.0124013911255739,0.0138403543092275,0.0124013911255739,0.0022362596244394004,0.9684445722233134,0.3297146370622462,1.776587276787721,1.446872639725475,0.0,1.3955591581046698,1.105455894006077,0.4138054970925158,1.8360185674955507,1.422213070403035,0.0,1.465497934195539,1.2178078943163588,0.5040709010925933,1.8724468705028048,1.3683759694102116,0.0,1.523501345472277,0.9202640375529657,0.3453149263308089,1.753609786241434,1.408294859910625,0.0,1.3113353833226888,1.0585588209613561,0.4406298526616179,1.7748474958302312,1.3342176431686132,0.0,1.375844060541249,1.175944971362132,0.5359447789924202,1.7960852054190268,1.2601404264266067,0.0,1.440178854464178,3.0254684418055557,2.5008522650000025,3.4780170781771704,0.009090903025222499,0.8676524051312826,1.1523652973752463,0.0,65,10.833333333333332,0.0,0.0,2.722135990153846,2.714316189999998,2.329322470000001,3.1556904999999986,2.512451360646042,2.9663756971909443,0.0116040946847881,0.01213683546940295,1.264467959286031,1.3757642180900278,0.9127172408447596,1.4592431936220895,0.0,1.3563254932974254,1.43938473682294,1.012114333251555,1.5389606738425627,0.0,1.4301769029938902,1.4897707292238167,1.0977373401121402,1.6068045979611776,0.0,1.1839264809719598,1.299358937818103,0.840330721121207,1.361914630770277,0.0,1.2836728340487658,1.3528773969964976,0.9501093658770524,1.4507014424483011,0.0,1.3675329758461745,1.4057098648226696,1.0598880106328896,1.5394882541263195,0.0,2.75393768,3.426073371427931,0.0089787002431004,1.1212482535929407,True,True,2.5969479850000035,2.52485815,1.48168157074178,1.5006799550504564,2.735627185290701,0.0124279570309375,1,1,True,True,2.6571058450000002,2.52485815,1.465497934195539,1.5006799550504564,2.838553943470555,0.0124013911255739,2,2,True,True,True,True,True,True
2024-08-10,Diurnally oscillating stratification,Diurnally oscillating stratification,Diurnally oscillating stratification,2.3448177704861113,3.2573759599999974,1.5995583600000032,2.032121345833335,2.0191874600000013,1.6578175999999942,0.0,2.337594552267419,3.2529030430780423,1.679149895141091,1.7030044832104023,1.633228283248136,0.0107404141075941,0.0140485227326862,0.01349058123523365,0.004312138196537901,1.0052225725630486,0.292199566942977,1.8557037197940172,1.5635041528510403,0.0,1.8399444024654317,1.1392807796879534,0.3355627411459763,1.8935557999731911,1.5579930588272148,0.0,1.8818306191231962,1.2427543030422639,0.3803763980429188,1.925120072093479,1.5447436740505602,0.0,1.9143147116966865,0.9717664856384423,0.3032167599629206,1.78113360297078,1.4779168430078595,0.0,1.7731956334379324,1.1092985108401598,0.3564335199258413,1.8059055840488951,1.4494720641230538,0.0,1.7981112418942007,1.2137820812958762,0.4096502798887582,1.8312571081553968,1.4216068282666385,0.0,1.823026850350467,3.0254684418055557,2.5008522650000025,3.4780170781771704,0.01073201205798325,0.8676524051312826,1.1936198350679894,0.0,66,11.0,0.0,0.0,2.2221648446969704,2.201988840000002,1.9517464199999992,2.689293710000001,1.679149895141091,2.24074977157977,0.010052979203246,0.0120302136114498,1.3469442674951289,1.4417556345595868,0.3929031824885886,1.8557037197940172,0.0,1.4569428197036303,1.5323101811599062,0.5366720682330199,1.8935557999731911,0.0,1.542765499147167,1.6067858678646418,0.6813308188124555,1.925120072093479,0.0,1.2765013630550588,1.344878614309129,0.3939881450528537,1.78113360297078,0.0,1.3977120605713202,1.44137842494893,0.5379762901057074,1.8059055840488951,0.0,1.4886128293583298,1.5378782355887246,0.6819644351585508,1.8312571081553968,0.0,2.75393768,3.426073371427931,0.0101373409001877,1.1212482535929407,True,True,2.0084634850000036,1.9830129200000002,1.8819631971587727,1.8888802063054932,1.679149895141091,0.013407498673138,1,1,True,True,2.0191874600000013,1.9517464199999992,1.8818306191231962,1.8935557999731911,1.7030044832104023,0.01349058123523365,2,2,True,True,True,True,True,True
2024-08-11,Diurnally oscillating stratification,Diurnally oscillating stratification,Diurnally oscillating stratification,1.9057085184027782,2.874436429999996,1.256261220000006,1.5896897316666667,1.6075421399999996,1.6181752099999898,0.0,1.9842795699855078,3.100834714169169,1.2808975896639672,1.326992575341884,1.879750972123727,0.00740364557810345,0.0114470085514391,0.0106431592679943,0.004909308324950501,1.0601189050021929,0.290173860147008,1.8649092465293544,1.5747353863823463,0.0,1.8573078920562178,1.184771796979083,0.3314073523281277,1.91024537771292,1.5788380253847922,0.0,1.9036228886773077,1.2859960822930743,0.3739843667992106,1.949851263566113,1.5758668967669023,0.0,1.939392129099593,1.0244711740253534,0.3018085043286842,1.786574196582278,1.4847656922535937,0.0,1.7821678799851117,1.1485649468752084,0.3536170086573684,1.8194164164260815,1.465799407768713,0.0,1.8139832459044496,1.2527493610382707,0.405425512986049,1.8546557787373987,1.4492302657513498,0.0,1.8444645008295275,3.0254684418055557,2.5008522650000025,3.4780170781771704,0.01073201205798325,0.8687440760213238,1.1941963026471618,0.0,66,11.0,0.0,0.0,1.774266089545455,1.7681527100000025,1.4758999499999987,2.2080994599999997,1.2808975896639672,1.8021642822246708,0.007132079892899,0.0099238941521318,1.4608239377107177,1.4589869004013276,0.4966061101171597,1.8649092465293544,0.0,1.5549236495458973,1.552615035157697,0.6800401670731048,1.91024537771292,0.0,1.6289945266897135,1.6368145825179412,0.8344916203377019,1.9479930553256808,0.0,1.3885332305305682,1.3636674058995606,0.456462635610337,1.786574196582278,0.0,1.4855926099484575,1.4761245685997282,0.6629252712206741,1.8187820901973824,0.0,1.5692801416213744,1.5872569406488601,0.8185633258025033,1.852048159981159,0.0,2.75393768,3.426073371427931,0.0101373409001877,1.1212482535929407,True,True,1.5346307050000014,1.4910452199999966,1.906025146391007,1.91024537771292,1.2808975896639672,0.0103321222000113,1,1,True,True,1.6075421399999996,1.4910452199999966,1.9036228886773077,1.91024537771292,1.326992575341884,0.0106431592679943,2,2,True,True,True,True,True,True
2024-08-12,Diurnally oscillating stratification,Diurnally oscillating stratification,Diurnally oscillating stratification,1.461622058472222,2.239501990000001,0.6508184799999981,1.1575234624999997,1.1521012850000005,1.5886835100000027,0.0,1.5473990660827264,2.4312804690103245,0.9276295484116952,0.9682115000982427,1.6605159409278807,0.0054795202845053,0.0089960907458811,0.007749771192195651,0.0055941239647388005,1.077244499981285,0.300725360451698,1.8950646487645053,1.5943392883128074,0.0,1.8745224166342855,1.2072843147195358,0.3532492904052924,1.9547250969052612,1.6014758064999688,0.0,1.930937074356716,1.309348552684905,0.4082527001178143,2.021329525821137,1.6130768257033228,0.0,1.9755656864932416,1.0423463141956284,0.3160037278641492,1.8070052999340136,1.4910015720698644,0.0,1.7930537012521914,1.1743077563140607,0.3820074557282985,1.859031239413789,1.4770237836854905,0.0,1.836426679088056,1.2797232880306075,0.448011183592443,1.9415338214380529,1.49352263784561,0.0,1.8800678007563716,2.8260725185416664,2.5008522650000025,3.060714724810048,0.01073201205798325,1.105455894006077,1.422213070403035,0.0,65,10.833333333333332,0.0,0.0,1.3535651355384617,1.3515597700000015,1.0601197300000038,1.7228132400000007,0.9276295484116952,1.2327856613554704,0.0054945828978891,0.007749771192195651,1.5499661842013033,1.6306344428604809,0.6389320514877906,1.881883971059348,0.0,1.6493347675596877,1.7921790974259522,0.8535315628132141,1.9354869472599985,0.0,1.7262397612224802,1.871230540550441,0.9907877432791492,1.982738327961189,0.0,1.4771082282404464,1.5549264971034942,0.5946007676051099,1.7981170703223763,0.0,1.5818709401841802,1.7661349736536058,0.8240315754986732,1.8408717716742449,0.0,1.6657621486643701,1.8103241315661407,0.9588684187384028,1.88778874967374,0.0,2.714316189999998,2.9663756971909443,0.0101373409001877,1.43938473682294,True,True,1.1060749100000002,1.0627885900000038,1.9327139006172505,1.9354869472599985,0.9276295484116952,0.0073930196930711,1,1,True,True,1.1521012850000005,1.0627885900000038,1.930937074356716,1.9354869472599985,0.9682115000982427,0.007749771192195651,2,2,True,True,True,True,True,True
2024-08-13,Diurnally oscillating stratification,Diurnally oscillating stratification,Diurnally oscillating stratification,0.5350798062500002,1.103398679999998,-0.022682440000004078,0.5862767324999982,0.5726558349999991,1.126081120000002,0.2013888888888889,0.5314126067556647,0.9353196193798852,0.4217322369209237,0.492006426744806,0.939224643255392,0.00195644436579145,0.0069494614779338,0.0039400055424469995,0.0069023489876570525,1.4880379862948538,0.3390996542043857,2.25,1.9109003457956142,0.16666666666666666,1.932208719936631,1.6516057255222665,0.4353554967593082,2.25,1.8146445032406917,0.2013888888888889,2.0111515721569715,1.805440578435147,0.5454382473845504,2.25,1.7045617526154495,0.2638888888888889,2.0845185990261106,1.4569206675336899,0.3666026448185046,2.25,1.8833973551814953,0.16666666666666666,1.837312275949496,1.6244341776099853,0.4832052896370091,2.25,1.7667947103629909,0.2013888888888889,1.9218665979044856,1.7809811299711389,0.5998079344555054,2.25,1.6501920655444946,0.2638888888888889,2.0121562097537415,2.3448177704861113,2.0191874600000013,2.337594552267419,0.01073201205798325,1.1392807796879534,1.5579930588272148,0.028769841269841286,65,10.833333333333332,0.0,0.0,0.46609820384615325,0.5532406199999969,-0.022682440000004078,1.103398679999998,-0.0039050238755068,0.492006426744806,4.711249027674707e-05,0.0039400055424469995,2.0407171936571595,1.938967695446528,1.86442866942788,2.25,0.3384615384615385,2.093162981280224,2.0211934899733066,1.928154879854384,2.25,0.36923076923076925,2.1303533726819888,2.08937760880045,1.975843998734229,2.25,0.4307692307692308,1.9846042748811286,1.8467635051298437,1.7878246013773402,2.25,0.3384615384615385,2.0390989825586647,1.93055607902639,1.833885594662947,2.25,0.36923076923076925,2.08326416394938,2.017342536842732,1.8799465879485504,2.25,0.4307692307692308,2.201988840000002,2.24074977157977,0.0101373409001877,1.5323101811599062,True,False,0.5261895999999986,0.37868032999999457,2.030015637378278,2.0876848445695217,0.4217322369209237,0.0033104032488422,1,1,True,True,0.5726558349999991,0.37868032999999457,2.0111515721569715,2.0876848445695217,0.492006426744806,0.0039400055424469995,2,2,True,True,True,True,True,True
2024-08-14,Diurnally oscillating stratification,Diurnally oscillating stratification,Diurnally oscillating stratification,0.5502133911805558,1.4999442800000011,-0.025443219999999656,0.00033106916666684566,0.0018581299999986811,1.5253875000000008,0.4027777777777778,0.6332868062579883,1.5487994719993974,-0.0047546885418047,0.0022640111581363,1.5559706574731706,0.00166949122230335,0.0051563074502683,3.753996617521698e-05,0.005134904820479137,1.1979941852966183,0.2928770548564567,2.25,1.9571229451435432,0.375,2.25,1.2985337207430154,0.3369750299751617,2.25,1.9130249700248383,0.4027777777777778,2.25,1.3995667439034536,0.3827057594005578,2.25,1.8672942405994422,0.4236111111111111,2.25,1.2020270695379756,0.3065994506683721,2.25,1.943400549331628,0.375,2.25,1.3121517333011485,0.3631989013367442,2.25,1.8868010986632557,0.4027777777777778,2.25,1.4173413031502773,0.4197983520051124,2.25,1.8302016479948877,0.4236111111111111,2.25,1.9057085184027782,1.6075421399999996,1.9842795699855078,0.00740364557810345,1.184771796979083,1.5788380253847922,0.08630952380952382,67,11.166666666666666,0.0,0.0,0.354001037910448,0.026389479999998855,-0.025443219999999656,1.435720830000001,-0.0071711854737732,0.0245655811513709,3.713192475980469e-05,0.0001720476263615,1.6311327295400153,2.25,0.2953450295561107,2.25,0.5373134328358209,1.7017317364811506,2.25,0.3420652817472895,2.25,0.5373134328358209,1.7773023069944442,2.25,0.390694590603785,2.25,0.5373134328358209,1.62037469778144,2.25,0.3105135650717257,2.25,0.5373134328358209,1.7012448124079356,2.25,0.3710271301434514,2.25,0.5373134328358209,1.7822659674556574,2.25,0.4315406952151728,2.25,0.5373134328358209,1.7681527100000025,1.8021642822246708,0.0099238941521318,1.552615035157697,False,False,-0.0024389649999996266,-0.020488239999998825,2.25,2.25,-0.0047546885418047,3.713192475980469e-05,1,1,False,False,0.0018581299999986811,-0.020488239999998825,2.25,2.25,0.0022640111581363,3.753996617521698e-05,2,2,False,False,True,True,False,False
2024-08-15,Diurnally oscillating stratification,Diurnally oscillating stratification,Diurnally oscillating stratification,0.7849471241666666,2.1283625999999956,-0.029990079999997477,-0.006500996666667665,-0.006010884999998467,2.158352679999993,0.3333333333333333,0.8478693521864057,2.079531255693619,-0.0086719616447099,-0.0079189917555314,2.0882032173383287,0.0028278127253143,0.0097746688547612,2.8444436276504866e-05,0.009746887482022475,1.0804304742723414,0.2728750774748257,2.25,1.9771249225251744,0.2986111111111111,2.25,1.1719096118923154,0.2960218885954311,2.25,1.953978111404569,0.3333333333333333,2.25,1.256183866966074,0.31950610574155,2.25,1.93049389425845,0.3958333333333333,2.25,1.0806998484130883,0.2815808291204354,2.25,1.9684191708795646,0.2986111111111111,2.25,1.1803905622953053,0.3131616582408708,2.25,1.9368383417591293,0.3333333333333333,2.25,1.2718285274268322,0.344742487361304,2.25,1.9052575126386961,0.3958333333333333,2.25,1.461622058472222,1.1521012850000005,1.5473990660827264,0.0054795202845053,1.184771796979083,1.6014758064999688,0.13392857142857145,66,11.0,0.0,0.0,0.5780355613636361,0.3161859499999977,-0.029990079999997477,1.8863584600000038,-0.0086719616447099,0.3131046629329884,2.7781372738724333e-05,0.0016247274602084,1.3971104607635347,1.8848142931712504,0.2778906092443817,2.25,0.36363636363636365,1.469837306656942,2.07725806651964,0.3062251139237433,2.25,0.3939393939393939,1.5256751755876223,2.227336015809069,0.3351185444099465,2.25,0.48484848484848486,1.3804313011102092,1.829801289350575,0.2879304931753831,2.25,0.36363636363636365,1.464653439656728,2.024472375903027,0.3258609863507662,2.25,0.3939393939393939,1.531434055772177,2.219143462455465,0.3637914795261466,2.25,0.48484848484848486,1.3515597700000015,1.2327856613554704,0.007749771192195651,1.7921790974259522,True,False,-0.011607624999996347,-0.029990079999997477,2.25,2.25,-0.0071660218663529,2.91074998142854e-05,1,1,False,False,-0.006010884999998467,-0.029990079999997477,2.25,2.25,-0.0079189917555314,2.8444436276504866e-05,2,2,False,False,True,True,False,False
2024-08-16,Diurnally oscillating stratification,Diurnally oscillating stratification,Diurnally oscillating stratification,0.7736748197222221,1.9151217400000036,-0.00913421999999997,0.0342109491666663,0.010700474999996601,1.9242559600000035,0.2638888888888889,0.8271254229573822,1.7607442126942434,0.0027587549246909,0.03142600082408655,1.7579854577695526,0.0025158098757977502,0.0075235293587054,0.0002414178307693719,0.007486261394132956,0.9714342654605433,0.2780854518427201,2.25,1.97191454815728,0.18055555555555555,2.25,1.101543748647532,0.3066130426741132,2.25,1.9433869573258868,0.2638888888888889,2.25,1.2064948884289282,0.3357044434817064,2.25,1.9142955565182935,0.3263888888888889,2.25,0.973139989576372,0.2884355480482907,2.25,1.9615644519517093,0.18055555555555555,2.25,1.115240246757146,0.3268710960965814,2.25,1.9231289039034185,0.2638888888888889,2.25,1.2267125407612336,0.3653066441448693,2.25,1.8846933558551306,0.3263888888888889,2.25,0.7849471241666666,0.5726558349999991,0.8478693521864057,0.0028278127253143,1.184771796979083,1.8146445032406917,0.17162698412698416,67,11.166666666666666,0.0,0.0,0.6913226902985071,0.5003911199999962,-0.00792947000000055,1.8221070700000013,0.0027587549246909,0.6743269485813724,3.72679645724438e-05,0.0015841135252135,1.18715873458461,1.0231357014399098,0.2797614483235979,2.25,0.14925373134328357,1.3012823431882612,1.2162878934225358,0.3100286328485227,2.25,0.26865671641791045,1.4056146735310193,1.5508332762962678,0.3409473523814869,2.25,0.34328358208955223,1.1719962537094946,0.98590973572571,0.2906607270560875,2.25,0.14925373134328357,1.3057411585915282,1.2203805943112973,0.3313214541121749,2.25,0.26865671641791045,1.4181853630440613,1.559471670922845,0.3719821811682595,2.25,0.34328358208955223,0.5532406199999969,0.6743269485813724,0.0039400055424469995,1.7921790974259522,True,False,0.0024778600000026074,-0.00792947000000055,2.25,2.25,0.0027587549246909,3.72679645724438e-05,1,1,False,False,0.010700474999996601,-0.00792947000000055,2.25,2.25,0.03142600082408655,0.0002414178307693719,2,2,False,False,True,True,False,False
2024-08-17,Diurnally oscillating stratification,Diurnally oscillating stratification,Diurnally oscillating stratification,0.9537807829166667,2.0300727999999992,0.032273110000005545,0.2572354341666679,0.2683540000000022,1.9977996899999937,0.125,0.9944745231452661,1.9647221300592608,0.1727490755250361,0.2119169031155917,1.8975905284834336,0.0029111331276005003,0.0082695166597544,0.0016267740261224,0.0078600571065008,0.8589731527189787,0.277052018007361,2.25,1.972947981992639,0.0625,2.016660186010623,1.0008135237583504,0.3044911916554995,2.25,1.9455088083445005,0.125,2.1606858215230584,1.1192168077365956,0.3324326397393925,2.25,1.9175673602606076,0.20833333333333334,2.25,0.8541911766067626,0.2874980826292904,2.25,1.9625019173707097,0.0625,1.926382638020173,1.0118258417289037,0.3249961652585809,2.25,1.9250038347414191,0.125,2.1188249766476837,1.1382309583030896,0.3624942478878686,2.25,1.8875057521121315,0.20833333333333334,2.25,0.7849471241666666,0.2683540000000022,0.8478693521864057,0.0028278127253143,1.184771796979083,1.9130249700248383,0.189484126984127,67,11.166666666666666,0.0,0.0,1.0091201346268657,0.690998300000004,0.0993241299999994,2.0300727999999992,0.1727490755250361,0.9078803675319072,0.0013972099480307,0.0020286004634173,0.9751014249130617,0.9476446778112232,0.277052018007361,2.25,0.014925373134328358,1.0920712305493676,1.0693203538597986,0.3044911916554995,2.25,0.014925373134328358,1.206905315713317,1.213247387463523,0.3324326397393925,2.25,0.13432835820895522,0.9514340542058607,0.8998926387381141,0.2874980826292904,2.25,0.014925373134328358,1.0915074723278348,1.0623814948461396,0.3249961652585809,2.25,0.014925373134328358,1.2193155380450544,1.2248703509541536,0.3624942478878686,2.25,0.13432835820895522,0.5532406199999969,0.6743269485813724,0.0020286004634173,1.7921790974259522,True,False,0.2308042549999989,0.0993241299999994,2.2070402320123,2.25,0.1727490755250361,0.0013972099480307,1,1,True,False,0.2683540000000022,0.0993241299999994,2.1606858215230584,2.25,0.2119169031155917,0.0016267740261224,2,2,True,False,True,True,True,True
2024-08-18,Diurnally oscillating stratification,Diurnally oscillating stratification,Diurnally oscillating stratification,0.8329086299999998,1.5891688699999946,0.36393868000000396,0.6644921750000018,0.6618021200000044,1.2252301899999907,0.0,0.9173352100679355,1.6362117277131396,0.7350175793842689,0.8071140832029431,1.3238492028359008,0.0026333520618726,0.0044963072917751,0.0021172603133907,0.0023978455530850006,1.0771341138161494,0.2994506643501038,1.9837838261044771,1.6843331617543733,0.0,1.155921459962534,1.2512584511355271,0.3505883587633381,2.0933340039422843,1.7427456451789463,0.0,1.4387161009570049,1.4073685487275946,0.404121608547529,2.1906316396632106,1.7865100311156816,0.0,1.6816159185651052,1.043327333964669,0.3157182204331337,1.8885887062238809,1.5728704857907472,0.0,1.1320356871942716,1.2340612329701544,0.3814364408662673,2.0230918230625705,1.6416553821963031,0.0,1.4164219915320626,1.39662579600229,0.4471546612993963,2.1615022195214264,1.71434755822203,0.0,1.6686885102345395,0.7849471241666666,0.2683540000000022,0.8478693521864057,0.0026333520618726,1.2072843147195358,1.9130249700248383,0.189484126984127,69,11.5,0.0,0.0,0.7052045328985507,0.6471515799999992,0.36393868000000396,1.2766057099999983,0.3123625248772388,0.6922309666736227,0.0020984617386901,0.0027493112328845,1.347836743186014,1.4790342629681328,0.34081108375049,1.9837838261044771,0.0,1.4820654113512384,1.6327675557122,0.4363383055739717,2.0933340039422843,0.0,1.60947141085246,1.785374909545581,0.5381707013454402,2.1906316396632106,0.0,1.2887207228852546,1.4039606977679575,0.353575902088624,1.8885887062238809,0.0,1.44264562859428,1.59877348015152,0.4571518041772481,2.0230918230625705,0.0,1.585431120340286,1.7786723363710697,0.5607277062658648,2.1615022195214264,0.0,0.5532406199999969,0.6743269485813724,0.0020286004634173,1.7921790974259522,True,True,0.5870921250000016,0.5503778599999976,1.6620202030205045,1.7154994072907923,0.6089813152231842,0.0022081380990016,1,1,True,True,0.6377727799999988,0.5503778599999976,1.5789347404549603,1.7154994072907923,0.6719994473037265,0.00217209849354645,2,2,True,True,True,True,True,True
2024-08-19,Diurnally oscillating stratification,Diurnally oscillating stratification,Diurnally oscillating stratification,0.23813483500000007,0.5458847200000037,-0.009745190000003845,0.04467394166666653,0.031238389999998617,0.5556299100000075,0.4722222222222222,0.24605465762353942,0.540153058261973,0.0109307975836285,0.03824340892974045,0.537870146837225,0.00093416353958465,0.0021221114012269,0.0002857604017856359,0.00208693093180744,1.4995472597499657,0.3590874557509115,2.25,1.8909125442490886,0.2916666666666667,2.25,1.7017924704748237,0.4810402948898831,2.25,1.768959705110117,0.4722222222222222,2.25,1.947178183349763,0.6387630924312165,2.25,1.6112369075687836,0.5763888888888888,2.25,1.492229610905138,0.3956784092010945,2.25,1.8543215907989055,0.2916666666666667,2.25,1.7089558320504388,0.5413568184021891,2.25,1.708643181597811,0.4722222222222222,2.25,1.9478888173808633,0.6870352276032733,2.25,1.5629647723967266,0.5763888888888888,2.25,0.7736748197222221,0.031238389999998617,0.8271254229573822,0.0025158098757977502,1.2512584511355271,1.9130249700248383,0.2569444444444445,68,11.333333333333332,0.0,0.0,0.14506293720588234,0.13609924000000007,-0.009745190000003845,0.3683110400000018,0.002282911424748,0.0703737107028393,3.518046941945998e-05,0.0006143202425272,2.0986415619338707,2.162518234009364,1.174445677828393,2.25,0.38235294117647056,2.2068559835968506,2.25,1.8536445288381964,2.25,0.7205882352941176,2.2469953827351525,2.25,2.1868198304452804,2.25,0.8970588235294118,2.0663770272908732,2.11948115939051,1.182215654060163,2.25,0.38235294117647056,2.1961733127614944,2.25,1.8342666931038327,2.25,0.7205882352941176,2.245596306325151,2.25,2.1559375096388087,2.25,0.8970588235294118,0.5003911199999962,0.492006426744806,0.0016247274602084,2.0211934899733066,False,False,0.003711899999998991,-0.004275440000000685,2.25,2.25,0.002282911424748,3.518046941945998e-05,1,1,False,False,0.010003189999999051,-0.004275440000000685,2.25,2.25,0.006606854504188251,5.38072269878659e-05,2,2,False,False,True,True,False,False
2024-08-20,Diurnally oscillating stratification,Diurnally oscillating stratification,Diurnally oscillating stratification,0.8952159006249999,2.18230406,-0.03982356000000209,0.002888511666665039,0.004277984999998097,2.222127620000002,0.3888888888888889,0.9026119336556327,2.0924144778097613,0.0011006867063745,0.00395247845800985,2.1006425193431424,0.00338053551889165,0.0096286715274203,2.7404046150974393e-05,0.009614012860251651,1.0408764311052787,0.2735142443111921,2.25,1.9764857556888078,0.3611111111111111,2.25,1.1212047211771188,0.2973271861838679,2.25,1.952672813816132,0.3888888888888889,2.25,1.1923860032651779,0.3215073939964521,2.25,1.9284926060035479,0.4236111111111111,2.25,1.0524321739771851,0.2821879214284087,2.25,1.9678120785715913,0.3611111111111111,2.25,1.136993499256548,0.3143758428568174,2.25,1.9356241571431827,0.3888888888888889,2.25,1.2124521580824745,0.3465637642852239,2.25,1.903436235714776,0.4236111111111111,2.25,0.7849471241666666,0.010700474999996601,0.8478693521864057,0.0026333520618726,1.1719096118923154,1.9433869573258868,0.2837301587301587,67,11.166666666666666,0.0,0.0,0.8933738867164176,0.014043880000002673,-0.03982356000000209,2.18230406,-0.0082280415333809,0.0083006522826717,1.465866716864871e-05,7.224974233209748e-05,1.3379244094676892,2.25,0.2735142443111921,2.25,0.5373134328358209,1.3514543507029646,2.25,0.2973271861838679,2.25,0.5373134328358209,1.3652747538390853,2.25,0.3215073939964521,2.25,0.5373134328358209,1.3424840826786626,2.25,0.2821879214284087,2.25,0.5373134328358209,1.3603412996856834,2.25,0.3143758428568174,2.25,0.5373134328358209,1.3781985166927029,2.25,0.3465637642852239,2.25,0.5373134328358209,0.3161859499999977,0.3131046629329884,0.0015841135252135,2.07725806651964,False,False,0.0024646899999964944,-0.0057858700000039676,2.25,2.25,0.0011006867063745,2.8958888439619697e-05,1,1,False,False,0.004277984999998097,-0.0057858700000039676,2.25,2.25,0.00395247845800985,2.7404046150974393e-05,2,2,False,False,True,True,False,False
2024-08-21,Diurnally oscillating stratification,Diurnally oscillating stratification,Diurnally oscillating stratification,1.2538820199999998,2.568616740000003,0.3110474200000013,0.5657680174999994,0.5565962199999959,2.2575693200000018,0.0,1.5051432651741676,3.308699882010025,0.6712609435400211,0.7831368324467163,2.937961304415417,0.003475586490447,0.0085294400415231,0.00188044732612125,0.0074903271404674005,0.6388688411899349,0.2776744831374804,1.6844117512109895,1.406737268073509,0.0,0.9831363857312683,0.7746790855762045,0.3057949110122743,1.9725151037831852,1.666720192770911,0.0,1.120447715616367,0.9095098224449352,0.3344684748718546,2.222017327918375,1.8875488530465203,0.0,1.328534049556365,0.6248245240353847,0.2873255586284946,1.660244777375159,1.3729192187466643,0.0,0.9371720060401627,0.7723501377935014,0.3246511172569892,1.9335329832303343,1.608881865973345,0.0,1.118459838452235,0.9147586404534285,0.3619766758854812,2.2177762659388573,1.8557995900533761,0.0,1.343668654851816,0.8329086299999998,0.031238389999998617,0.9026119336556327,0.0028278127253143,1.1212047211771188,1.9433869573258868,0.22619047619047622,70,11.666666666666666,0.0,0.0,1.3257477146874996,1.2427313150000003,0.37731604000000374,2.568616740000003,0.5079374346451137,1.3250697158705829,0.001479353758567,0.003475586490447,0.6728125182865949,0.6736571588141385,0.2825279724394993,1.4986527843198103,0.0,0.7710770282091052,0.8042088858763108,0.3157157846666225,1.6613826738746404,0.0,0.8717727964396806,0.8920941494816734,0.3497234085934578,1.932875016397725,0.0,0.6372101714529972,0.6335703412270789,0.2928756786255231,1.4523022727403867,0.0,0.7488563495328089,0.7781697659340618,0.3357513572510462,1.664368609805074,0.0,0.86143756099527,0.8414785973208003,0.3786270358765663,1.96769384220467,0.0,0.5003911199999962,0.6743269485813724,0.0016247274602084,1.6327675557122,True,True,0.4626347250000009,0.39738174000000015,1.5086996278375098,1.6211521501050492,0.5079374346451137,0.001479353758567,1,1,True,True,0.517357295,0.39738174000000015,1.1808756360970234,1.6211521501050492,0.5895991890925674,0.0014843003746191,2,2,True,True,True,True,True,True
2024-08-22,Diurnally oscillating stratification,Diurnally oscillating stratification,Diurnally oscillating stratification,2.0450180394444444,4.040395680000003,0.526989289999996,0.7846574991666669,0.7848693550000014,3.513406390000007,0.0,2.5882254741466397,4.675784158555,0.947462311128293,1.046646658169203,3.948725799452003,0.0053804727939472,0.0119232476061566,0.0032035186969776,0.0100161699307048,0.692705857489615,0.2723759817953957,1.5035556813310813,1.2311796995356856,0.0,1.402628516420438,0.7786662854436934,0.2950145600454859,1.6152088616597535,1.3201943016142677,0.0,1.4858849996058816,0.8588030994761338,0.3179365135224618,1.7519877057954911,1.4340511922730292,0.0,1.5560395186468314,0.6654785849165515,0.2765340459670509,1.4463421498048514,1.1698081038378005,0.0,1.3391842380164993,0.7588769143692627,0.3030680919341018,1.5935976503794576,1.2905295584453558,0.0,1.4404609469565925,0.8484027479263121,0.3296021379011509,1.75207410240418,1.422471964503029,0.0,1.5356869789899439,0.8952159006249999,0.2683540000000022,0.9173352100679355,0.0029111331276005003,1.101543748647532,1.768959705110117,0.17857142857142858,67,11.166666666666666,0.0,0.0,1.8579805504477611,1.4774734199999955,0.6548414700000009,3.4891328500000043,0.947462311128293,2.147669469823121,0.002848806290897,0.0049752496797581,0.8199244908326482,0.8729897449590265,0.2873840663477838,1.4675771946274547,0.0,0.9008676965866833,0.9367769157727251,0.3250289232401284,1.5589124720955163,0.0,0.9703665992779961,0.9902659257056744,0.3629434718979862,1.6512279936092709,0.0,0.7710417110006302,0.810885503585485,0.2891343261638834,1.4095671344075764,0.0,0.8577223002182734,0.8771688079466078,0.3282686523277669,1.5293526579485377,0.0,0.9391824638404014,0.943452112307726,0.3674029784916476,1.6491381814894903,0.0,0.6471515799999992,0.6922309666736227,0.0020286004634173,1.2162878934225358,True,True,0.7295697399999987,0.6548414700000009,1.5000656361072904,1.5589124720955163,0.947462311128293,0.0029821789143918,1,1,True,True,0.7848693550000014,0.6548414700000009,1.4858849996058816,1.5589124720955163,1.046646658169203,0.0032035186969776,2,2,True,True,True,True,True,True
2024-08-23,Diurnally oscillating stratification,Diurnally oscillating stratification,Diurnally oscillating stratification,2.4579477292361114,4.377192029999996,1.139620579999999,1.4306746541666666,1.4577030999999998,3.2375714499999972,0.0,3.251468270254794,5.242247963700338,1.8902729113739152,1.9851131253424916,3.6932382888424398,0.00583265433486985,0.011371557277782,0.004441295806097751,0.0071385364996139995,0.6577698576178154,0.2726263024102538,1.3729662688303277,1.100339966420074,0.0,0.9518884007195811,0.7410862111380285,0.2955256644698547,1.433619651554305,1.1380939870844502,0.0,1.0593660406052998,0.8104256356434882,0.3187207247761879,1.4886378465460084,1.1699171217698205,0.0,1.1556795832020272,0.625170458564387,0.2769635984410514,1.3126492054489929,1.0356856070079414,0.0,0.8703795834592781,0.7112369486225167,0.3039271968821029,1.3766309588766246,1.0727037619945217,0.0,0.9972689224699611,0.7859096425868187,0.3308907953231524,1.4418056208684629,1.1109148255453105,0.0,1.1257680797122314,0.9537807829166667,0.5565962199999959,0.9944745231452661,0.00338053551889165,1.0008135237583504,1.7427456451789463,0.1408730158730159,68,11.333333333333332,0.0,0.0,2.327656661617647,2.049347664999999,1.3109279899999962,3.9203228300000035,1.8902729113739152,2.9394679418071683,0.004233020778168,0.0064732417555207,0.7642218930033994,0.8683773043084524,0.2889206837332335,1.3080666191084285,0.0,0.8376639359999408,0.9246436267506539,0.3279263975928541,1.3802759052592837,0.0,0.8992826741863844,0.971655780221901,0.3670179968385914,1.43267156815666,0.0,0.706388331281456,0.8031413453151639,0.2894356540224581,1.2707329369714693,0.0,0.782962910678695,0.8567833023446726,0.3288713080449162,1.3275542316926274,0.0,0.854095777993385,0.9085075530232322,0.3683069620673716,1.3843755264137816,0.0,0.690998300000004,0.9078803675319072,0.0027493112328845,1.0693203538597986,True,True,1.3747895700000008,1.3109279899999962,1.133960296209267,1.3802759052592837,1.8902729113739152,0.004594262679485,1,1,True,True,1.4577030999999998,1.3109279899999962,1.0593660406052998,1.3802759052592837,1.9851131253424916,0.004441295806097751,2,2,True,True,True,True,True,True
2024-08-24,Diurnally oscillating stratification,Diurnally oscillating stratification,Diurnally oscillating stratification,1.9075586065277779,2.6243128099999993,1.3205072599999994,1.537921450833333,1.5392644349999998,1.3038055499999999,0.0,2.5329265558795493,3.3845849926591858,1.969863158670403,2.0588689378589726,1.6534611757741573,0.0057525735718303005,0.0074257020484988,0.0065322921144844,0.0022481971728457,0.9228682799407562,0.312380058246373,1.3994096542366872,1.0870295959903142,0.0,1.3567097247194546,1.0239527691130184,0.3770239062859544,1.4586064483685788,1.0815825420826244,0.0,1.4112459700276774,1.1081879362944105,0.4444823318655599,1.510181577813542,1.065699245947982,0.0,1.4556898535179696,0.8737241029098922,0.3229642776819624,1.3307058856752307,1.0077416079932684,0.0,1.2967689012288928,0.9800996197605654,0.3959285553639249,1.3951795161860108,0.9992509608220859,0.0,1.3485133886892176,1.0724358011100807,0.4688928330458821,1.4596531466967864,0.9907603136509042,0.0,1.4001877733692567,1.2538820199999998,0.6618021200000044,1.5051432651741676,0.003475586490447,1.0239527691130184,1.666720192770911,0.12301587301587302,68,11.333333333333332,0.0,0.0,1.7155522080882353,1.671474645,1.3595459200000022,2.337352690000003,1.8066030891699965,2.2255737656965917,0.0054127844550252,0.006145241143078101,1.1768480583325462,1.315465237785567,0.8753460286376625,1.3885396025512449,0.0,1.2566358939319406,1.3789104821858515,0.9369042227557528,1.4489779960619076,0.0,1.3205926258121705,1.4237593035631566,0.9876342920062188,1.5007181925012238,0.0,1.1075429029627062,1.2730760348415886,0.8048631761395515,1.3209718532807564,0.0,1.1959929718132238,1.3225153993257743,0.8627325505404815,1.3846022593757357,0.0,1.2727741844981673,1.3680967608800798,0.9206019249414072,1.4482326654707107,0.0,1.2427313150000003,1.3250697158705829,0.003475586490447,1.3789104821858515,True,True,1.4612607050000008,1.4329912500000006,1.4175872048422833,1.423156487554141,1.8193385738116277,0.0056400462591622,1,1,True,True,1.5051015349999979,1.4329912500000006,1.4129886595624517,1.423156487554141,1.8946008662410154,0.005920177143765399,2,2,True,True,True,True,True,True
2024-08-25,Diurnally oscillating stratification,Diurnally oscillating stratification,Diurnally oscillating stratification,2.0157515627777776,4.048258789999998,0.6936360199999996,0.9308452633333335,0.9256100150000002,3.354622769999999,0.0,2.4390116071727745,4.634751025245994,0.8505650322077544,0.9660746815862844,3.9624592801203034,0.00484715802325305,0.0109522101038506,0.00421089326627125,0.0072588443929421,0.8511601975171813,0.273776334680573,1.8913515777685757,1.6175752430880026,0.0,1.498471728721996,0.9482235426716564,0.2978625250863373,1.9725839779263,1.6747214528399625,0.0,1.6344233921197917,1.0300447087946114,0.3222871879004901,2.038797742924744,1.716510555024254,0.0,1.7592513530314244,0.8178254183427895,0.2785549138777805,1.8058706218895904,1.5273157080118098,0.0,1.4130190516698713,0.9176937909437366,0.307109827755561,1.880685721234542,1.573575893478981,0.0,1.588697495124129,1.0050196202778774,0.3356647416333396,1.9555008205794884,1.6198360789461488,0.0,1.7515501756539957,1.9075586065277779,0.7848693550000014,2.4390116071727745,0.00484715802325305,0.9482235426716564,1.666720192770911,0.12301587301587302,69,11.5,0.0,0.0,1.8347160210144928,1.348258659999999,0.8314205999999942,3.485219579999999,0.8505650322077544,1.6565001888036652,0.0038381899401997,0.0047362097141616,1.0410868500950552,1.3797071629908564,0.2881954769723931,1.8913515777685757,0.0,1.1270402557709627,1.4453433966888445,0.326739341233159,1.957124233674783,0.0,1.1975181254344132,1.498687699365303,0.3656475935263326,2.009983026194192,0.0,0.9776652882979654,1.3130433464458713,0.2905403789268685,1.8047255158663364,0.0,1.0732867293702797,1.3800589271928705,0.331080757853737,1.8613834291875715,0.0,1.156607408920824,1.4454466928594354,0.3716211367806026,1.918041342508802,0.0,1.348258659999999,1.6565001888036652,0.0047362097141616,1.3789104821858515,True,True,0.8907550749999977,0.8314205999999942,1.7356655575161957,1.957124233674783,0.8505650322077544,0.0045835965923428,1,1,True,True,0.9256100150000002,0.8314205999999942,1.6344233921197917,1.957124233674783,0.9660746815862844,0.00421089326627125,2,2,True,True,True,True,True,True
2024-08-26,Diurnally oscillating stratification,Diurnally oscillating stratification,Diurnally oscillating stratification,2.001244152013889,3.1946041600000044,0.991936299999999,1.300968354166665,1.2911518399999977,2.2026678600000054,0.0,2.624912456908271,3.966045445075835,1.6180894462148234,1.7090097923527352,2.658862303003998,0.005162517786288,0.007110534660634,0.00498974684772395,0.0035166936622258995,0.7851516896504851,0.2894578383206722,1.432014262353574,1.142556424032902,0.0,1.3520030908398852,0.8836139162485552,0.3298294537808265,1.512637555164996,1.1828081013841696,0.0,1.417399560519509,0.9664169262095107,0.3712675017354728,1.585296935967906,1.2140294342324334,0.0,1.4723706612379264,0.7431236619903198,0.2974685812580945,1.3595774850460705,1.0621089037879758,0.0,1.2962551304220362,0.8455856181097432,0.3449371625161889,1.455283561120496,1.1103463986043072,0.0,1.3576312198092575,0.9386707987278895,0.39240574377428,1.5509896371949146,1.1585838934206345,0.0,1.423825651815716,2.001244152013889,0.9256100150000002,2.5329265558795493,0.005162517786288,0.8836139162485552,1.3201943016142677,0.05555555555555557,69,11.5,0.0,0.0,1.797145253333333,1.7759460199999992,1.121465040000004,2.644495599999999,1.4131691504659318,2.439472853797101,0.0040777165296454,0.005162517786288,0.9969198554059869,0.9284374250771964,0.4958981050638365,1.4241568267156464,0.0,1.0830124055155137,1.015910892110935,0.6194234466332444,1.4885879236311106,0.0,1.1538507906253934,1.097847766262576,0.7270328596175556,1.5466660956124485,0.0,0.925874759360774,0.8488514727943612,0.4052881596971021,1.355704197732437,0.0,1.019689871332604,0.9491370102107684,0.5605763193942042,1.4313541190671109,0.0,1.107741964860602,1.055113229655804,0.7158644790912952,1.507004040401779,0.0,1.4774734199999955,2.147669469823121,0.0049752496797581,1.015910892110935,True,True,1.2018708999999959,1.121465040000004,1.443821896860339,1.4885879236311106,1.4131691504659318,0.0040777165296454,1,1,True,True,1.269581609999996,1.121465040000004,1.4293993448416238,1.4885879236311106,1.5156292983403776,0.0044356906131573,2,2,True,True,True,True,True,True
2024-08-27,Diurnally oscillating stratification,Diurnally oscillating stratification,Diurnally oscillating stratification,0.655628790347222,1.6660379399999954,-0.03695145999999738,1.0819415550000002,1.0642717049999995,1.7029893999999928,0.2847222222222222,0.8189622760578654,2.208100634401235,1.1995403219761676,1.3289490748163084,2.2194933271583204,0.0021197789229166998,0.0064017287283599,0.00387926844763145,0.0063169997624545685,1.50462879347665,0.4129130596750773,2.25,1.8370869403249226,0.2222222222222222,1.4102349308356041,1.634679565398972,0.5627868849016318,2.25,1.6872131150983682,0.2847222222222222,1.493666403159266,1.7359490825921209,0.7032817509242509,2.25,1.5467182490757492,0.3333333333333333,1.5608251567605917,1.4654096510732046,0.3994850851704757,2.25,1.8505149148295243,0.2222222222222222,1.3405682725202968,1.6081469508590196,0.5489701703409514,2.25,1.7010298296590487,0.2847222222222222,1.4330535699755835,1.7173391421905457,0.6984552555114165,2.25,1.5515447444885835,0.3333333333333333,1.520590922932393,2.001244152013889,1.0642717049999995,2.5329265558795493,0.005162517786288,0.8836139162485552,1.3201943016142677,0.04067460317460319,73,12.166666666666666,0.0,0.0,0.7600474645205474,0.866525959999997,-0.03695145999999738,1.6660379399999954,-0.0113926927570854,1.0246383608479388,8.472896590533176e-05,0.0038717840276046,1.7054705328944917,1.47135620867516,1.0413240699338235,2.25,0.3013698630136986,1.7846039766933766,1.638075957455994,1.1828746858865198,2.25,0.3698630136986301,1.8398810408959434,1.798679812509089,1.2979530660371492,2.25,0.3972602739726027,1.6626775591588494,1.4152516292939308,0.9520296239394356,2.25,0.3013698630136986,1.7540554804998325,1.631533397466354,1.1476937461246397,2.25,0.3698630136986301,1.8149074860151653,1.781670409880136,1.2775572775088235,2.25,0.3972602739726027,1.4774734199999955,2.147669469823121,0.0049752496797581,1.015910892110935,True,False,0.8563799199999984,0.8244564000000025,1.7167772394476355,1.8473261510587369,0.8497363997197102,0.0041307463109289,1,1,True,True,0.9232372949999998,0.8244564000000025,1.5770609723731372,1.8473261510587369,1.0246383608479388,0.0038717840276046,2,2,True,True,True,True,True,True
2024-08-28,Transition/unclassified,Transition/unclassified,Transition/unclassified,0.008751290277778039,0.05487761000000191,-0.0463864799999989,0.0025046075000011805,0.007117374999996429,0.1012640900000008,1.0,0.011474829458043604,0.038344415984397,-0.0036784433685343,0.0019136379181648002,0.048078202779429605,5.561352260376126e-05,0.0001234404259849,4.665966207513792e-05,8.444576834316109e-05,2.25,2.25,2.25,0.0,1.0,2.25,2.25,2.25,2.25,0.0,1.0,2.25,2.25,2.25,2.25,0.0,1.0,2.25,2.25,2.25,2.25,0.0,1.0,2.25,2.25,2.25,2.25,0.0,1.0,2.25,2.25,2.25,2.25,0.0,1.0,2.25,2.001244152013889,1.0642717049999995,2.5329265558795493,0.005162517786288,0.9482235426716564,1.1828081013841696,0.18353174603174605,73,12.166666666666666,0.0,0.0,0.005681625753425026,0.006763029999998338,-0.027261269999996784,0.03553928000000184,-0.0036784433685343,0.006817809288420899,3.899465764173891e-05,5.4555208511183155e-05,2.25,2.25,2.25,2.25,1.0,2.25,2.25,2.25,2.25,1.0,2.25,2.25,2.25,2.25,1.0,2.25,2.25,2.25,2.25,1.0,2.25,2.25,2.25,2.25,1.0,2.25,2.25,2.25,2.25,1.0,1.4774734199999955,2.147669469823121,0.0049752496797581,1.3789104821858515,False,False,0.0175345999999994,-0.027261269999996784,2.25,2.25,0.0184638205272346,0.0001029859787617,1,1,False,False,0.01692861499999765,-0.027261269999996784,2.25,2.25,0.01298476986604925,7.865532263511846e-05,2,2,False,False,True,True,False,False
2024-08-29,Diurnally oscillating stratification,Diurnally oscillating stratification,Diurnally oscillating stratification,0.7210049390972224,1.893666630000002,-0.05457556999999724,0.0036255183333340213,0.007879494999999181,1.9482421999999993,0.3888888888888889,0.8805177517536699,2.108351598875799,0.0038257526306463,0.00543883456429255,2.1186035844542945,0.00238692679140205,0.0061507030186166,4.1952870069926955e-05,0.006116285698310074,1.1633736607446592,0.2858000178348311,2.25,1.964199982165169,0.3611111111111111,2.25,1.2495925747854406,0.3223971823046476,2.25,1.9276028176953524,0.3888888888888889,2.25,1.31936701549573,0.3599393395613347,2.25,1.8900606604386652,0.4027777777777778,2.25,1.1550639605709923,0.2945327106520353,2.25,1.9554672893479648,0.3611111111111111,2.25,1.24700744248448,0.3390654213040706,2.25,1.9109345786959295,0.3888888888888889,2.25,1.321862155326151,0.3835981319561027,2.25,1.8664018680438974,0.4027777777777778,2.25,1.9075586065277779,1.0642717049999995,2.4390116071727745,0.00484715802325305,1.0239527691130184,1.1828081013841696,0.2390873015873016,70,11.666666666666666,0.0,0.0,0.4227477968571432,0.01970664500000119,-0.05457556999999724,1.4227501999999994,-0.0102519855784955,0.0095374544541008,3.441732030652628e-05,6.00704746706792e-05,1.5994973964263584,2.25,0.4045366124679563,2.25,0.5428571428571428,1.6432922000800378,2.25,0.5266500784622713,2.25,0.5428571428571428,1.6816254529380517,2.25,0.6337753271757455,2.25,0.5428571428571428,1.574281243203619,2.25,0.3694356170243437,2.25,0.5428571428571428,1.626268047492508,2.25,0.4888712340486874,2.25,0.5428571428571428,1.67357859132559,2.25,0.608306851073027,2.25,0.5428571428571428,1.348258659999999,1.6565001888036652,0.0047362097141616,1.4453433966888445,False,False,0.003969759999998601,-0.014703259999997442,2.25,2.25,0.0089073497724488,4.62931372894332e-05,1,1,False,False,0.007086120000000307,-0.03862428000000051,2.25,2.25,0.0079796331351938,4.789077856138041e-05,2,2,False,False,True,True,False,False
2024-08-30,Diurnally oscillating stratification,Diurnally oscillating stratification,Diurnally oscillating stratification,1.5239818140277779,3.687321520000001,0.010751799999997758,0.15527542333333363,0.14931100000000086,3.6765697200000034,0.19444444444444445,1.7954503798524257,3.926212953025191,0.127571585404071,0.1779324121374744,3.895786175897879,0.0046908530848593,0.0124602483227242,0.00066213714253465,0.0123069915357614,0.8527170183891358,0.2681927325801319,2.25,1.9818072674198681,0.1111111111111111,1.8637688560258865,0.9821445869775756,0.2865763608399865,2.25,1.9634236391600135,0.19444444444444445,2.25,1.0837881316136864,0.3051679012410836,2.25,1.9448320987589165,0.2708333333333333,2.25,0.8449839676749423,0.2727169414753254,2.25,1.9772830585246746,0.1111111111111111,1.878322088758094,0.9860275367124074,0.2954338829506507,2.25,1.9545661170493493,0.19444444444444445,2.25,1.0927485947600797,0.3181508244259745,2.25,1.9318491755740255,0.2708333333333333,2.25,1.5239818140277779,0.9256100150000002,1.7954503798524257,0.0046908530848593,1.0239527691130184,1.6747214528399625,0.26686507936507936,71,11.833333333333332,0.0,0.0,1.3603855543661976,0.5044596800000001,0.07834884000000031,3.501917940000002,0.0618014584705654,0.639525833030983,0.000371995831497,0.00157586451211135,0.996114096909564,1.030842850970895,0.2714466322218378,2.25,0.028169014084507043,1.1516702549427782,1.2034814718303597,0.2931445574649496,2.25,0.16901408450704225,1.281841113895924,1.4094450546379067,0.3151148019277951,2.25,0.29577464788732394,0.9728013254840018,0.975858197081567,0.2758132751107001,2.25,0.028169014084507043,1.1487796516344713,1.1999465125807456,0.3016265502214001,2.25,0.16901408450704225,1.2857380176741557,1.4300668462982302,0.3274398253320983,2.25,0.29577464788732394,0.866525959999997,1.0246383608479388,0.0038717840276046,1.4453433966888445,True,False,0.11276528000000141,0.07834884000000031,2.25,2.25,0.0618014584705654,0.000371995831497,1,1,False,False,0.13977637999999892,0.07834884000000031,2.25,2.25,0.09468652193731819,0.00047302225634090003,2,2,False,False,True,True,False,False
2024-08-31,Diurnally oscillating stratification,Diurnally oscillating stratification,Diurnally oscillating stratification,2.269777095,4.179650729999999,0.9593483099999993,1.1501399975,1.1508248749999996,3.2203024199999994,0.0,3.0223735470276787,4.8657685747967925,1.609645233452208,1.6905505273004422,3.4731881256764963,0.006779847454678399,0.0110936761678394,0.00405984344523025,0.00841232603331,0.5771130953952781,0.2736608382264725,0.9647578913636348,0.6910970531371623,0.0,0.8921194931933141,0.6509727692862886,0.2975459756132039,1.0613773305311234,0.7638313549179194,0.0,0.9590396549655043,0.7126006671077468,0.321667461996985,1.1626468780254755,0.8409794160284905,0.0,1.0193390058816436,0.540465733649756,0.276529969125961,0.8946388467572581,0.6181088776312971,0.0,0.8273577307274653,0.618118784762185,0.3030599382519221,1.0120425759927911,0.708982637740869,0.0,0.9019802061012079,0.687010757800752,0.3295899073778812,1.143718393087365,0.8141284857094837,0.0,0.9796133289944984,1.5239818140277779,0.9256100150000002,1.7954503798524257,0.0046908530848593,0.9821445869775756,1.6747214528399625,0.26686507936507936,72,12.0,0.0,0.0,2.1205588574999994,1.8027792900000001,1.003814649999999,3.7761488399999976,1.4492998381089022,2.551641591397366,0.0029756132365303,0.007410979370741351,0.6849470406531396,0.8374161102895759,0.2836041243085574,0.9180354904599048,0.0,0.7536799272367332,0.8820725682906618,0.3173787455661996,1.0022150557625074,0.0,0.8082100184797006,0.9167394714314581,0.3513280182203973,1.0810558843397933,0.0,0.6326242790097478,0.7835823370127428,0.284868216412905,0.8497280810854033,0.0,0.7036507964759253,0.8206051440419992,0.3197364328258101,0.948085676411067,0.0,0.7664279754673367,0.8577413945133185,0.3546046492387127,1.051291168825733,0.0,0.866525959999997,1.0246383608479388,0.0038717840276046,1.4453433966888445,True,True,1.0383290050000031,1.003814649999999,0.9964122225457973,1.0022150557625074,1.4492998381089022,0.0029756132365303,1,1,True,True,1.0960231100000009,1.003814649999999,0.9756061019379179,1.0022150557625074,1.5294725357805552,0.0033578733018226,2,2,True,True,True,True,True,True
2024-09-01,Diurnally oscillating stratification,Diurnally oscillating stratification,Diurnally oscillating stratification,2.709084320277778,4.454171410000001,1.4140301400000013,1.6637601533333337,1.6594095300000014,3.0401412699999995,0.0,3.708604950430471,5.52916258806733,2.330636733232597,2.421928167383194,3.4551344694908495,0.0069836036001638,0.0106597732373148,0.00482370257594565,0.0058447524856825,0.606197167559115,0.2744435913917259,1.0144405659994993,0.7399969746077734,0.0,0.9046744245714978,0.6794984753622563,0.2991822882147118,1.112419605888097,0.8132373176733853,0.0,0.977020111833562,0.7423159837054044,0.3242386945971482,1.203144542593313,0.8789058479961647,0.0,1.0380345529722441,0.5636924238606936,0.2784723806433394,0.9310802334561564,0.652607852812817,0.0,0.8284304228934208,0.6382567623792089,0.3069447612866788,1.057918873701288,0.7509741124146091,0.0,0.9053928944112297,0.7073849099776843,0.3354171419300161,1.1847575139464108,0.8493403720163948,0.0,0.9810894053604586,1.5239818140277779,1.0642717049999995,1.7954503798524257,0.0046908530848593,0.9821445869775756,1.1828081013841696,0.26686507936507936,72,12.0,0.0,0.0,2.5647953706944446,2.283221000000001,1.4866091100000034,4.091296410000002,2.161543344485937,3.2958349103910227,0.0048150207516323,0.00764929290645225,0.7320327303661638,0.8456853216440363,0.2865277468990534,0.9790533999757912,0.0,0.7952903215583018,0.8926732020067982,0.3231183256534243,1.0582547562749345,0.0,0.8476037259070484,0.9309727981922897,0.3597722318854262,1.131211092734567,0.0,0.6730921107298251,0.7868542546660784,0.2869339579170943,0.8993122649836042,0.0,0.7341569678328387,0.8276515799366027,0.3238679158341886,0.9969256375471028,0.0,0.7925364268513655,0.8675075471135856,0.3608018737512802,1.0945390101105943,0.0,0.866525959999997,1.0246383608479388,0.0038717840276046,1.2034814718303597,True,True,1.545192580000002,1.4866091100000034,1.009336458756258,1.0582547562749345,2.161543344485937,0.0049992873548905,1,1,True,True,1.6091225949999988,1.4866091100000034,0.9901609289526656,1.0582547562749345,2.246090038859267,0.0049071540532614,2,2,True,True,True,True,True,True
2024-09-02,Diurnally oscillating stratification,Diurnally oscillating stratification,Diurnally oscillating stratification,2.783477196041667,4.4224112600000005,1.8553744799999983,2.0911045299999995,2.0862023349999994,2.5670367800000022,0.0,3.8965210584347023,5.540191534822454,2.96850747249346,3.055308521433254,2.8337211079494713,0.0080012356507318,0.0091108346668724,0.00681109257637535,0.0024026325231168997,0.6734060103728486,0.2853756345532886,1.0132718413789694,0.7278962068256808,0.0,0.9087540547213622,0.7543318696542688,0.3211284690609851,1.1383586605370597,0.8172301914760747,0.0,0.9820594386000621,0.8219941679154154,0.3570559668705121,1.2433983365411123,0.8863423696706002,0.0,1.043630246803695,0.6204343182807809,0.2863074675231342,0.9122778343871206,0.6259703668639864,0.0,0.8265005573613695,0.7019005725498488,0.3226149350462683,1.075725940871867,0.7531110058255985,0.0,0.9012344080416337,0.7776419960230067,0.3589224025693999,1.2391740473566013,0.8802516447872014,0.0,0.9761151005243416,1.5239818140277779,1.0642717049999995,1.7954503798524257,0.0046908530848593,0.9821445869775756,0.8172301914760747,0.26686507936507936,71,11.833333333333332,0.0,0.0,2.5296606073239434,2.448660629999999,1.9541483700000022,3.7616336899999965,2.803982163818368,3.5129902754406928,0.0067082021437555,0.0079219777663343,0.8395554102158571,0.8742662424911022,0.3284053451374464,1.0132718413789694,0.0,0.9114549839284899,0.9351915727154602,0.39936674213791,1.1383586605370597,0.0,0.9695758829686894,0.9839546089416876,0.465065830265728,1.2433983365411123,0.0,0.7663928148868576,0.8028732591871073,0.3123017961807212,0.9122778343871206,0.0,0.8379791297429644,0.8582233925626639,0.3746035923614425,1.075725940871867,0.0,0.9053169433099223,0.9135735259382164,0.4369053885421592,1.2391740473566013,0.0,0.866525959999997,1.0246383608479388,0.0038717840276046,1.2034814718303597,True,True,1.9796401449999976,1.9541483700000022,1.0032595508155018,1.024563774662286,2.803982163818368,0.0068417981608989,1,1,True,True,2.02760857,1.9541483700000022,0.9927215366079092,1.024563774662286,2.886244818155914,0.00682733308478185,2,2,True,True,True,True,True,True
2024-09-03,Diurnally oscillating stratification,Diurnally oscillating stratification,Diurnally oscillating stratification,2.076975252013889,3.4268894600000017,1.0871549400000013,1.382658826666667,1.3834509400000012,2.3397345200000004,0.0,2.7199574231811283,4.090699432354144,1.7885127902425415,1.8822443187770577,2.654276033836874,0.0058569722257514,0.0098012826832464,0.0063458285242039,0.0056674128187999,0.8436144590688399,0.2878169013774718,1.3880009216145115,1.1001840202370397,0.0,1.3548419907816476,0.9278884339691886,0.326273684348498,1.45967123916275,1.1333975548142519,0.0,1.4063582600311832,0.9969159945549744,0.3654341616286398,1.5204643366386446,1.1550301750100047,0.0,1.4488944988911514,0.808244249797121,0.2928260491876711,1.3208894197012035,1.0280633705135325,0.0,1.2980372486908407,0.8932984327185058,0.3356520983753422,1.3973082484486488,1.0616561500733066,0.0,1.348632373015322,0.9673179881539262,0.3784781475630104,1.4744857332325627,1.0960075856695524,0.0,1.3992274973397998,2.076975252013889,1.1508248749999996,2.7199574231811283,0.0058569722257514,0.9278884339691886,0.8172301914760747,0.22619047619047622,71,11.833333333333332,0.0,0.0,1.969193257887324,1.9085445300000003,1.2286013000000047,2.9731838699999997,1.611022514160686,2.6482586707227824,0.0052187213651454,0.00617717313131915,1.0421299195252622,1.2009954472691735,0.3163880627778971,1.3696023602224183,0.0,1.1110180779061654,1.3114757206126448,0.3829703305976992,1.423337482370828,0.0,1.166205391916638,1.3517662321136437,0.4497494103005091,1.4702029809942196,0.0,0.9852529956165578,1.162473337191338,0.3170309396048558,1.3102209624584855,0.0,1.0557079193284926,1.274893350187158,0.3840618792097117,1.3663850837259903,0.0,1.1183889931093363,1.3063939395411326,0.4510928188145627,1.4235743702371244,0.0,1.8027792900000001,2.551641591397366,0.00617717313131915,1.2034814718303597,True,True,1.2690130249999996,1.2286013000000047,1.4204058495457161,1.423337482370828,1.611022514160686,0.0052187213651454,1,1,True,True,1.3473041500000011,1.2286013000000047,1.4122282982092158,1.423337482370828,1.6997676522016136,0.0056068540714784,2,2,True,True,True,True,True,True
2024-09-04,Diurnally oscillating stratification,Diurnally oscillating stratification,Diurnally oscillating stratification,1.9760742842361114,3.3724016200000015,0.8520220800000011,1.1567763833333338,1.1480197400000005,2.5203795400000004,0.0,2.4705179355559586,3.9842908981652343,1.35042074279948,1.4546004896688545,2.9782934446672087,0.00567819683760745,0.008123884635454,0.004348177788809001,0.0049635234419686,0.7882385472325247,0.2858640757559024,1.4828983446557154,1.197034268899813,0.0,1.390111537858262,0.8852119001428443,0.3222524070420334,1.6100993424769108,1.2878469354348774,0.0,1.4579306162776047,0.966255195244417,0.3592085047157511,1.7472029555210025,1.3879944508052513,0.0,1.5162904192723035,0.7520213951680051,0.2900878141206958,1.4122866319606766,1.1221988178399809,0.0,1.3235938795665971,0.8549887463985076,0.3301756282413916,1.5674670557391723,1.2372914274977806,0.0,1.396915891755666,0.9461565969281869,0.3702634423620846,1.7460600702787925,1.375796627916708,0.0,1.470816054915551,2.076975252013889,1.1508248749999996,2.7199574231811283,0.0058569722257514,0.8852119001428443,1.1333975548142519,0.08333333333333337,73,12.166666666666666,0.0,0.0,1.8792220576712333,1.7584127900000013,0.9880488300000003,3.1158616799999983,1.155884884043634,2.3231203348208744,0.0031603611934854,0.005869173929632,0.9629267661847525,0.9830101612677202,0.2929433063608884,1.4165815506692851,0.0,1.04621960096977,1.0856053631480838,0.3365513890806327,1.5061787608891308,0.0,1.113309381248752,1.1730896894984115,0.3808804090618504,1.5878721206678357,0.0,0.9032438583167411,0.8917405513757051,0.2971466334130783,1.3453562382177795,0.0,0.9944376475497935,1.0223627698684108,0.3442932668261566,1.4482242510152867,0.0,1.0743794973168035,1.1430311112668483,0.3914399002392316,1.553171473581789,0.0,1.8027792900000001,2.551641591397366,0.00617717313131915,1.0856053631480838,True,True,1.0188165399999995,0.9880488300000003,1.4937156472343784,1.5061787608891308,1.155884884043634,0.0031603611934854,1,1,True,True,1.0951733100000016,0.9880488300000003,1.4739669202990773,1.5061787608891308,1.253152813421557,0.0035544195590703,2,2,True,True,True,True,True,True
2024-09-05,Diurnally oscillating stratification,Diurnally oscillating stratification,Diurnally oscillating stratification,1.8110055427083336,2.9760127400000016,1.0421448300000051,1.2966421433333333,1.29563821,1.9338679099999965,0.0,2.362585166992987,3.700029008920936,1.6068043073628877,1.6848602569744187,2.288285444030258,0.00492263014790195,0.0061691203880508,0.00510349229916165,0.0021801977205373,0.8973917721276767,0.3004605468543252,1.4182012814622988,1.1177407346079735,0.0,1.3652193474921122,1.002812665467549,0.3521823744907641,1.4930847562373275,1.1409023817465633,0.0,1.428909686046294,1.090710589537387,0.4053591420601991,1.5646001392813935,1.1592409972211946,0.0,1.4815180769753207,0.8528057960026465,0.3077014753470976,1.3504849876825122,1.0427835123354146,0.0,1.3044481739441212,0.9636078698263046,0.3654029506941951,1.432727406981028,1.067324456286833,0.0,1.3679921420336534,1.0596556698456028,0.4231044260412886,1.5239098761957242,1.1008054501544355,0.0,1.4308612582118903,2.076975252013889,1.29563821,2.7199574231811283,0.0058569722257514,0.8852119001428443,1.1333975548142519,0.02777777777777781,70,11.666666666666666,0.0,0.0,1.540751778857143,1.5031537299999993,1.0421448300000051,2.221052610000001,1.4379894564131857,1.9994642383266172,0.0039999127224938,0.00486622625771495,1.1535815616210219,1.1544516554070108,0.8818303486541393,1.4172606129154348,0.0,1.2419343015150222,1.3140262616423595,0.94726809580212,1.4930847562373275,0.0,1.312113428786936,1.3777959760680498,1.001481601889154,1.5646001392813935,0.0,1.0850619936844281,1.0950119204402509,0.8097930549444556,1.3481267606268708,0.0,1.1824370657484746,1.278690954818178,0.8730957304966072,1.432727406981028,0.0,1.2684327773793214,1.3331506183663113,0.9363984060487544,1.5239098761957242,0.0,1.8027792900000001,2.551641591397366,0.00617717313131915,1.0856053631480838,True,True,1.192817459999997,1.1794959700000014,1.449235235265856,1.4591370070230094,1.4824148781343307,0.0043697363973372,1,1,True,True,1.247650694999999,1.1794959700000014,1.4395482495349552,1.4591370070230094,1.5446095927486092,0.00461240227516945,2,2,True,True,True,True,True,True
2024-09-06,Diurnally oscillating stratification,Diurnally oscillating stratification,Diurnally oscillating stratification,1.0460821348611113,2.581103910000003,0.010672299999995971,0.4599798333333342,0.45236151499999977,2.570431610000007,0.09027777777777778,1.2712840382429051,3.012712841806638,0.3385698489497328,0.38174995603242057,2.918272849021754,0.00343853928616505,0.007150173988946,0.0028646890843818497,0.0067560906463582995,1.1457909677063443,0.2797857098744057,2.25,1.9702142901255943,0.04861111111111111,1.93401061528184,1.266719888885025,0.3101044910102902,2.25,1.9398955089897099,0.09027777777777778,2.0435378717296553,1.3630831508879027,0.341033972423797,2.25,1.908966027576203,0.14583333333333334,2.1288787166084155,1.1083140349675389,0.2868859268702717,2.25,1.9631140731297283,0.04861111111111111,1.8478289901561828,1.239025768366284,0.3237718537405433,2.25,1.9262281462594566,0.09027777777777778,1.9638730236274304,1.3446971616178969,0.3606577806108124,2.25,1.8893422193891876,0.14583333333333334,2.075324072771259,2.076975252013889,1.29563821,2.7199574231811283,0.0058569722257514,0.8852119001428443,1.1333975548142519,0.012896825396825429,69,11.5,0.0,0.0,0.8256223330434782,0.7612459999999999,0.35957176000000146,1.75012555,0.3385698489497328,0.8612026335733026,0.001659504018112,0.0033336311044707,1.4647711985122074,1.4620542558809433,0.5963633480067663,2.011101380300361,0.0,1.5732802352219213,1.575059752269016,0.7647115203673276,2.110753680303884,0.0,1.66324721903775,1.7015844497336017,0.8432861827943843,2.199202846632335,0.0,1.3981822642439887,1.3951408960839182,0.5141774947297995,1.9187984788999903,0.0,1.5174123115355556,1.536324531544516,0.7555790726105783,2.046393838695684,0.0,1.6225716070891925,1.6854455540804794,0.8075581229741169,2.1739891984913684,0.0,1.8027792900000001,2.551641591397366,0.00617717313131915,1.0856053631480838,True,True,0.4106389400000019,0.35957176000000146,2.0580822641461007,2.110753680303884,0.3385698489497328,0.0025771589868463,1,1,True,True,0.45236151499999977,0.35957176000000146,2.0435378717296553,2.110753680303884,0.38174995603242057,0.0028646890843818497,2,2,True,True,True,True,True,True
2024-09-07,Diurnally oscillating stratification,Diurnally oscillating stratification,Diurnally oscillating stratification,1.124141214166667,2.9766099699999984,-0.043702129999999784,-0.0012484483333352614,0.006929014999997207,3.020312099999998,0.3055555555555556,1.418805010784659,3.32029198490242,-0.0006485062286523,0.0074590501751618495,3.3209404911310725,0.00396139827444455,0.0094852290356628,9.10693725745522e-05,0.009427575879945197,1.1025959645229735,0.2742979974036154,2.25,1.9757020025963845,0.2569444444444444,2.25,1.1902035581620487,0.2989410367766289,2.25,1.951058963223371,0.3055555555555556,2.25,1.2613793346652318,0.3239685366725042,2.25,1.9260314633274958,0.3611111111111111,2.25,1.086112633279318,0.2800259061115863,2.25,1.9699740938884136,0.2569444444444444,2.25,1.1813949907081787,0.3100518122231726,2.25,1.9399481877768274,0.3055555555555556,2.25,1.2577757948584112,0.3400777183347567,2.25,1.9099222816652432,0.3611111111111111,2.25,1.9760742842361114,1.29563821,2.4705179355559586,0.00567819683760745,0.9278884339691886,1.1409023817465633,0.05654761904761908,69,11.5,0.0,0.0,0.8752947717391303,0.35561759000000137,-0.043702129999999784,2.3697277699999972,-0.0006485062286523,0.3504510961416314,8.481255448257978e-05,0.0016871479533204,1.4091694123166039,1.6592076526895687,0.3122291922758052,2.25,0.2898550724637681,1.4851141734481725,1.9093381199548496,0.3732747297614848,2.25,0.34782608695652173,1.5362892866491293,2.1364272797415564,0.4332270385162023,2.25,0.43478260869565216,1.3704963382835447,1.6378355829093867,0.3075537792873349,2.25,0.2898550724637681,1.4574354053818697,1.8951411045964843,0.3651075585746698,2.25,0.34782608695652173,1.5178585878207216,2.125597227041311,0.4226613378620006,2.25,0.43478260869565216,1.7584127900000013,2.3231203348208744,0.005869173929632,1.3114757206126448,True,False,-0.013603975000002322,-0.043702129999999784,2.25,2.25,-0.0006485062286523,9.732619066652464e-05,1,1,False,False,0.006929014999997207,-0.043702129999999784,2.25,2.25,0.0074590501751618495,9.10693725745522e-05,2,2,False,False,True,True,False,False
2024-09-08,Diurnally oscillating stratification,Diurnally oscillating stratification,Diurnally oscillating stratification,1.3426937558333334,2.88937224,0.2868353699999986,0.5206428100000006,0.5228726899999998,2.6025368700000016,0.0,1.7650833983999963,3.341138317459306,0.6578138340202375,0.7307558139521917,2.9328546976557215,0.00332345704663815,0.0081180227939878,0.002475104508966,0.0069604768167852,0.8015734627735246,0.2805597603592317,1.745063281314028,1.4645035209547963,0.0,1.4234344823679734,0.926956698371733,0.3116539101620947,2.0389701815571897,1.727316271395095,0.0,1.5265084935410074,1.0483742281063482,0.3433505366232824,2.25,1.9066494633767177,0.020833333333333332,1.6230649732003113,0.770451502513604,0.2869171757182184,1.74315514997215,1.4562379742539315,0.0,1.3755840608721406,0.9081252450429879,0.3238343514364368,2.003805668714099,1.6799713172776622,0.0,1.5087760779016937,1.0409287707266124,0.3607515271546526,2.25,1.8892484728453474,0.020833333333333332,1.636273541560297,1.8110055427083336,1.1480197400000005,2.362585166992987,0.00492263014790195,0.9278884339691886,1.2878469354348774,0.05654761904761908,68,11.333333333333332,0.0,0.0,1.2092002975000005,1.087072575000004,0.43019320000000505,2.3666967600000035,0.6578138340202375,1.6034610570095909,0.0021762615758041,0.0035892063893019,0.9591699511852456,0.9282361260334728,0.3340479473828681,1.4701391791244256,0.0,1.0530970934773412,1.0034508198116208,0.4143761857538003,1.5870506553503534,0.0,1.1362939120017124,1.0745462727330046,0.4915906319819453,1.7505578996823643,0.0,0.8999508859001657,0.8574109183649936,0.325776581902074,1.429958878353192,0.0,1.01225249452194,0.9532069799885128,0.401553163804148,1.5837950778138898,0.0,1.113749987474998,1.046962088318029,0.4773297457062166,1.7507675689969362,0.0,1.5031537299999993,1.9994642383266172,0.00486622625771495,1.3114757206126448,True,True,0.48262258500000144,0.43019320000000505,1.5473912031985189,1.5870506553503534,0.6578138340202375,0.0021762615758041,1,1,True,True,0.5228726899999998,0.43019320000000505,1.5265084935410074,1.5870506553503534,0.7307558139521917,0.002475104508966,2,2,True,True,True,True,True,True
2024-09-09,Diurnally oscillating stratification,Diurnally oscillating stratification,Diurnally oscillating stratification,1.3522473561805555,2.9452504900000065,0.25782569999999794,0.48054751666666523,0.4666379599999999,2.6874247900000086,0.0,1.731964294124163,3.456975993043731,0.5019158045520421,0.579638022745901,3.1838434963564843,0.0037830386884648,0.0079809320467171,0.0017651326975958001,0.0064188358815700005,0.9057378686460884,0.2814515696335436,2.0129776832519477,1.7315261136184041,0.0,1.5286782220212953,1.0259564025444425,0.3134669601017325,2.1651738193976398,1.8517068592959074,0.0,1.696344430963788,1.1332111454111307,0.3461190204951944,2.25,1.9038809795048057,0.020833333333333332,1.9041633415759494,0.8715323995952046,0.2863466079117454,1.923615325339001,1.6372687174272555,0.0,1.4823945590332683,1.0007765922586624,0.3226932158234908,2.126300195949251,1.8036069801257604,0.0,1.6921909144060185,1.1209735611797005,0.3590398237352337,2.25,1.8909601762647663,0.020833333333333332,1.9052954032071177,1.3522473561805555,0.5228726899999998,1.7650833983999963,0.00396139827444455,1.002812665467549,1.727316271395095,0.05654761904761908,71,11.833333333333332,0.0,0.0,1.1628182894366197,1.0631792000000004,0.3613906,2.3824969499999966,0.3519879527257166,1.3717152516455853,0.0016186760061834,0.0034106080353471,1.0927943610452182,0.9980144000894464,0.342812161356859,1.8290182509492237,0.0,1.1957455715103757,1.1129125542464455,0.4249535423868845,2.005345357289001,0.0,1.2896393388183094,1.2261960494737243,0.5000771923644752,2.159246736398412,0.0,1.0355557184473243,0.9236870849880474,0.3233936346199783,1.7856767871013404,0.0,1.1532807008975514,1.0724282277132988,0.3967872692399565,1.9538537549806083,0.0,1.263181714055857,1.2211693704385391,0.4701809038599295,2.137350343393676,0.0,1.087072575000004,1.6034610570095909,0.0035892063893019,1.3114757206126448,True,True,0.4283710949999957,0.3613906,1.865623912492748,2.005345357289001,0.3519879527257166,0.0019246528418972,1,1,True,True,0.4439985550000003,0.3613906,1.7488865295795597,2.005345357289001,0.42695187863887935,0.0017716644240402999,2,2,True,True,True,True,True,True
2024-09-10,Diurnally oscillating stratification,Diurnally oscillating stratification,Diurnally oscillating stratification,1.2101735951388892,2.7072311399999975,0.36789353000000347,0.5448298675000007,0.552744005000001,2.339337609999994,0.0,1.5496753783289103,3.14120415280566,0.6257432676089211,0.6889223408326277,2.799385819838625,0.0034923442096949997,0.0075722859923036,0.00196306316279025,0.0058703699784112,0.9643946451605996,0.2828584377597958,1.9772195058953743,1.6943610681355785,0.0,1.4720469378926315,1.0896341642732539,0.316360621384656,2.0838624478268755,1.7675018264422195,0.0,1.5970833946781764,1.1987740872565746,0.3506039440753853,2.178424553394186,1.8278206093188007,0.0,1.742224983246769,0.9272281739503794,0.2902261591903914,1.8838048003338208,1.5935786411434294,0.0,1.4167817080647445,1.0636589198575945,0.3304523183807829,2.0115824075994824,1.6811300892186996,0.0,1.5752805004984527,1.184720228794281,0.3706784775711715,2.145900929400124,1.7752224518289526,0.0,1.7428432098097946,1.3426937558333334,0.5228726899999998,1.731964294124163,0.0037830386884648,1.0259564025444425,1.7675018264422195,0.05654761904761908,72,12.0,0.0,0.0,0.9582071327777777,0.9309555249999981,0.45564588999999955,1.8274315700000017,0.4676481176378061,1.2020727137570395,0.0017019160138924,0.0033677057114942,1.2009596586517663,1.335248043477351,0.773698806104982,1.5776093338116424,0.0,1.3054524188041838,1.4217463573345381,0.8569148000195369,1.799847491809354,0.0,1.4012353826049317,1.4894865100875698,0.9095648936772378,1.9954205569837364,0.0,1.1408615133713047,1.2936195804465287,0.7560632143737926,1.529076390573564,0.0,1.2668055038790855,1.3782719943069432,0.8071119743932867,1.789966512838646,0.0,1.380942508825077,1.4620314073983578,0.8581607344127773,1.969916007493668,0.0,1.0631792000000004,1.3717152516455853,0.0034106080353471,1.3140262616423595,True,True,0.4756408200000024,0.45564588999999955,1.683024934129635,1.799847491809354,0.4676481176378061,0.001882605631506,1,1,True,True,0.515904974999998,0.45564588999999955,1.6256536830520467,1.799847491809354,0.5466956926233636,0.0017922608226992,2,2,True,True,True,True,True,True
2024-09-11,Near-isothermal mixing,Near-isothermal mixing,Near-isothermal mixing,0.21902384430555533,0.7413176899999954,-0.05377244000000303,0.14312028083333436,0.13795308499999948,0.7950901299999984,0.5833333333333334,0.29109704544480564,0.9279519173396792,0.0674705200015401,0.13321123938715845,0.9217600183880738,0.00043239660726315,0.0028455104587559,0.000907055324501,0.0027455509878127372,1.8179004368520424,0.6449513178657762,2.25,1.6050486821342238,0.5069444444444444,2.1581137686609906,1.932095235673998,0.8654974092268507,2.25,1.3845025907731494,0.5833333333333334,2.25,2.0142153288515323,1.0060923654541247,2.25,1.2439076345458753,0.6458333333333334,2.25,1.7985328642968648,0.6089607626451717,2.25,1.6410392373548284,0.5069444444444444,2.113668927924712,1.9246499931719372,0.8470884411279497,2.25,1.4029115588720504,0.5833333333333334,2.25,2.0146931016701477,1.007012711228777,2.25,1.242987288771223,0.6458333333333334,2.25,1.2101735951388892,0.4666379599999999,1.5496753783289103,0.0034923442096949997,1.0896341642732539,1.7675018264422195,0.1398809523809524,72,12.0,0.0,0.0,0.2047299786111109,0.03187971999999917,-0.05377244000000303,0.7413176899999954,0.0061918989516054,0.04674674678910495,9.995947094316268e-05,0.00026657463598585003,2.021256682719062,2.25,1.4126323867625337,2.25,0.5694444444444444,2.079574393872255,2.25,1.506483760231626,2.25,0.6111111111111112,2.1254418256880325,2.25,1.5843711616449232,2.25,0.6666666666666666,1.9944762324891907,2.25,1.3562139019626998,2.25,0.5694444444444444,2.064352841187372,2.25,1.4651422673464056,2.25,0.6111111111111112,2.1199812905950055,2.25,1.5697468414491893,2.25,0.6666666666666666,0.9309555249999981,1.2020727137570395,0.0033677057114942,1.4217463573345381,False,False,0.0223517450000017,0.009824280000003682,2.25,2.25,0.0129817529824455,9.995947094316268e-05,1,1,False,False,0.07548487000000037,0.009824280000003682,2.25,2.25,0.040226136491992796,0.00024381900989008134,2,2,False,False,True,True,False,False
2024-09-12,Near-isothermal mixing,Near-isothermal mixing,Near-isothermal mixing,0.0052313917361111895,0.04017480000000262,-0.042522780000002314,0.007285754999999838,0.010653854999999268,0.08269758000000493,1.0,0.02105183390074433,0.0440935229403445,0.0176791639476465,0.022550857669708803,0.0371030774141954,0.0001231118814256,0.0001681643810026,0.0001270656611704,8.155236722310901e-05,2.25,2.25,2.25,0.0,1.0,2.25,2.25,2.25,2.25,0.0,1.0,2.25,2.25,2.25,2.25,0.0,1.0,2.25,2.25,2.25,2.25,0.0,1.0,2.25,2.25,2.25,2.25,0.0,1.0,2.25,2.25,2.25,2.25,0.0,1.0,2.25,1.124141214166667,0.45236151499999977,1.418805010784659,0.00343853928616505,1.1902035581620487,1.7675018264422195,0.2827380952380953,74,12.333333333333332,0.0,0.0,0.004056422027026988,0.0070238499999994986,-0.03504839000000004,0.04017480000000262,0.0069904455261491,0.018445258093456,8.661201377949098e-05,0.0001220331892296,2.25,2.25,2.25,2.25,1.0,2.25,2.25,2.25,2.25,1.0,2.25,2.25,2.25,2.25,1.0,2.25,2.25,2.25,2.25,1.0,2.25,2.25,2.25,2.25,1.0,2.25,2.25,2.25,2.25,1.0,0.7612459999999999,0.8612026335733026,0.0033336311044707,1.575059752269016,False,False,0.009388939999999124,-0.03504839000000004,2.25,2.25,0.0096276682239817,8.661201377949098e-05,1,1,False,False,0.009388939999999124,-0.03504839000000004,2.25,2.25,0.018525109807876403,0.00011320867450009548,2,2,False,False,True,True,False,False
2024-09-13,Near-isothermal mixing,Near-isothermal mixing,Near-isothermal mixing,0.005628428958333487,0.06411858999999964,-0.07004288999999986,-0.006874573333332634,-0.001963249999999306,0.1341614799999995,1.0,0.02246930304992295,0.0689539855503792,0.0019478632149623,0.01059775463171455,0.06700612233541689,0.0001220786225792,0.0001896887337259,0.00010963055036380175,0.00010532002931659647,2.25,2.25,2.25,0.0,1.0,2.25,2.25,2.25,2.25,0.0,1.0,2.25,2.25,2.25,2.25,0.0,1.0,2.25,2.25,2.25,2.25,0.0,1.0,2.25,2.25,2.25,2.25,0.0,1.0,2.25,2.25,2.25,2.25,0.0,1.0,2.25,1.124141214166667,0.13795308499999948,1.418805010784659,0.00332345704663815,1.1902035581620487,1.727316271395095,0.41269841269841273,75,12.5,0.0,0.0,-0.0009321111999997337,0.0012655400000021189,-0.07004288999999986,0.021465260000002928,0.0019478632149623,0.0138226071864603,8.436870440930353e-05,0.00011192004807289999,2.25,2.25,2.25,2.25,1.0,2.25,2.25,2.25,2.25,1.0,2.25,2.25,2.25,2.25,1.0,2.25,2.25,2.25,2.25,1.0,2.25,2.25,2.25,2.25,1.0,2.25,2.25,2.25,2.25,1.0,0.35561759000000137,0.3504510961416314,0.0016871479533204,1.9093381199548496,False,False,0.004021804999998935,-0.023973290000000702,2.25,2.25,0.0118121567876165,0.0001108842457086,1,1,False,False,0.0015256949999997715,-0.07004288999999986,2.25,2.25,0.0068800100012894,9.762647505895176e-05,2,2,False,False,True,True,False,False
2024-09-14,Decaying stratification,Decaying stratification,Decaying stratification,0.5644158863194444,1.7581513199999996,-0.02298310999999842,0.0019350699999991505,0.0035343199999982033,1.781134429999998,0.4375,0.6993345063343447,1.8801693510138089,0.0189849101337373,0.0196275380311352,1.8696919468298443,0.0013723896093320001,0.0046852712898985,0.0001449597481645,0.004588808046213688,1.258582391805427,0.2954362033215765,2.25,1.9545637966784235,0.3888888888888889,2.25,1.3736463744536107,0.3420526424394546,2.25,1.9079473575605455,0.4375,2.25,1.4494518741635112,0.3900593650904495,2.25,1.8599406349095506,0.4444444444444444,2.25,1.248167326282164,0.3038237170570738,2.25,1.9461762829429263,0.3888888888888889,2.25,1.369174643168039,0.3576474341141457,2.25,1.8923525658858544,0.4375,2.25,1.4515396482546643,0.4114711511712194,2.25,1.8385288488287805,0.4444444444444444,2.25,0.5644158863194444,0.13795308499999948,0.6993345063343447,0.0013723896093320001,1.3736463744536107,1.727316271395095,0.43154761904761907,73,12.166666666666666,0.0,0.0,0.39556398986301355,0.008558710000002634,-0.02298310999999842,1.4029200000000017,0.0104774041839646,0.019747997503917952,9.64632436848115e-05,0.0001478164087604,1.5918157992177917,2.25,0.3596994472090533,2.25,0.547945205479452,1.6419855269312653,2.25,0.463578515958188,2.25,0.547945205479452,1.6882883740898578,2.25,0.5627663445251129,2.25,0.547945205479452,1.568943349886113,2.25,0.3500416953778004,2.25,0.547945205479452,1.6292748406648256,2.25,0.4500833907555973,2.25,0.547945205479452,1.6843407899663274,2.25,0.5501250861333978,2.25,0.547945205479452,0.03187971999999917,0.04674674678910495,0.00026657463598585003,2.25,False,False,0.002169440000001188,-0.01201185000000038,2.25,2.25,0.0148481097210953,0.0001072170854074,1,1,False,False,0.002169440000001188,-0.014035620000001359,2.25,2.25,0.0175591378248142,0.0001276494782057,2,2,False,False,True,True,False,False
2024-09-15,Decaying stratification,Decaying stratification,Decaying stratification,0.6294581105555557,1.9998271600000024,-0.023093079999998878,0.003553998333333771,0.005364505000001074,2.0229202400000013,0.375,0.7777554152940634,2.184237396262169,0.0218504333061045,0.024276882962456697,2.1678142051114575,0.0013957738714737,0.0057011245301952,0.00017386321534825,0.0055526085336100005,1.2475215617870201,0.2922343513382794,2.25,1.9577656486617205,0.2986111111111111,2.25,1.37933880446809,0.3354093699004964,2.25,1.9145906300995037,0.375,2.25,1.4883938442086337,0.3796601672081166,2.25,1.8703398327918834,0.4583333333333333,2.25,1.2395359283570946,0.2991980675628803,2.25,1.9508019324371197,0.2986111111111111,2.25,1.3812580518973598,0.3483961351257589,2.25,1.901603864874241,0.375,2.25,1.49220088123205,0.3975942026886392,2.25,1.8524057973113608,0.4583333333333333,2.25,0.5644158863194444,0.010653854999999268,0.6993345063343447,0.0013723896093320001,1.37933880446809,1.7675018264422195,0.4851190476190476,72,12.0,0.0,0.0,0.3021703098611113,0.20483609999999786,-0.023093079999998878,1.1746989800000023,0.0164231911507115,0.23296295223848723,0.0001485159965852,0.0007509688144223999,1.6491875944830516,1.5722607055972224,0.7011116426879666,2.25,0.375,1.7938956895979474,2.1171360145317397,0.8388032978574068,2.25,0.4861111111111111,1.9110831737426852,2.25,0.9028236045602808,2.25,0.625,1.633822506275766,1.5711592470056175,0.667668583988227,2.25,0.375,1.7947434110109595,2.1973047114327127,0.8018880468972379,2.25,0.4861111111111111,1.9151418736631942,2.25,0.866515559571308,2.25,0.625,0.03187971999999917,0.04674674678910495,0.00026657463598585003,2.25,True,False,0.009178364999998578,-0.01377738999999778,2.25,2.25,0.0164231911507115,0.0001485159965852,1,1,False,False,0.0039450900000002065,-0.023093079999998878,2.25,2.25,0.0215632618847602,0.0001686710235875,2,2,False,False,True,True,False,False
2024-09-16,Decaying stratification,Decaying stratification,Decaying stratification,0.9026644335416667,2.7849928199999994,-0.06649811999999855,0.0010673441666666506,0.0044937649999976514,2.851490939999998,0.3958333333333333,1.0869196874640672,2.914599124450174,0.0151971152165928,0.0223790789701882,2.8994020092335813,0.0023066359813793498,0.0079005583858848,0.000148519286234,0.0077579509421737,1.2213955746209642,0.2774971647529524,2.25,1.9725028352470475,0.3888888888888889,2.25,1.2881245162370845,0.3054105440880372,2.25,1.9445894559119627,0.3958333333333333,2.25,1.3457443425147606,0.3337842575882254,2.25,1.9162157424117745,0.4097222222222222,2.25,1.2104203627993553,0.2829053286777388,2.25,1.9670946713222612,0.3888888888888889,2.25,1.282579718970607,0.3158106573554764,2.25,1.9341893426445236,0.3958333333333333,2.25,1.3454477493211945,0.3487159860332152,2.25,1.9012840139667848,0.4097222222222222,2.25,0.5644158863194444,0.005364505000001074,0.6993345063343447,0.0013723896093320001,1.37933880446809,1.7675018264422195,0.5416666666666667,72,12.0,0.0,0.0,0.4849627709722223,0.02938454000000057,-0.06649811999999855,1.9376496799999998,0.0151971152165928,0.0382727451806201,0.0001426074437111,0.0001740296311812,1.63573109170947,2.25,0.3658363362815233,2.25,0.5416666666666666,1.6799425421488494,2.25,0.4611087546581596,2.25,0.5416666666666666,1.7175979080400734,2.25,0.5454368614760492,2.25,0.5416666666666666,1.6110146814698834,2.25,0.3365259670224289,2.25,0.5416666666666666,1.663239774218293,2.25,0.4230519340448547,2.25,0.5416666666666666,1.7097023732398657,2.25,0.5095779010672836,2.25,0.5416666666666666,0.02938454000000057,0.0382727451806201,0.0001740296311812,2.25,False,False,-0.005668045000001953,-0.02909203999999832,2.25,2.25,0.0317360252883231,0.0001739517016359,1,1,False,False,0.0029224649999992636,-0.02909203999999832,2.25,2.25,0.02346657025245795,0.0001582795726735,2,2,False,False,True,True,False,False
2024-09-17,Decaying stratification,Decaying stratification,Decaying stratification,0.6337035235416667,1.700296550000001,-0.030584430000001106,-0.007388610833332976,-0.004786310000000071,1.730880980000002,0.3194444444444444,0.7953372473060378,1.8272551026481696,0.0168150427247345,0.016961233975548898,1.8104400599234352,0.0017350621154197002,0.0044275321790723,0.0001777030893833,0.0042648690215744,1.1748212941483827,0.3024452967235989,2.25,1.9475547032764011,0.2708333333333333,2.25,1.2973348658349275,0.3561740322069782,2.25,1.8938259677930218,0.3194444444444444,2.25,1.4080699828910013,0.411373394829118,2.25,1.838626605170882,0.3680555555555556,2.25,1.1569898756817467,0.3093084724632017,2.25,1.9406915275367984,0.2708333333333333,2.25,1.29144054017981,0.3686169449264014,2.25,1.8813830550735986,0.3194444444444444,2.25,1.4089481697868347,0.4279254173896032,2.25,1.8220745826103968,0.3680555555555556,2.25,0.5644158863194444,0.0044937649999976514,0.6993345063343447,0.0013723896093320001,1.37933880446809,1.8938259677930218,0.5873015873015873,73,12.166666666666666,0.0,0.0,0.5153044945205482,0.3886531700000013,-0.030584430000001106,1.3918384699999997,0.0168150427247345,0.4251353039070371,0.0001626631574979,0.00139376059156795,1.421462997920223,1.396650644216052,0.3796261743114222,2.25,0.3013698630136986,1.5234326900967647,1.5289583358186511,0.4947480017225604,2.25,0.3835616438356164,1.6056225666482857,1.6858093175562276,0.6004432739900889,2.25,0.4383561643835616,1.392077271464939,1.3647981707745596,0.3603695162574751,2.25,0.3013698630136986,1.510750187505668,1.5351820180882498,0.4707390325149463,2.25,0.3835616438356164,1.6026994028750314,1.711240525851554,0.5811085487724215,2.25,0.4383561643835616,0.02938454000000057,0.0382727451806201,0.0001740296311812,2.25,True,False,0.0006174500000017957,-0.020924289999999957,2.25,2.25,0.029448383625181,0.0002051256621132,1,1,False,False,-0.000754530000000031,-0.030584430000001106,2.25,2.25,0.02327790442577215,0.00018389440980555,2,2,False,False,True,True,False,False
2024-09-18,Decaying stratification,Decaying stratification,Decaying stratification,0.989010967638889,2.3565398,0.014676139999998838,0.15380210083333315,0.15158828500000077,2.3418636600000013,0.1875,1.1918539931064345,2.497069854926596,0.1300808139407926,0.18816361489581424,2.4320443860808134,0.0027531505645955997,0.0071056977940349,0.0006810378764049,0.0068670328804879,0.9576031370082282,0.2825890905864209,2.25,1.9674109094135792,0.10416666666666667,2.0329192812264196,1.0901520304605914,0.3157947802456573,2.25,1.9342052197543427,0.1875,2.25,1.2057893238032353,0.3497030137834717,2.25,1.9002969862165284,0.2638888888888889,2.25,0.9427235005751433,0.2894618343409089,2.25,1.960538165659091,0.10416666666666667,1.99781267402021,1.0885258842800019,0.3289236686818165,2.25,1.9210763313181836,0.1875,2.25,1.2109059671801643,0.3683855030227254,2.25,1.8816144969772746,0.2638888888888889,2.25,0.6294581105555557,0.0044937649999976514,0.7777554152940634,0.0013957738714737,1.3736463744536107,1.9079473575605455,0.5307539682539683,72,12.0,0.0,0.0,0.7343228305555557,0.5271383699999994,0.062424430000000086,1.9398462899999984,0.0722131298735378,0.6701755852140041,0.0003723516714409,0.0016594455612186,1.1939278537400029,1.0710837774668072,0.3292689608539609,2.25,0.05555555555555555,1.3423785382625903,1.222019476543514,0.4065360839031369,2.25,0.16666666666666666,1.4768390241924052,1.3931229308972921,0.482001672256016,2.25,0.2916666666666667,1.1606242533077227,1.025132339401191,0.3243317144034609,2.25,0.05555555555555555,1.3300843604456818,1.2205651289172532,0.3986634288069192,2.25,0.16666666666666666,1.4756603040627452,1.4043119557611314,0.4729951432103801,2.25,0.2916666666666667,0.02938454000000057,0.0382727451806201,0.0001740296311812,2.25,True,False,0.09192351499999951,0.062424430000000086,2.25,2.25,0.0722131298735378,0.0003723516714409,1,1,False,False,0.1276502999999991,0.062424430000000086,2.25,2.25,0.1011469719071652,0.0005127736186122,2,2,False,False,True,True,False,False
2024-09-19,Decaying stratification,Decaying stratification,Decaying stratification,0.7438452456250001,1.9517051799999976,-0.020950239999997677,0.07271557166666683,0.08082400999999884,1.9726554199999953,0.2847222222222222,0.9160899691251408,2.061087050958197,0.0508595962153851,0.08197234068090305,2.0335650050572807,0.00211091368228435,0.0055064781805275,0.0005019077276015,0.0052854371579654,1.1475242702208388,0.286839728551586,2.25,1.963160271448414,0.2222222222222222,2.25,1.2608385926005845,0.3245121026342403,2.25,1.9254878973657596,0.2847222222222222,2.25,1.3611958581044166,0.3631663191772091,2.25,1.8868336808227908,0.3541666666666667,2.25,1.1306487619438963,0.2953440177623769,2.25,1.954655982237623,0.2222222222222222,2.25,1.2562663214366347,0.3406880355247523,2.25,1.9093119644752476,0.2847222222222222,2.25,1.3633517967854987,0.3860320532871292,2.25,1.863967946712871,0.3541666666666667,2.25,0.6337035235416667,0.0044937649999976514,0.7953372473060378,0.0017350621154197002,1.2973348658349275,1.9145906300995037,0.42857142857142855,74,12.333333333333332,0.0,0.0,0.581700125,0.5342329649999993,-0.004117540000002862,1.6119035800000034,0.0287718505887745,0.6475111665564879,0.0002210410225621,0.0019385073927464,1.3480172576310117,1.2912303492832302,0.3499069017123437,2.25,0.16216216216216217,1.4662246225204278,1.4248237105834867,0.4439457433300648,2.25,0.25675675675675674,1.5630996803227977,1.5310387377943424,0.5333412897468579,2.25,0.35135135135135137,1.3136632821148237,1.2759011351354816,0.3392274185078412,2.25,0.16216216216216217,1.451934454982905,1.4124384204475482,0.4284548370156792,2.25,0.25675675675675674,1.5615377174021141,1.547117724842665,0.5176822555235205,2.25,0.35135135135135137,0.20483609999999786,0.23296295223848723,0.0007509688144223999,2.1171360145317397,True,False,0.010438864999999353,-0.0008194099999982996,2.25,2.25,0.0287718505887745,0.0002210410225621,1,1,False,False,0.012195005000000592,-0.004117540000002862,2.25,2.25,0.0398157234020798,0.0002585174098997,2,2,False,False,True,True,False,False
2024-09-20,Decaying stratification,Decaying stratification,Decaying stratification,0.7334764375,1.8339626399999993,-0.002420600000000661,0.13845259750000002,0.13854777999999968,1.83638324,0.25,0.9094895535836763,2.016212528994819,0.134549385593176,0.16582587148705685,1.9621860468525425,0.00194486063698655,0.0051446272969106,0.0005968704857264,0.0048580900312892,1.10307750236401,0.2940795618293278,2.25,1.955920438170672,0.14583333333333334,2.124621232334534,1.2387949947193568,0.3392763493211908,2.25,1.9107236506788092,0.25,2.25,1.3454315550863156,0.3857862792315665,2.25,1.8642137207684335,0.3194444444444444,2.25,1.0869873466480846,0.3023803780924649,2.25,1.9476196219075352,0.14583333333333334,2.081947675315301,1.236701937830744,0.3547607561849279,2.25,1.895239243815072,0.25,2.25,1.3512301837669922,0.4071411342773928,2.25,1.8428588657226073,0.3194444444444444,2.25,0.7334764375,0.005364505000001074,0.9094895535836763,0.00194486063698655,1.2881245162370845,1.9145906300995037,0.32142857142857145,74,12.333333333333332,0.0,0.0,0.526790663783784,0.43588274000000027,0.04248984999999905,1.4321085599999996,0.0671858735946282,0.6070510220419532,0.0003074112850203,0.00172734312835675,1.3487676711251062,1.3272441871054599,0.435641815450689,2.25,0.06756756756756757,1.5023645192838913,1.4703203016988682,0.5641237397459545,2.25,0.22972972972972974,1.6255086137886907,1.5940708068010663,0.6742299023236675,2.25,0.35135135135135137,1.316550108006924,1.3086087136802362,0.3836172825296565,2.25,0.06756756756756757,1.494440218217794,1.4707545963008115,0.5172345650593082,2.25,0.22972972972972974,1.6306235824975561,1.6288818109131658,0.6508518475889647,2.25,0.35135135135135137,0.3886531700000013,0.4251353039070371,0.00139376059156795,1.5289583358186511,True,False,0.0732844900000007,0.04248984999999905,2.25,2.25,0.0671858735946282,0.0003074112850203,1,1,False,False,0.11092533499999924,0.04248984999999905,2.25,2.25,0.10086762959390211,0.0004414048624655,2,2,False,False,True,True,False,False
2024-09-21,Decaying stratification,Decaying stratification,Decaying stratification,0.11167773194444461,0.4372347800000007,-0.10856223000000043,0.03404621499999916,0.017215209999998038,0.5457970100000011,0.75,0.17978976726204618,0.5961666564631882,0.0357688270190612,0.06837481731436246,0.5717222608286588,0.00036438041276924996,0.0017575044414569,0.0003235029946152,0.0015116545452765,1.9489610678469889,0.8846542894928859,2.25,1.365345710507114,0.6527777777777778,2.25,2.0596931385575195,1.0731820110521877,2.25,1.1768179889478123,0.75,2.25,2.1451441344384223,1.2570542949620165,2.25,0.9929457050379835,0.8333333333333334,2.25,1.944510846759248,0.8706542025962376,2.25,1.3793457974037624,0.6527777777777778,2.25,2.064552783456237,1.0758219947234435,2.25,1.1741780052765565,0.75,2.25,2.151423790586473,1.2602989845357468,2.25,0.9897010154642532,0.8333333333333334,2.25,0.7334764375,0.017215209999998038,0.9094895535836763,0.00194486063698655,1.2881245162370845,1.9145906300995037,0.36607142857142855,73,12.166666666666666,0.0,0.0,0.10192941671232864,0.023913650000000786,-0.10856223000000043,0.4357017499999998,0.0244443956345294,0.0538139613217757,0.0002458498961804,0.00030689389133070003,2.015487133037215,2.25,1.289883171016813,2.25,0.6438356164383562,2.1054674459568954,2.25,1.4630766321130186,2.25,0.7397260273972602,2.175356129773334,2.25,1.5962933953642722,2.25,0.8356164383561644,2.0117033503952655,2.25,1.284064496149249,2.25,0.6438356164383562,2.1115731369855393,2.25,1.4654881840367495,2.25,0.7397260273972602,2.1816359776073497,2.25,1.6299439133602518,2.25,0.8356164383561644,0.3886531700000013,0.4251353039070371,0.00139376059156795,1.5289583358186511,False,False,0.009955439999998816,-0.003955709999999613,2.25,2.25,0.0543356988662243,0.0003017975390542,1,1,False,False,0.009955439999998816,-0.020302170000000785,2.25,2.25,0.04505226294264275,0.0002928957378672,2,2,False,False,True,True,False,False
2024-09-22,Decaying stratification,Decaying stratification,Decaying stratification,0.30044268069444424,1.18364386,-0.07982023000000282,0.008752665833332784,0.007426229999998313,1.263464090000003,0.625,0.42564779491690824,1.577072894903847,0.0414520335769682,0.05286183895613911,1.5512506558415116,0.00038927259346295,0.0046322130050834,0.00033835666963595004,0.0043764440307184,1.7020088006715932,0.5579431209006068,2.25,1.6920568790993933,0.5763888888888888,2.25,1.7864481411022457,0.7180352790953886,2.25,1.5319647209046114,0.625,2.25,1.8443632049809215,0.8318899461235583,2.25,1.4181100538764417,0.6527777777777778,2.25,1.6884148880267849,0.4760534259187918,2.25,1.7739465740812081,0.5763888888888888,2.25,1.778861976797215,0.7021068518375755,2.25,1.5478931481624245,0.625,2.25,1.840738503311263,0.8093223964675496,2.25,1.4406776035324504,0.6527777777777778,2.25,0.7334764375,0.017215209999998038,0.9094895535836763,0.00194486063698655,1.2881245162370845,1.9107236506788092,0.4017857142857143,72,12.0,0.0,0.0,0.03482184500000004,0.012432695000001104,-0.07982023000000282,0.41041371999999754,0.0258222390623356,0.046443753729560555,0.000255768974365,0.00032133674251905,2.1723413627208075,2.25,1.2667696676197382,2.25,0.8888888888888888,2.2000972893440847,2.25,1.4357339916198957,2.25,0.9305555555555556,2.2242283707471464,2.25,1.5881748543117,2.25,0.9583333333333334,2.171300420404487,2.25,1.2636978373401837,2.25,0.8888888888888888,2.202375236587459,2.25,1.4539482205425018,2.25,0.9305555555555556,2.2260358190721616,2.25,1.6441247132077108,2.25,0.9583333333333334,0.3886531700000013,0.4251353039070371,0.00139376059156795,1.5289583358186511,False,False,0.007426229999998313,-0.008772430000000497,2.25,2.25,0.0353397069073253,0.000255768974365,1,1,False,False,0.0067293049999985755,-0.025446129999998846,2.25,2.25,0.038395870242146746,0.0002912323974999,2,2,False,False,True,True,False,False
2024-09-23,Decaying stratification,Decaying stratification,Decaying stratification,0.7214040975694443,2.293860630000001,-0.05373561000000038,-0.006530594999999788,-0.004462765000001312,2.3475962400000014,0.4097222222222222,0.8660236760578579,2.3690959841069428,0.0273740022094413,0.030803313802544398,2.3417219818975017,0.001705408275343,0.0058975400567083,0.0002807951173097,0.0056176212069343,1.2964728765487503,0.2906608195551692,2.25,1.9593391804448308,0.375,2.25,1.3834691916304993,0.3319568001802638,2.25,1.9180431998197363,0.4097222222222222,2.25,1.4655264161566555,0.3739431053480558,2.25,1.8760568946519443,0.4513888888888889,2.25,1.2840897848013844,0.2950090775207732,2.25,1.9549909224792268,0.375,2.25,1.3775599328859043,0.3400181550415447,2.25,1.9099818449584554,0.4097222222222222,2.25,1.4644442795299124,0.3850272325623179,2.25,1.8649727674376821,0.4513888888888889,2.25,0.7214040975694443,0.017215209999998038,0.8660236760578579,0.0017350621154197002,1.2973348658349275,1.9107236506788092,0.4037698412698413,73,12.166666666666666,0.0,0.0,0.33705847835616437,0.021803370000000655,-0.05373561000000038,1.3918400099999992,0.0273740022094413,0.043935184158971755,0.000279918849774,0.00033680157718875,1.712701489788598,2.25,0.8019243744150131,2.25,0.5205479452054794,1.7792581781257606,2.25,0.8697006925060053,2.25,0.5616438356164384,1.8418998944375589,2.25,0.9182459066765708,2.25,0.6027397260273972,1.6966844104255354,2.25,0.7679373052201709,2.25,0.5205479452054794,1.7713675432364162,2.25,0.8200392405726095,2.25,0.5616438356164384,1.8405320921548838,2.25,0.8721411759250499,2.25,0.6027397260273972,0.3886531700000013,0.4251353039070371,0.00139376059156795,1.5289583358186511,False,False,0.012426724999999195,-0.01833051999999924,2.25,2.25,0.0403016741865024,0.0002921001830842,1,1,False,False,0.0028710100000015615,-0.03680079999999819,2.25,2.25,0.03726714979107495,0.0002860095164291,2,2,False,False,True,True,False,False
2024-09-24,Decaying stratification,Decaying stratification,Decaying stratification,0.933046575,2.7620876099999983,-0.04460771999999835,-0.006369146666666954,-0.0039007199999989695,2.8066953299999966,0.3819444444444444,1.0841504317111723,2.723650834535821,0.032667208894145,0.03627447475090005,2.7025802616091354,0.0024742372969666,0.0077361734302131,0.0003187761448117,0.0074688759084151,1.1783222433588918,0.2762353046972693,2.25,1.9737646953027306,0.3541666666666667,2.25,1.2587683580776785,0.3028678050158491,2.25,1.947132194984151,0.3819444444444444,2.25,1.3246502784442813,0.3299433790439047,2.25,1.9200566209560952,0.4027777777777778,2.25,1.164233297345321,0.2820517673479138,2.25,1.9679482326520863,0.3541666666666667,2.25,1.2500581477905468,0.3141035346958264,2.25,1.9358964653041735,0.3819444444444444,2.25,1.3208621711551618,0.3461553020437402,2.25,1.9038446979562598,0.4027777777777778,2.25,0.7334764375,0.017215209999998038,0.9094895535836763,0.00194486063698655,1.2608385926005845,1.9180431998197363,0.41269841269841273,72,12.0,0.0,0.0,0.5602365490277776,0.07769148999999942,-0.04460771999999835,1.893942280000001,0.0210705729266855,0.078224780537601,0.000267297521798,0.00036318399065695,1.5783397410180418,2.25,0.4034944660898775,2.25,0.5138888888888888,1.6197523472291597,2.25,0.509323593206834,2.25,0.5277777777777778,1.6517381624544538,2.25,0.5990153371792384,2.25,0.5277777777777778,1.5501325918661384,2.25,0.3519404465949812,2.25,0.5138888888888888,1.5997161013526295,2.25,0.4538808931899587,2.25,0.5277777777777778,1.640096833426349,2.25,0.5558213397849399,2.25,0.5277777777777778,0.07769148999999942,0.078224780537601,0.00036318399065695,2.25,False,False,-0.0007068849999996019,-0.0240184300000017,2.25,2.25,0.0465476161678311,0.0003314587465609,1,1,False,False,-0.002479364999999234,-0.04135292000000135,2.25,2.25,0.039607412530988054,0.0003219708958118,2,2,False,False,True,True,False,False
2024-09-25,Decaying stratification,Decaying stratification,Decaying stratification,1.0967413915972224,2.904079590000002,-0.013459390000001292,0.029394816666666657,0.026121514999999818,2.9175389800000033,0.2638888888888889,1.2668857457816631,2.792311907222975,0.0430901534409072,0.06981911217469,2.749221753782068,0.0032585999576816,0.0079902783407259,0.0003442761928048,0.0076519817050966004,1.0130627045768597,0.2769849629977556,2.25,1.9730150370022443,0.19444444444444445,2.25,1.1244662151562965,0.3043496041680478,2.25,1.9456503958319522,0.2638888888888889,2.25,1.224014493485519,0.3321292149185534,2.25,1.9178707850814467,0.3263888888888889,2.25,1.000451629941272,0.2817900115618369,2.25,1.9682099884381632,0.19444444444444445,2.25,1.1193719348749966,0.3135800231236727,2.25,1.9364199768763273,0.2638888888888889,2.25,1.2226262616304933,0.3453700346855096,2.25,1.9046299653144905,0.3263888888888889,2.25,0.7334764375,0.017215209999998038,0.9094895535836763,0.00194486063698655,1.2608385926005845,1.9180431998197363,0.42361111111111116,73,12.166666666666666,0.0,0.0,0.8896905989041096,0.5663355100000018,-0.01264237000000179,2.4398219999999995,0.0430901534409072,0.6461145697080206,0.0003382966356293,0.002049725359999,1.2223068851265733,1.132460033793923,0.2929239809882661,2.25,0.1917808219178082,1.3393459780906887,1.287945629224517,0.3362334509431275,2.25,0.2876712328767123,1.4289473123898688,1.4082411888523154,0.3799455716465461,2.25,0.3561643835616438,1.1967620153850635,1.1003779992913325,0.2951660917986731,2.25,0.1917808219178082,1.3241649297994198,1.2853318006404342,0.3403321835973445,2.25,0.2876712328767123,1.4204362467791276,1.4291961956729595,0.3854982753960176,2.25,0.3561643835616438,0.07769148999999942,0.078224780537601,0.00036318399065695,2.25,True,False,-0.0024989550000000804,-0.01264237000000179,2.25,2.25,0.050185029436676,0.0003739587745997,1,1,False,False,0.008176065000002453,-0.01264237000000179,2.25,2.25,0.0466375914387916,0.0003561277051145,2,2,False,False,True,True,False,False
2024-09-26,Decaying stratification,Decaying stratification,Decaying stratification,0.9358569075000001,2.1273332600000003,0.23002273000000173,0.4215339441666665,0.43056876999999893,1.8973105299999986,0.0,1.1427838694648336,2.1342651043532075,0.5495480619441887,0.6137053247695963,1.7962305524178386,0.00248796069956195,0.0049284929444593,0.00214663028375435,0.004061555686336,0.898673743071907,0.2945833553242409,1.5694899441440688,1.2749065888198279,0.0,1.3920673801089822,1.0325878691694252,0.3400821753321625,1.9991096374307584,1.6590274620985959,0.0,1.4833487616516494,1.1859146494411148,0.3866082849335688,2.25,1.8633917150664312,0.11805555555555555,1.5762988124176616,0.8752946713936707,0.300535099491938,1.584359256082306,1.283824156590368,0.0,1.3681533503748198,1.0274092634382777,0.3510701989838742,2.0409710446703326,1.6899008456864584,0.0,1.4903211965892993,1.188559134884902,0.4016052984758123,2.25,1.8483947015241877,0.11805555555555555,1.615596159374256,0.7334764375,0.017215209999998038,0.9094895535836763,0.00194486063698655,1.2587683580776785,1.9107236506788092,0.38293650793650796,74,12.333333333333332,0.0,0.0,0.7968181883783783,0.7491121399999994,0.31167787000000047,1.5800383700000005,0.4427896615380889,0.986170422617832,0.0015192910664697,0.0023472126680532997,1.0486556937289129,0.9918059919673511,0.4151874653751042,1.460742323623942,0.0,1.1451410481034965,1.073617015414398,0.5394009305086757,1.5820390300029537,0.0,1.2424379835839388,1.1602036320690146,0.6470742410942263,1.907932881180492,0.0,1.0069122658612322,0.9435406815042902,0.3736745367040558,1.4529758552575074,0.0,1.127089109162227,1.051778708312066,0.4973490734081073,1.61537489705119,0.0,1.2447142251654475,1.1606452983237883,0.6210236101121632,2.001265267839548,0.0,0.07769148999999942,0.078224780537601,0.00036318399065695,2.25,True,True,0.3249061399999995,0.31167787000000047,1.5563687895786815,1.5820390300029537,0.4427896615380889,0.0015192910664697,1,1,True,True,0.36798582500000165,0.31167787000000047,1.5231977671526367,1.5820390300029537,0.49616886174113883,0.0017282132508271999,2,2,True,True,True,True,True,True
2024-09-27,Diurnally oscillating stratification,Diurnally oscillating stratification,Diurnally oscillating stratification,1.1333802140972222,2.8809024700000023,-0.02128085000000013,0.09276318916666722,0.09498454500000086,2.9021833200000025,0.2152777777777778,1.3042134413632573,2.8628980691797854,0.0892846093541872,0.11855677691237845,2.8077379390824118,0.00317879736375615,0.0078699270207586,0.0006078075737751499,0.0074309155919444,1.0229567036580638,0.2761723972768087,2.25,1.9738276027231914,0.1597222222222222,2.24296453109525,1.1302044809810374,0.3027190152979488,2.25,1.9472809847020511,0.2152777777777778,2.25,1.2217413389474756,0.3296771759843509,2.25,1.9203228240156491,0.2986111111111111,2.25,1.007740045268469,0.2812947877310542,2.25,1.968705212268946,0.1597222222222222,2.2398788621017185,1.123964619967688,0.3125895754621073,2.25,1.9374104245378927,0.2152777777777778,2.25,1.2206874518280746,0.3438843631931615,2.25,1.9061156368068386,0.2986111111111111,2.25,0.933046575,0.017215209999998038,1.0841504317111723,0.0024742372969666,1.2587683580776785,1.9180431998197363,0.3779761904761905,74,12.333333333333332,0.0,0.0,0.9265454712162163,0.5314280650000001,-0.02128085000000013,2.4855478300000016,0.0551601300973737,0.606702913127636,0.0004390114288142,0.00179244839413245,1.2566367196122377,1.33879445643031,0.2992392028691695,2.25,0.12162162162162163,1.3671382584539877,1.458475438761195,0.3482420835123592,2.25,0.20270270270270271,1.4561395894041163,1.5669135469551008,0.3970135576238263,2.25,0.32432432432432434,1.2260596581061647,1.3161900677156815,0.2981922991481844,2.25,0.12162162162162163,1.3497029958492217,1.450978270615796,0.3463845982963672,2.25,0.20270270270270271,1.4472988834831095,1.5857664735159154,0.3945768974445516,2.25,0.32432432432432434,0.07769148999999942,0.078224780537601,0.00036318399065695,2.25,True,False,-0.004364189999998658,-0.02128085000000013,2.25,2.25,0.0551601300973737,0.0004390114288142,1,1,False,False,0.07133409000000057,-0.02128085000000013,2.25,2.25,0.07222236972578044,0.00044449055758285,2,2,False,False,True,True,False,False
2024-09-28,Diurnally oscillating stratification,Diurnally oscillating stratification,Diurnally oscillating stratification,1.2526958556249999,2.9606505799999994,0.14566350999999855,0.35969005416666605,0.3498315699999992,2.814987070000001,0.0763888888888889,1.467589886183157,3.019284722911621,0.438858179017424,0.5058453061713332,2.823264248838246,0.0035113733694151503,0.0082279539958488,0.0015824274903915,0.0075045994876307,0.8648728466723079,0.2780606170436869,2.116735905069147,1.8386752880254602,0.0,1.4475300719053061,0.9931930596534024,0.3065547360484922,2.25,1.9434452639515079,0.0763888888888889,1.5825264835630328,1.0966357571299157,0.3355291481584255,2.25,1.9144708518415745,0.16666666666666666,1.8312383106714067,0.8416298351186433,0.2834755069356701,2.057570147617143,1.774094640681473,0.0,1.4373138802611807,0.9853503254557577,0.3169510138713391,2.25,1.9330489861286608,0.0763888888888889,1.6084315474750643,1.0967953342985162,0.3504265208070093,2.25,1.8995734791929908,0.16666666666666666,1.8777665859193369,0.9358569075000001,0.026121514999999818,1.1427838694648336,0.00248796069956195,1.1302044809810374,1.9434452639515079,0.28174603174603174,74,12.333333333333332,0.0,0.0,1.0734598798648645,0.9225182299999997,0.2357735699999992,2.5425042799999993,0.2947498563354996,1.137420253364669,0.0008472889595181,0.0028939393539975,0.9948966385697717,0.9694979015330949,0.2954376192992179,1.6457584523943645,0.0,1.0979540406616284,1.0312315788846975,0.340950654389885,2.0841055079959445,0.0,1.2137697625584103,1.0918187692784151,0.3865396770634698,2.25,0.08108108108108109,0.9589441321739471,0.9170181033717114,0.2958199999424507,1.6461508473186774,0.0,1.0795542096296202,0.9986450778757779,0.3416399998848997,2.08863307117245,0.0,1.2081508161784986,1.080272052379847,0.3874599998273504,2.25,0.08108108108108109,0.5314280650000001,0.606702913127636,0.00179244839413245,1.458475438761195,True,True,0.27020446499999906,0.2357735699999992,1.7833007779165628,2.0841055079959445,0.2947498563354996,0.0008472889595181,1,1,True,True,0.30990904999999813,0.2357735699999992,1.6357820829398642,2.0841055079959445,0.3668040176764618,0.0010821504562863,2,2,True,True,True,True,True,True
2024-09-29,Diurnally oscillating stratification,Diurnally oscillating stratification,Diurnally oscillating stratification,1.3025206404166667,3.0718539400000004,0.06449227999999962,0.34277283583333357,0.3450589199999996,3.007361660000001,0.10416666666666667,1.525007035709006,3.0644482969682905,0.385707401584421,0.4557748475418343,2.9176200548333306,0.00333611448838245,0.0085707978427782,0.00120282040077005,0.007939544161809099,0.8839189676949696,0.2745317954095055,2.25,1.9754682045904945,0.020833333333333332,1.506393494536605,1.0069238514600258,0.2993967111997393,2.25,1.9506032888002607,0.10416666666666667,1.74806026218039,1.0989907881190346,0.3246271453642296,2.25,1.9253728546357705,0.1736111111111111,2.0764073324647017,0.8629604083508282,0.2795364256226346,2.25,1.9704635743773653,0.020833333333333332,1.498730800755247,0.9975979895584355,0.3090728512452682,2.25,1.940927148754732,0.10416666666666667,1.7529074303686096,1.0976698497235398,0.3386092768679028,2.25,1.9113907231320972,0.1736111111111111,2.0969573840658193,1.0967413915972224,0.09498454500000086,1.2668857457816631,0.00317879736375615,1.1244662151562965,1.9456503958319522,0.20734126984126985,74,12.333333333333332,0.0,0.0,1.1968630309459458,0.9274417599999989,0.1850149500000029,2.8344660600000005,0.2235880547773747,1.1437996732115123,0.0009199682141145,0.0028847735910476503,0.9986369291849294,0.9808846325824467,0.2824525525036497,2.0823579180698,0.0,1.1063697354463735,1.0494224215116974,0.3153174527887161,2.25,0.013513513513513514,1.2074208186706288,1.1175285423356445,0.3486240553456095,2.25,0.0945945945945946,0.9653799843517608,0.9270960485322313,0.2861300431533626,2.016443458844323,0.0,1.087431838095367,1.0176524645179787,0.3222600863067241,2.25,0.013513513513513514,1.2000645346541738,1.1069307455305095,0.3583901294600867,2.25,0.0945945945945946,0.5663355100000018,0.6461145697080206,0.002049725359999,1.287945629224517,True,False,0.23847902000000154,0.1850149500000029,2.1119072745381384,2.25,0.2235880547773747,0.0009439829821465,1,1,True,False,0.29115693500000006,0.1850149500000029,1.8636519402210032,2.25,0.30464772818089786,0.0009319755981305,2,2,True,False,True,True,True,True
2024-09-30,Diurnally oscillating stratification,Diurnally oscillating stratification,Diurnally oscillating stratification,0.7651556414583335,2.059502809999998,-0.025153709999997886,0.484718301666667,0.4843713550000004,2.084656519999996,0.1527777777777778,0.9802544979624531,2.2930239556344474,0.6094623329774987,0.6803405106474046,2.206869391388146,0.002344983842351,0.0054274716706702,0.0021545440908397,0.004824459438819599,1.1967106231230291,0.3147927832905537,2.25,1.9352072167094463,0.125,1.4226418072905995,1.3246513934478363,0.3800178621421445,2.25,1.8699821378578556,0.1527777777777778,1.5272124539816292,1.4506689403260116,0.4456888378827412,2.25,1.8043111621172587,0.1736111111111111,1.6402129099957805,1.1726394247342193,0.3154661201502594,2.25,1.9345338798497407,0.125,1.4019931815946272,1.3139987925989969,0.3809322403005164,2.25,1.8690677596994836,0.1527777777777778,1.5324165473668565,1.448840140268778,0.4463983604507758,2.25,1.8036016395492243,0.1736111111111111,1.663980418074261,1.0967413915972224,0.3450589199999996,1.2668857457816631,0.00317879736375615,1.1244662151562965,1.9456503958319522,0.1706349206349207,73,12.166666666666666,0.0,0.0,0.4593541841095891,0.46690188999999904,-0.025153709999997886,1.1155303299999986,0.0861545642463014,0.5755649251640701,0.0006030122318506,0.00166857900403495,1.5474984153167013,1.4168061559670506,0.9247163909665942,2.25,0.2465753424657534,1.6415294691148996,1.5381553958536045,0.9729190294953936,2.25,0.3013698630136986,1.7265128231565916,1.659077755452387,1.017743877129835,2.25,0.3287671232876712,1.52436046100579,1.3933355671470302,0.8696099303299807,2.25,0.2465753424657534,1.6344489484471987,1.5472678803517104,0.9305865179423296,2.25,0.3013698630136986,1.7300086838511095,1.6847868732692006,0.9915631055546804,2.25,0.3287671232876712,0.5663355100000018,0.6461145697080206,0.002049725359999,1.287945629224517,True,False,0.4113208000000004,0.3852491899999997,1.565770945450558,1.5906195028182213,0.5218039404345868,0.0014354093828673,1,1,True,True,0.44099154500000104,0.3852491899999997,1.5476663536888646,1.5906195028182213,0.5656331367060428,0.00166857900403495,2,2,True,True,True,True,True,True
2024-10-01,Near-isothermal mixing,Near-isothermal mixing,Near-isothermal mixing,0.021612421597222185,0.1797793900000002,-0.08184798999999998,0.015869662500000697,0.025377145000000212,0.2616273800000002,1.0,0.1031770916452361,0.241644475724824,0.0903568899655372,0.09754622011665146,0.1790324588507928,0.0006423185328104999,0.0009210405021442,0.00064603873109345,0.0003179750795228,2.209762394171889,1.0950666021928013,2.25,1.1549333978071987,0.9583333333333334,2.25,2.25,2.25,2.25,0.0,1.0,2.25,2.25,2.25,2.25,0.0,1.0,2.25,2.2108066559876907,1.117101881545968,2.25,1.132898118454032,0.9583333333333334,2.25,2.25,2.25,2.25,0.0,1.0,2.25,2.25,2.25,2.25,0.0,1.0,2.25,1.0967413915972224,0.3450589199999996,1.2668857457816631,0.00317879736375615,1.1244662151562965,1.9434452639515079,0.2589285714285715,76,12.666666666666666,0.0,0.0,0.00577297131578963,0.009139345000001242,-0.08184798999999998,0.050674370000002966,0.0626120168740312,0.087823340700645,0.0006055496004296,0.00062898146828235,2.25,2.25,2.25,2.25,1.0,2.25,2.25,2.25,2.25,1.0,2.25,2.25,2.25,2.25,1.0,2.25,2.25,2.25,2.25,1.0,2.25,2.25,2.25,2.25,1.0,2.25,2.25,2.25,2.25,1.0,0.5663355100000018,0.6461145697080206,0.002049725359999,1.287945629224517,False,False,0.012131205000001088,-0.0041066300000025535,2.25,2.25,0.0955838960484359,0.0006139713025407,1,1,False,False,0.012131205000001088,-0.037741899999996775,2.25,2.25,0.09297039300698655,0.0006358636646428,2,2,False,False,True,True,False,False
2024-10-02,Near-isothermal mixing,Near-isothermal mixing,Near-isothermal mixing,0.40599187291666644,1.5736219899999995,-0.11102045999999888,-6.3525000003987015e-06,0.0032470100000008273,1.6846424499999983,0.5972222222222222,0.530258640928616,1.7715363017204124,0.0752761598810851,0.07960557566494925,1.7018261262345244,0.00072588916148645,0.0051765504327219,0.0006216586761532,0.0045702157482112,1.5890176212283655,0.3429432224987186,2.25,1.9070567775012814,0.5486111111111112,2.25,1.6824446831482813,0.4318572799489192,2.25,1.818142720051081,0.5972222222222222,2.25,1.7424220860439998,0.5173932492518143,2.25,1.7326067507481857,0.6180555555555556,2.25,1.5749432462262087,0.334851774217508,2.25,1.915148225782492,0.5486111111111112,2.25,1.6730740378348772,0.4197035484350131,2.25,1.8302964515649869,0.5972222222222222,2.25,1.7397276561934991,0.5045553226525212,2.25,1.7454446773474788,0.6180555555555556,2.25,0.9358569075000001,0.3450589199999996,1.1427838694648336,0.00248796069956195,1.1302044809810374,1.8699821378578556,0.3065476190476191,75,12.5,0.0,0.0,0.0735908805333331,0.010163389999998884,-0.062013939999999934,0.7410395299999983,0.069710175485888,0.0827569971149256,0.0006063346845107,0.0006329362747971,2.075752743842973,2.25,0.985518191073903,2.25,0.8266666666666667,2.1224900403859244,2.25,1.0491835499642896,2.25,0.8666666666666667,2.148943621745498,2.25,1.11383737961182,2.25,0.88,2.075231248643399,2.25,0.9404836170290038,2.25,0.8266666666666667,2.1240708962837846,2.25,1.0264864895593455,2.25,0.8666666666666667,2.152983492184354,2.25,1.1124893620896903,2.25,0.88,0.5314280650000001,0.606702913127636,0.00179244839413245,1.458475438761195,False,False,0.008616309999998961,0.004120620000001907,2.25,2.25,0.0749300772216021,0.0006063346845107,1,1,False,False,0.004582850000000249,-0.02536527000000177,2.25,2.25,0.07943253433520775,0.0006206900906718499,2,2,False,False,True,True,False,False
2024-10-03,Near-isothermal mixing,Near-isothermal mixing,Near-isothermal mixing,0.2708129836805557,1.1904464000000026,-0.04690267000000148,0.0025968108333328153,0.004690554999999819,1.237349070000004,0.5833333333333334,0.37873239240632445,1.2390598336799652,0.0798953533890002,0.08185121169599119,1.1663513969019008,0.00072099866309665,0.0035858555890548,0.00062818394916915,0.0029639184468211,1.6284780624504542,0.414463755643648,2.25,1.8355362443563519,0.5277777777777778,2.25,1.7401991651778,0.5502099736573135,2.25,1.6997900263426864,0.5833333333333334,2.25,1.8560964743654722,0.6712132474006007,2.25,1.5787867525993993,0.6666666666666666,2.25,1.6182925582768717,0.3852723268666417,2.25,1.8647276731333582,0.5277777777777778,2.25,1.7386369827849582,0.5205446537332786,2.25,1.7294553462667213,0.5833333333333334,2.25,1.858360266256634,0.6558169805999203,2.25,1.5941830194000797,0.6666666666666666,2.25,0.7651556414583335,0.09498454500000086,0.9802544979624531,0.002344983842351,1.3246513934478363,1.8699821378578556,0.38988095238095244,74,12.333333333333332,0.0,0.0,0.05146233527027042,0.005174050000000818,-0.04690267000000148,0.4513995500000014,0.0727084367780643,0.08331145809757545,0.0006219371422337,0.0006505207951166,2.091323418855884,2.25,1.090798044243784,2.25,0.8243243243243243,2.149234640121305,2.25,1.2122344307394723,2.25,0.8783783783783784,2.190639690407069,2.25,1.382068856645794,2.25,0.918918918918919,2.09443028252849,2.25,1.0725319248396383,2.25,0.8243243243243243,2.153508334692314,2.25,1.2167037832310368,2.25,0.8783783783783784,2.194868474162127,2.25,1.4234846182540284,2.25,0.918918918918919,0.46690188999999904,0.5755649251640701,0.00166857900403495,1.5381553958536045,False,False,0.01074505999999964,-0.02019294000000116,2.25,2.25,0.0875028316382643,0.0006556559151085,1,1,False,False,0.004690554999999819,-0.044613610000002524,2.25,2.25,0.08369909251363225,0.0006445910312239,2,2,False,False,True,True,False,False
2024-10-04,Near-isothermal mixing,Near-isothermal mixing,Near-isothermal mixing,0.5302259161805556,1.9868290200000018,-0.05662637000000004,0.0019148974999995498,0.00621654499999913,2.043455390000002,0.5138888888888888,0.612693352701737,1.8061405968366704,0.0836623065964994,0.08543756877333031,1.7352718137887735,0.0009305200717305,0.0046713387168654,0.0006650823177279,0.0040462922167155,1.4381192054266907,0.2933647165996117,2.25,1.9566352834003884,0.4583333333333333,2.25,1.5313196314630417,0.3376299908337063,2.25,1.9123700091662936,0.5138888888888888,2.25,1.6035061273914275,0.3829093261738747,2.25,1.8670906738261253,0.5486111111111112,2.25,1.4322240673561686,0.2995158273083636,2.25,1.9504841726916364,0.4583333333333333,2.25,1.5290667627498702,0.3490316546167255,2.25,1.9009683453832746,0.5138888888888888,2.25,1.6051158425299845,0.3985474819250891,2.25,1.8514525180749108,0.5486111111111112,2.25,0.5302259161805556,0.025377145000000212,0.612693352701737,0.0009305200717305,1.5313196314630417,1.8699821378578556,0.43253968253968267,75,12.5,0.0,0.0,0.24890382279999979,0.015705269999997995,-0.05662637000000004,1.2282249999999983,0.0708687830478968,0.0877431267501918,0.0006250465001499,0.0006700367118968,1.7588214448002073,2.25,0.7226778521555867,2.25,0.56,1.8483130727945423,2.25,0.8362048095535705,2.25,0.64,1.904817106832545,2.25,0.8898353352691756,2.25,0.68,1.7553288957055444,2.25,0.7020274970134586,2.25,0.56,1.8473628443656958,2.25,0.7979312127887628,2.25,0.64,1.9075015388038508,2.25,0.8515531861983563,2.25,0.68,0.015705269999997995,0.087823340700645,0.0006700367118968,2.25,False,False,-0.0010084150000011505,-0.015439180000001329,2.25,2.25,0.0877431267501918,0.0006688173798042,1,1,False,False,0.004878589999998795,-0.03693274999999829,2.25,2.25,0.0874779788501765,0.0006644726516816,2,2,False,False,True,True,False,False
2024-10-05,Decaying stratification,Decaying stratification,Decaying stratification,0.40695621965277795,1.3541852299999988,-0.03405817000000155,-0.015561600833332948,-0.018790659999998738,1.3882434000000003,0.4930555555555556,0.5005379973520071,1.303406768807321,0.074790036095287,0.07503332839388635,1.2286167327120339,0.00115557877330035,0.0034727214275038,0.000674898129024,0.0028085446767073,1.4097985012283851,0.3462287185572853,2.25,1.9037712814427148,0.4027777777777778,2.25,1.557493409556547,0.4393162282438388,2.25,1.8106837717561612,0.4930555555555556,2.25,1.6538120078163037,0.5296619868229723,2.25,1.7203380131770278,0.5555555555555556,2.25,1.4007698492412475,0.3400401786289109,2.25,1.909959821371089,0.4027777777777778,2.25,1.5542791075718823,0.4300803572578187,2.25,1.8199196427421813,0.4930555555555556,2.25,1.6543761223255262,0.5201205358867296,2.25,1.7298794641132704,0.5555555555555556,2.25,0.40695621965277795,0.00621654499999913,0.530258640928616,0.0009305200717305,1.557493409556547,1.818142720051081,0.4920634920634921,76,12.666666666666666,0.0,0.0,0.1927055060526315,0.025954909999999387,-0.03405817000000155,0.9087827500000003,0.074790036095287,0.0961253481902049,0.0006641767507965,0.000701332886043,1.789126750306314,2.25,0.7926013042865884,2.25,0.5789473684210527,1.8801597447091942,2.25,0.8833741108205487,2.25,0.6578947368421053,1.9561642780716693,2.25,0.9472652290078204,2.25,0.7236842105263158,1.7878095018988736,2.25,0.7665117328346366,2.25,0.5789473684210527,1.8826656718665113,2.25,0.8424873736462392,2.25,0.6578947368421053,1.9618838293467888,2.25,0.9184630144578444,2.25,0.7236842105263158,0.015705269999997995,0.087823340700645,0.0006700367118968,2.25,False,False,-0.02487515500000015,-0.03405817000000155,2.25,2.25,0.0824423228819393,0.0006882541438405,1,1,False,False,-0.02129088500000087,-0.03405817000000155,2.25,2.25,0.07861617948861316,0.0006762154473184999,2,2,False,False,True,True,False,False
2024-10-06,Decaying stratification,Decaying stratification,Decaying stratification,0.13940470138888894,0.5750148100000025,-0.043601890000001475,-0.004756056666666157,-0.004192119999999022,0.618616700000004,0.6805555555555556,0.24091185765062773,0.6479740800973085,0.0883238647016292,0.0900527310318822,0.5720012429824483,0.0007988636436168999,0.0022239538370596,0.00073778512431005,0.0015076174318483,1.7876015084466914,0.8420910117702778,2.25,1.4079089882297222,0.6180555555555556,2.25,1.8931814250561756,0.945875489190991,2.25,1.3041245108090092,0.6805555555555556,2.25,2.0081158831564596,1.0330078289705575,2.25,1.2169921710294425,0.7777777777777778,2.25,1.7841067079023882,0.8041021887753912,2.25,1.4458978112246088,0.6180555555555556,2.25,1.8975624457373614,0.9217350264807976,2.25,1.3282649735192025,0.6805555555555556,2.25,2.013845889249285,1.0393678641862083,2.25,1.2106321358137917,0.7777777777777778,2.25,0.40599187291666644,0.004690554999999819,0.5005379973520071,0.0007988636436168999,1.6824446831482813,1.8106837717561612,0.574404761904762,76,12.666666666666666,0.0,0.0,0.02655985526315799,0.004295249999998418,-0.043601890000001475,0.3162512599999978,0.0759728371148602,0.0965567786537944,0.0007163364052113,0.0007400587903802,2.1380982194292133,2.25,1.0753908147088034,2.25,0.881578947368421,2.1920409511719785,2.25,1.1880594172543653,2.25,0.9342105263157895,2.2410601353852564,2.25,1.5705702892794882,2.25,0.9868421052631579,2.1423474687855273,2.25,1.0832717595726793,2.25,0.881578947368421,2.1956507234263434,2.25,1.2119167083647828,2.25,0.9342105263157895,2.2423296027663815,2.25,1.6670498102450009,2.25,0.9868421052631579,0.010163389999998884,0.087823340700645,0.0006700367118968,2.25,False,False,-0.008749734999998537,-0.012274279999999749,2.25,2.25,0.0955979504811362,0.0007256882930787,1,1,False,False,-0.0063412149999990675,-0.012575219999998666,2.25,2.25,0.0919609075913827,0.0007316039223729501,2,2,False,False,True,True,False,False
2024-10-07,Decaying stratification,Decaying stratification,Decaying stratification,0.006153156180555477,0.054685559999999356,-0.040500310000002315,-0.002475259166666355,0.00025523999999954583,0.09518587000000167,1.0,0.10562427489692548,0.1376941055675524,0.0912718158757564,0.09267285455134716,0.046422289691796,0.000790540970121,0.0008602460013227,0.0007445441573279499,0.00012427669701590006,2.25,2.25,2.25,0.0,1.0,2.25,2.25,2.25,2.25,0.0,1.0,2.25,2.25,2.25,2.25,0.0,1.0,2.25,2.25,2.25,2.25,0.0,1.0,2.25,2.25,2.25,2.25,0.0,1.0,2.25,2.25,2.25,2.25,0.0,1.0,2.25,0.2708129836805557,0.0032470100000008273,0.37873239240632445,0.000790540970121,1.7401991651778,1.6997900263426864,0.695436507936508,81,13.5,0.0,0.0,-7.62285185186627e-05,0.00373249999999814,-0.040500310000002315,0.031788880000000574,0.0912718158757564,0.0988531144203478,0.0007359693043068,0.0007760206621111,2.25,2.25,2.25,2.25,1.0,2.25,2.25,2.25,2.25,1.0,2.25,2.25,2.25,2.25,1.0,2.25,2.25,2.25,2.25,1.0,2.25,2.25,2.25,2.25,1.0,2.25,2.25,2.25,2.25,1.0,0.009139345000001242,0.087823340700645,0.0006700367118968,2.25,False,False,0.00018084999999956608,-0.03500803000000019,2.25,2.25,0.0988136015266186,0.0007807600187711,1,1,False,False,0.0007478350000003076,-0.03500803000000019,2.25,2.25,0.09851388441093259,0.0007757575076942,2,2,False,False,True,True,False,False
2024-10-08,Decaying stratification,Decaying stratification,Decaying stratification,0.79352711875,2.327546999999999,-0.025142410000000837,0.0036243091666673757,0.0059177399999992275,2.35268941,0.3888888888888889,0.8373762380686642,1.9540998688695383,0.101030486058017,0.1054368903957155,1.853924853629541,0.002424908087555,0.0052199327223274,0.00082099867167775,0.0044461680651280006,1.2163294549429227,0.2878197930363406,2.25,1.9621802069636594,0.375,2.25,1.2832851147502204,0.3262524613284165,2.25,1.9237475386715834,0.3888888888888889,2.25,1.3476889024877106,0.3653554550254674,2.25,1.8846445449745326,0.4097222222222222,2.25,1.202147618807723,0.2925409386128901,2.25,1.95745906138711,0.375,2.25,1.2752239811646957,0.3350818772257788,2.25,1.9149181227742211,0.3888888888888889,2.25,1.3449576037914681,0.3776228158386689,2.25,1.872377184161331,0.4097222222222222,2.25,0.40599187291666644,0.0032470100000008273,0.5005379973520071,0.0007988636436168999,1.6824446831482813,1.8106837717561612,0.6081349206349207,76,12.666666666666666,0.0,0.0,0.5604279232894737,0.019941585000001538,-0.025142410000000837,1.9449987400000026,0.1001750152399975,0.109843294733414,0.0007737646571994,0.0008279638546702,1.5250727320927986,2.25,0.3142196157320286,2.25,0.5131578947368421,1.5584733573660692,2.25,0.3773975731677801,2.25,0.5131578947368421,1.587531367058537,2.25,0.4396028863261771,2.25,0.5131578947368421,1.5043339377435865,2.25,0.3109223294642055,2.25,0.5131578947368421,1.545028923943374,2.25,0.371844658928409,2.25,0.5131578947368421,1.5805298299264439,2.25,0.4327669883926145,2.25,0.5131578947368421,0.010163389999998884,0.0961253481902049,0.000701332886043,2.25,False,False,0.007201329999999118,-0.003431070000001313,2.25,2.25,0.101288171754286,0.0007778771097613,1,1,False,False,0.007399154999998103,-0.025142410000000837,2.25,2.25,0.10115932890615151,0.0007959552992233001,2,2,False,False,True,True,False,False
2024-10-09,Decaying stratification,Decaying stratification,Decaying stratification,0.8905176423611112,2.3867485399999993,-0.01380989000000099,0.0890875349999997,0.08741931499999822,2.4005584300000002,0.22916666666666666,0.9444832858315156,2.014952468219305,0.165207527193838,0.2099750645255678,1.907665727990008,0.0025785905421626997,0.0057138244602991,0.00084817518624715,0.0048838537620183005,1.0015399818401116,0.2840224434667663,2.25,1.9659775565332338,0.16666666666666666,2.25,1.1240398418951116,0.3185839277183181,2.25,1.931416072281682,0.22916666666666666,2.25,1.2333226469734766,0.353735943304591,2.25,1.896264056695409,0.2916666666666667,2.25,0.9923048455108954,0.2888818304110027,2.25,1.9611181695889974,0.16666666666666666,2.25,1.1213008349273221,0.327763660822004,2.25,1.922236339177996,0.22916666666666666,2.25,1.2361555632944514,0.3666454912330067,2.25,1.8833545087669932,0.2916666666666667,2.25,0.40695621965277795,0.004690554999999819,0.5005379973520071,0.0009305200717305,1.557493409556547,1.8106837717561612,0.5555555555555556,75,12.5,0.0,0.0,0.7074830112000001,0.5262410700000011,-0.01380989000000099,2.0326697100000004,0.1072867402292973,0.6484927693353182,0.0008299706982808,0.0021902142231211,1.157311626978517,1.0348537617461664,0.3057066040280408,2.25,0.14666666666666667,1.2878870657591417,1.104760060404545,0.3612303109840684,2.25,0.22666666666666666,1.41589987530756,1.1863011065825944,0.4165737594970733,2.25,0.3333333333333333,1.1455691357058517,1.0180644075868155,0.3049910111143328,2.25,0.14666666666666667,1.2852347174983443,1.1124701302653583,0.3599820222286637,2.25,0.22666666666666666,1.4173375192892093,1.2044682618625702,0.4149730333429966,2.25,0.3333333333333333,0.015705269999997995,0.0965567786537944,0.0007400587903802,2.25,True,False,0.005985555000000531,-0.01380989000000099,2.25,2.25,0.1072867402292973,0.0008447276911819,1,1,False,False,0.04002823499999941,-0.01380989000000099,2.25,2.25,0.13624713371156766,0.0008555536826977,2,2,False,False,True,True,False,False
2024-10-10,Decaying stratification,Decaying stratification,Decaying stratification,0.645997268888889,1.58985603,-0.033531529999997645,0.06859467749999985,0.06658840499999918,1.6233875599999976,0.2569444444444444,0.7313015845177273,1.432224613329345,0.1507648579494134,0.19562476753441105,1.3239091895585466,0.0023532031925277003,0.0037243600155696,0.00094018386223235,0.0028192223422615,1.0647929716265545,0.3118507879915632,2.25,1.9381492120084367,0.1736111111111111,2.25,1.2144219716602398,0.3745446059559366,2.25,1.8754553940440635,0.2569444444444444,2.25,1.3326915436778908,0.4381389933372331,2.25,1.811861006662767,0.3194444444444444,2.25,1.0552774329322785,0.315080755390246,2.25,1.934919244609754,0.1736111111111111,2.25,1.2122657281778813,0.3801615107804897,2.25,1.8698384892195103,0.2569444444444444,2.25,1.335898305509339,0.4452422661707358,2.25,1.8047577338292642,0.3194444444444444,2.25,0.5302259161805556,0.0059177399999992275,0.612693352701737,0.00115557877330035,1.5313196314630417,1.8754553940440635,0.5089285714285715,76,12.666666666666666,0.0,0.0,0.548812640394737,0.466441715000002,-0.018057569999999856,1.49480024,0.1083154237707985,0.6133430875654041,0.0009051376733081,0.0023881846169685,1.185780061379355,1.0472381423131356,0.3397106170079447,2.25,0.15789473684210525,1.319224602116044,1.1167348443442133,0.4261619165553393,2.25,0.23684210526315788,1.437660239338057,1.2096485720644137,0.5091679380436892,2.25,0.3157894736842105,1.1776303293485524,1.0426968992302719,0.3321009865780009,2.25,0.15789473684210525,1.3205794653549028,1.1350093679036983,0.414201973155999,2.25,0.23684210526315788,1.4453416249637674,1.227321836577128,0.4963029597339999,2.25,0.3157894736842105,0.019941585000001538,0.0988531144203478,0.0007760206621111,2.25,True,False,0.007417654999999357,-0.018057569999999856,2.25,2.25,0.1083154237707985,0.0009051376733081,1,1,False,False,0.03829991000000099,-0.018057569999999856,2.25,2.25,0.12954014086010596,0.00092293908797695,2,2,False,False,True,True,False,False
2024-10-11,Decaying stratification,Decaying stratification,Decaying stratification,0.9460424750694446,2.3433776099999974,-0.038164639999997974,-0.0061136758333327395,-0.0009642799999998175,2.3815422499999954,0.3402777777777778,0.9920447011038515,2.0992775287685084,0.1137990857653263,0.11808869408077895,1.985478443003182,0.0025491571864825497,0.0056539489170052,0.00098703620924685,0.0047057281030363,1.07728911432286,0.2876009621194398,2.25,1.9623990378805602,0.2708333333333333,2.25,1.1908511060158953,0.3257299028165673,2.25,1.9242700971834328,0.3333333333333333,2.25,1.2824666413700152,0.3644276993972007,2.25,1.8855723006027993,0.3819444444444444,2.25,1.067125818602101,0.2915279156712224,2.25,1.9584720843287777,0.2708333333333333,2.25,1.183709456740372,0.3330558313424433,2.25,1.9169441686575568,0.3333333333333333,2.25,1.2785151331172153,0.3745837470136657,2.25,1.8754162529863343,0.3819444444444444,2.25,0.645997268888889,0.00025523999999954583,0.7313015845177273,0.0023532031925277003,1.2832851147502204,1.8754553940440635,0.4841269841269842,76,12.666666666666666,0.0,0.0,0.8243062397368423,0.3054459250000008,-0.038164639999997974,2.309319030000001,0.1137990857653263,0.4499391953173121,0.0009482208139689,0.001625340199942,1.2884690316873664,1.1360086602173314,0.2922286845305876,2.25,0.35526315789473684,1.3937194515802989,1.302156579180302,0.334937753619255,2.25,0.42105263157894735,1.479517355453406,1.6558468722477344,0.3781552477322599,2.25,0.4868421052631579,1.275882246395783,1.1516558116775417,0.2951638601753631,2.25,0.35526315789473684,1.3836093131939724,1.3289841827669693,0.3403277203507246,2.25,0.42105263157894735,1.4705505042600888,1.7243485379998655,0.3854915805260878,2.25,0.4868421052631579,0.025954909999999387,0.109843294733414,0.0008279638546702,2.25,True,False,-0.001324819999998894,-0.020477979999999008,2.25,2.25,0.1276659912694092,0.000987864037108,1,1,False,False,-0.0009642799999998175,-0.038164639999997974,2.25,2.25,0.12073253851736775,0.0009877026145414499,2,2,False,False,True,True,False,False
2024-10-12,Decaying stratification,Decaying stratification,Decaying stratification,0.7042982734722221,1.3872627699999995,0.18755627000000175,0.4545253808333329,0.45228372499999914,1.1997064999999978,0.013888888888888888,0.8763317030967178,1.3390490374272612,0.6198373633845689,0.6782441220156917,0.9659893658086751,0.003085504419576,0.0047970812042762,0.00225669345348965,0.0035540408747199003,0.9626762724684439,0.3833222499490114,1.4735861744444394,1.090263924495428,0.0,1.107089484020383,1.0944979260862433,0.4984630268490854,2.25,1.7515369731509147,0.013888888888888888,1.200266076297589,1.2622082061891537,0.6027406422941388,2.25,1.6472593577058612,0.11805555555555555,1.3557645201037367,0.9403249319771584,0.36012854181375,1.5331846328248675,1.1730560910111176,0.0,1.1068748693221888,1.0943139674150935,0.4702570836274961,2.25,1.7797429163725038,0.013888888888888888,1.2115710588257262,1.2712644838215197,0.5803856254412461,2.25,1.669614374558754,0.11805555555555555,1.398916021500244,0.7042982734722221,0.0059177399999992275,0.8373762380686642,0.002424908087555,1.2144219716602398,1.8754553940440635,0.41567460317460325,78,13.0,0.0,0.0,0.6932261874358974,0.6977709749999992,0.30177046999999746,1.1884067400000013,0.489660780598179,0.9019718501764116,0.0013561387660322,0.0032892295033067,1.0064571198720533,1.0003812456915173,0.5432580174074692,1.3692986234497622,0.0,1.0858982440485165,1.0491087071644658,0.6928857782660337,1.5332152002312862,0.0,1.1836575272330174,1.1004414611528408,0.8094451327956681,2.130845785482528,0.0,0.9833265317816902,0.9776549367893265,0.4572542296443217,1.3863817479882277,0.0,1.0825454262792007,1.0457755878192598,0.6645084592886361,1.592450315049006,0.0,1.1981912115738307,1.1150253701614319,0.7901231613541375,2.2169773946598017,0.0,0.3054459250000008,0.4499391953173121,0.001625340199942,1.302156579180302,True,True,0.35177553999999844,0.30899967999999944,1.391299360942893,1.5018541391220264,0.489660780598179,0.0013561387660322,1,1,True,True,0.4060139549999988,0.30899967999999944,1.3223634699106968,1.5018541391220264,0.5547490719913739,0.00161822362997575,2,2,True,True,True,True,True,True
2024-10-13,Decaying stratification,Decaying stratification,Decaying stratification,0.0719969098611111,0.2909551499999985,-0.05085827999999992,-0.012538834166666568,-0.013551539999999918,0.3418134299999984,0.8680555555555556,0.2264586765637919,0.4384844467376401,0.1374407186736428,0.13848072238408765,0.30104372806399726,0.00120556985125195,0.0017955062831991,0.00116074669995405,0.0006524420798324998,1.933277443342375,1.0536778725362894,2.25,1.1963221274637106,0.6458333333333334,2.25,2.142884413918543,1.1773684138347575,2.25,1.0726315861652425,0.8680555555555556,2.25,2.25,2.25,2.25,0.0,1.0,2.25,1.949943154733228,1.0719909997877664,2.25,1.1780090002122336,0.6458333333333334,2.25,2.149011206030062,1.2160727759933208,2.25,1.0339272240066792,0.8680555555555556,2.25,2.25,2.25,2.25,0.0,1.0,2.25,0.7042982734722221,0.0059177399999992275,0.8373762380686642,0.002424908087555,1.2144219716602398,1.8754553940440635,0.4424603174603175,80,13.333333333333332,0.0,0.0,0.038327296624999896,0.0016909600000012404,-0.05085827999999992,0.2909551499999985,0.1374407186736428,0.1498809456283801,0.0011430642033666,0.0011819777965378,2.1166493472156827,2.25,1.389937111578769,2.25,0.8,2.1963826239077267,2.25,1.5702844906568734,2.25,0.9125,2.25,2.25,2.25,2.25,1.0,2.126192570025512,2.25,1.4219365547293847,2.25,0.8,2.2007658738614606,2.25,1.628653498653492,2.25,0.9125,2.25,2.25,2.25,2.25,1.0,0.3054459250000008,0.4499391953173121,0.001625340199942,1.302156579180302,False,False,-0.010306469999999734,-0.05085827999999992,2.25,2.25,0.1412717020470252,0.0011430642033666,1,1,False,False,-0.011215249999999344,-0.05085827999999992,2.25,2.25,0.139356210360334,0.00116008988358585,2,2,False,False,True,True,False,False
2024-10-14,Decaying stratification,Decaying stratification,Decaying stratification,0.19749541388888875,0.7657525599999992,-0.031383900000001574,0.0010549549999998575,0.0030650150000006704,0.7971364600000008,0.6319444444444444,0.3412118566637334,0.77542734064079,0.1515629589759269,0.1527278888206449,0.6287164116753284,0.00131056913001865,0.0026363735215603,0.0012200059458628999,0.0014204558798031,1.684015058023045,0.6128241596365919,2.25,1.6371758403634082,0.5486111111111112,2.25,1.8035963688971148,0.797800631813976,2.25,1.4521993681860241,0.6319444444444444,2.25,1.8887178021222262,0.8914860972163096,2.25,1.3585139027836903,0.6875,2.25,1.682469026176046,0.5482418049116895,2.25,1.7017581950883105,0.5486111111111112,2.25,1.8051735254913348,0.7808020155197946,2.25,1.4691979844802054,0.6319444444444444,2.25,1.8937805855743417,0.8760145466466762,2.25,1.3739854533533238,0.6875,2.25,0.7042982734722221,0.0059177399999992275,0.8373762380686642,0.002424908087555,1.2144219716602398,1.8754553940440635,0.38988095238095244,80,13.333333333333332,0.0,0.0,0.08892820574999986,0.007306599999999719,-0.031383900000001574,0.5205341799999985,0.1467109289654616,0.1573762692826878,0.0012159176417572,0.0012354056070177,1.9334195668279022,2.25,0.9477239568307384,2.25,0.7125,2.0379275094609897,2.25,1.0159152068213169,2.25,0.8,2.12159968995845,2.25,1.084782296301503,2.25,0.875,1.9402844930266325,2.25,0.9114046090766414,2.25,0.7125,2.0451180974859526,2.25,1.0079790424594697,2.25,0.8,2.126471062781392,2.25,1.1045534758423012,2.25,0.875,0.3054459250000008,0.4499391953173121,0.001625340199942,1.302156579180302,False,False,0.003113264999999643,-0.0027636599999993905,2.25,2.25,0.1573762692826878,0.0012354056070177,1,1,False,False,0.003113264999999643,-0.0055454199999971365,2.25,2.25,0.15563454397402535,0.0012267382314128,2,2,False,False,True,True,False,False
2024-10-15,Decaying stratification,Decaying stratification,Decaying stratification,0.4095278550694446,1.1733275400000025,-0.01813034999999985,-0.0011031558333331286,-0.00027959999999893625,1.1914578900000024,0.4166666666666667,0.5455788341294853,1.091451256132894,0.1595281786777799,0.16238132010364537,0.931923077455114,0.0021785703748784004,0.0034388833276335,0.00130455981630615,0.0021466676124451,1.3688484005618848,0.3898254767525497,2.25,1.8601745232474503,0.375,2.25,1.472209660906276,0.5100824820586317,2.25,1.7399175179413682,0.4166666666666667,2.25,1.558896352869808,0.6188370821632887,2.25,1.6311629178367113,0.4513888888888889,2.25,1.3532693674557235,0.3660791194349451,2.25,1.883920880565055,0.375,2.25,1.4690492000179256,0.482158238869886,2.25,1.767841761130114,0.4166666666666667,2.25,1.562677683469884,0.5982373583048313,2.25,1.6517626416951687,0.4513888888888889,2.25,0.645997268888889,0.0030650150000006704,0.7313015845177273,0.0023532031925277003,1.2144219716602398,1.7515369731509147,0.3938492063492064,78,13.0,0.0,0.0,0.297681124615385,0.008904974999998316,-0.01813034999999985,1.038793420000001,0.1595281786777799,0.1677520017584151,0.0012922157151884,0.0013178358230272,1.6059799075373853,2.25,0.5056390955001938,2.25,0.5128205128205128,1.6431542492646503,2.25,0.656861018511262,2.25,0.5128205128205128,1.683873584098627,2.25,0.7842001804511731,2.25,0.5128205128205128,1.5974128793654512,2.25,0.4355752850538482,2.25,0.5128205128205128,1.6446676953740638,2.25,0.6211505701076898,2.25,0.5128205128205128,1.6913991261546988,2.25,0.773396181017227,2.25,0.5128205128205128,0.3054459250000008,0.4499391953173121,0.001625340199942,1.302156579180302,False,False,-0.00156679000000004,-0.010220669999998933,2.25,2.25,0.1649757664630692,0.0013178358230272,1,1,False,False,-0.0001584749999992141,-0.011608410000000902,2.25,2.25,0.16510511399629,0.0013112463850609999,2,2,False,False,True,True,False,False
2024-10-16,Decaying stratification,Decaying stratification,Decaying stratification,0.8681135958333333,2.0051822900000005,0.042168100000001374,0.12093604166666694,0.12442069499999953,1.963014189999999,0.3125,0.9563962512273578,1.7939587223641986,0.3029609942021766,0.3201714097930842,1.5579377673175419,0.00270290855499375,0.004841967417157,0.0015063202200832002,0.0033899120404768,1.0026769214872482,0.3010002155267322,2.25,1.9489997844732678,0.1527777777777778,1.5467284543319682,1.205534829710385,0.3523995788341379,2.25,1.8976004211658621,0.3125,2.25,1.3306750439413877,0.4042131562254735,2.25,1.8457868437745266,0.3958333333333333,2.25,1.0011536812484598,0.3028624258222555,2.25,1.9471375741777446,0.1527777777777778,1.6413776643756735,1.200738762236143,0.355724851644509,2.25,1.894275148355491,0.3125,2.25,1.3273791332018772,0.4085872774667645,2.25,1.8414127225332355,0.3958333333333333,2.25,0.645997268888889,0.0030650150000006704,0.7313015845177273,0.0023532031925277003,1.2144219716602398,1.7515369731509147,0.4057539682539683,78,13.0,0.0,0.0,0.837408061025641,0.33058619999999905,0.06613916999999958,2.0051822900000005,0.262740317211834,0.5515071303088689,0.0014520553766802,0.0024971467998469,1.0109882744257916,1.098737415340047,0.3010002155267322,2.25,0.07692307692307693,1.277956361025711,1.1836521410016447,0.3523995788341379,2.25,0.32051282051282054,1.4426678445649341,1.4748541788974294,0.4042131562254735,2.25,0.46153846153846156,1.0182233620709589,1.1197642488790787,0.3028624258222555,2.25,0.07692307692307693,1.2755753651071091,1.2116497009742746,0.355724851644509,2.25,0.32051282051282054,1.4392060254965404,1.5767050267654739,0.4085872774667645,2.25,0.46153846153846156,0.3054459250000008,0.4499391953173121,0.001625340199942,1.302156579180302,True,False,0.07228758499999977,0.06613916999999958,2.25,2.25,0.262740317211834,0.0014520553766802,1,1,False,False,0.09492868500000107,0.06613916999999958,2.25,2.25,0.2828506557070053,0.0014613267529743,2,2,False,False,True,True,False,False
2024-10-17,Diurnally oscillating stratification,Diurnally oscillating stratification,Diurnally oscillating stratification,0.48548573187499994,0.9971838999999996,0.11376783999999773,0.3203548900000002,0.3223037850000008,0.8834160600000018,0.1388888888888889,0.7073879545983573,1.236743065772093,0.5114929877939624,0.5683644180140631,0.8948139844946787,0.0027368842148815,0.0048348835055581,0.0022297397185915,0.0032238363823856994,1.0986134209502527,0.5725802242878385,1.6709584183854855,1.0983781940976471,0.0,1.1907901850579494,1.3148568166579373,0.7479870218389852,2.25,1.5020129781610148,0.1388888888888889,1.372991565488923,1.5111088678022122,0.8549827131836459,2.25,1.395017286816354,0.3125,1.6827244532643073,1.1019443803467552,0.4985012269748136,1.709406775659065,1.2109055486842513,0.0,1.2064701488851477,1.326913589160634,0.7470024539496184,2.25,1.5029975460503815,0.1388888888888889,1.4256499159337324,1.524217407507865,0.8342082797522858,2.25,1.4157917202477142,0.3125,1.7240262224631628,0.48548573187499994,0.0030650150000006704,0.7073879545983573,0.0025491571864825497,1.3148568166579373,1.7399175179413682,0.38888888888888895,79,13.166666666666666,0.0,0.0,0.42857550367088626,0.3795997900000003,0.17238030000000037,0.9971838999999996,0.4037864241916171,0.6252358482341639,0.0016136349440786,0.0026143513090311,1.143090992599294,1.11233619781445,0.90340916353657,1.4649168615663335,0.0,1.3378995205713426,1.1953573234861112,0.9454682869832114,2.25,0.08860759493670886,1.6071017622623371,1.4000338540028026,0.984035439258175,2.25,0.34177215189873417,1.155895121493248,1.1287871215580498,0.8535102150425871,1.536963769852062,0.0,1.3650719697937446,1.216374167973419,0.9069282913820168,2.25,0.08860759493670886,1.6315758755494723,1.470992867311093,0.9603463677214484,2.25,0.34177215189873417,0.3054459250000008,0.4499391953173121,0.001625340199942,1.302156579180302,True,False,0.2115378949999993,0.176339770000002,1.7671504722125873,2.25,0.4037864241916171,0.0016136349440786,1,1,True,False,0.25570798000000217,0.176339770000002,1.5567156851790478,2.25,0.4576397059927897,0.0017745264179791,2,2,True,False,True,True,True,True
2024-10-18,Diurnally oscillating stratification,Diurnally oscillating stratification,Diurnally oscillating stratification,0.8313184129861112,2.2191460099999993,-0.017146990000000528,0.006779613333333323,0.0075390249999998105,2.236293,0.3819444444444444,0.9706770013804964,2.0629028216587364,0.2084210001856298,0.21478773819777666,1.8574932861645754,0.0030212086131957,0.0053159298370925,0.0016593363314864,0.0036581588595661,1.170880038314564,0.2983682049271789,2.25,1.951631795072821,0.2847222222222222,2.25,1.2949111890588745,0.3468496825270307,2.25,1.9031503174729694,0.3819444444444444,2.25,1.3514112426222677,0.3954456509294579,2.25,1.854554349070542,0.3958333333333333,2.25,1.1611010844157756,0.2989064512607459,2.25,1.9510935487392542,0.2847222222222222,2.25,1.2854678331493927,0.3478129025214901,2.25,1.9021870974785098,0.3819444444444444,2.25,1.346203742544517,0.396719353782236,2.25,1.853280646217764,0.3958333333333333,2.25,0.48548573187499994,0.0075390249999998105,0.7073879545983573,0.00270290855499375,1.3148568166579373,1.7399175179413682,0.3948412698412699,78,13.0,0.0,0.0,0.6533152065384618,0.16238640000000082,-0.017146990000000528,2.2191460099999993,0.205409535494161,0.3824560942931128,0.0016577709775264,0.0018309973045913,1.4351740121897836,1.4317841861227278,0.3013234797766258,2.25,0.3974358974358974,1.552796814661354,2.25,0.3526764489918051,2.25,0.5256410256410257,1.579742264016964,2.25,0.4040589842470604,2.25,0.5256410256410257,1.4310790534216704,1.5086658221937643,0.3013949578339328,2.25,0.3974358974358974,1.5449666898364436,2.25,0.3527899156678637,2.25,0.5256410256410257,1.5745434873011475,2.25,0.4041848735017965,2.25,0.5256410256410257,0.16238640000000082,0.3824560942931128,0.0018309973045913,2.25,False,False,-0.00958575000000117,-0.017146990000000528,2.25,2.25,0.205409535494161,0.0016821571723657,1,1,False,False,-0.0033621549999995892,-0.017146990000000528,2.25,2.25,0.2069152678398954,0.00167152942890605,2,2,False,False,True,True,False,False
2024-10-19,Near-isothermal mixing,Near-isothermal mixing,Near-isothermal mixing,0.05063326965277767,0.47380799999999823,-0.06548774999999907,0.005626915833333375,0.010000055000000785,0.5392957499999973,0.9444444444444444,0.285092366157264,0.6838028774621433,0.2335580674369123,0.2341256465569042,0.455580485594269,0.00188588521227325,0.0027482647377297,0.0018323280559377,0.0009404518114655002,2.0757799399171666,1.0961104047433476,2.25,1.1538895952566524,0.8125,2.25,2.2001319386361367,1.1598105717854663,2.25,1.0901894282145337,0.9444444444444444,2.25,2.2179477450911858,1.268648608160361,2.25,0.981351391839639,0.9583333333333334,2.25,2.082460157888899,1.1067976346216246,2.25,1.1432023653783754,0.8125,2.25,2.202613126910348,1.1821965434817896,2.25,1.0678034565182104,0.9444444444444444,2.25,2.220333861286427,1.279415681008578,2.25,0.9705843189914221,0.9583333333333334,2.25,0.4095278550694446,0.0075390249999998105,0.5455788341294853,0.0021785703748784004,1.472209660906276,1.5020129781610148,0.5277777777777778,80,13.333333333333332,0.0,0.0,0.048439452999999855,0.011536024999999839,-0.06548774999999907,0.47380799999999823,0.2282223918678743,0.2346932256768961,0.0018078129262642,0.0018705838711469,2.1081826792350453,2.25,1.0961104047433476,2.25,0.8375,2.160237489545046,2.25,1.1598105717854663,2.25,0.9,2.192305941164135,2.25,1.268648608160361,2.25,0.925,2.1136320142310456,2.25,1.1067976346216246,2.25,0.8375,2.164703628438626,2.25,1.1821965434817896,2.25,0.9,2.1966009503155695,2.25,1.279415681008578,2.25,0.925,0.011536024999999839,0.2346932256768961,0.0018309973045913,2.25,False,False,0.010239959999999826,-0.005242089999999422,2.25,2.25,0.2341767887125843,0.0018297339082134,1,1,False,False,0.005371704999999949,-0.051979490000000794,2.25,2.25,0.2344350071947402,0.0018382205774909498,2,2,False,False,True,True,False,False
2024-10-20,Near-isothermal mixing,Near-isothermal mixing,Near-isothermal mixing,0.04603099999999993,0.2964768099999979,-0.05294579999999982,0.005407409166666414,0.008798639999998414,0.34942260999999775,0.9166666666666666,0.284787577384118,0.4929370913695501,0.2366836077318755,0.24286271074658738,0.2640646865682396,0.0019514710398018,0.0025869357034225,0.0019075287460614,0.0007258191962202002,2.0781835890619598,1.092384635262056,2.25,1.157615364737944,0.8333333333333334,2.25,2.164759673562622,1.1723655676438771,2.25,1.0776344323561229,0.9166666666666666,2.25,2.25,2.25,2.25,0.0,1.0,2.25,2.084634836973795,1.1225256685043374,2.25,1.1274743314956626,0.8333333333333334,2.25,2.167284787663775,1.2102774888061585,2.25,1.0397225111938415,0.9166666666666666,2.25,2.25,2.25,2.25,0.0,1.0,2.25,0.4095278550694446,0.008798639999998414,0.5455788341294853,0.0021785703748784004,1.472209660906276,1.5020129781610148,0.5347222222222223,80,13.333333333333332,0.0,0.0,0.0005155423749999333,0.0028101950000003484,-0.05294579999999982,0.03560968000000031,0.2288724048013105,0.2401362866030657,0.0018611165072023,0.0019080134989829,2.25,2.25,2.25,2.25,1.0,2.25,2.25,2.25,2.25,1.0,2.25,2.25,2.25,2.25,1.0,2.25,2.25,2.25,2.25,1.0,2.25,2.25,2.25,2.25,1.0,2.25,2.25,2.25,2.25,1.0,0.011536024999999839,0.2401362866030657,0.0018705838711469,2.25,False,False,-0.0035920649999994225,-0.016157029999998684,2.25,2.25,0.2339770328683043,0.00188665716748,1,1,False,False,0.0029837300000021827,-0.030962000000002377,2.25,2.25,0.23533032030008988,0.00189733533323145,2,2,False,False,True,True,False,False
2024-10-21,Near-isothermal mixing,Near-isothermal mixing,Near-isothermal mixing,0.017433826597222233,0.10192072999999979,-0.06488261999999878,0.0034941333333335933,0.008776364999999231,0.16680334999999857,1.0,0.2681467688258279,0.3298866190975481,0.252030396660547,0.25254315226535046,0.09030844266952687,0.00203082544149885,0.0022276585877388,0.0019897218027158,0.0002705837626313999,2.248868237051563,2.087026135425124,2.25,0.16297386457487617,0.9930555555555556,2.25,2.25,2.25,2.25,0.0,1.0,2.25,2.25,2.25,2.25,0.0,1.0,2.25,2.2492693632193848,2.144788303591395,2.25,0.10521169640860517,0.9930555555555556,2.25,2.25,2.25,2.25,0.0,1.0,2.25,2.25,2.25,2.25,0.0,1.0,2.25,0.4095278550694446,0.008798639999998414,0.5455788341294853,0.0021785703748784004,1.472209660906276,1.5020129781610148,0.5873015873015873,84,14.0,0.0,0.0,0.00041717535714286535,0.0024090650000001546,-0.06488261999999878,0.0269177400000018,0.2395781764280212,0.2530559078701539,0.0019570748251074,0.001998344340293,2.25,2.25,2.25,2.25,1.0,2.25,2.25,2.25,2.25,1.0,2.25,2.25,2.25,2.25,1.0,2.25,2.25,2.25,2.25,1.0,2.25,2.25,2.25,2.25,1.0,2.25,2.25,2.25,2.25,1.0,0.011536024999999839,0.2530559078701539,0.0019080134989829,2.25,False,False,-0.0047262050000007605,-0.029620060000002724,2.25,2.25,0.2395781764280212,0.0019665100465952,1,1,False,False,0.0006921099999992464,-0.029620060000002724,2.25,2.25,0.2458042865442841,0.0019738046558669,2,2,False,False,True,True,False,False
2024-10-22,Near-isothermal mixing,Near-isothermal mixing,Near-isothermal mixing,0.15655382923611136,0.6886493700000003,-0.05439576999999929,-0.006279466666666049,0.0006358900000016376,0.7430451399999995,0.6875,0.40601064637443113,0.7988584856691222,0.2529775326772791,0.25626936256316596,0.5458809529918431,0.00215746688400955,0.003609732744751,0.0020630347264965,0.0015602979440366002,1.7973865501484856,0.9448960051240186,2.25,1.3051039948759815,0.6111111111111112,2.25,1.902600705570715,0.9901775605108184,2.25,1.2598224394891817,0.6875,2.25,1.9996497634723671,1.0344318685502951,2.25,1.2155681314497049,0.7638888888888888,2.25,1.8043691535931698,0.9120237720688478,2.25,1.3379762279311522,0.6111111111111112,2.25,1.9114714783219222,0.9766623248519836,2.25,1.2733376751480163,0.6875,2.25,2.0085040561818355,1.041300877635122,2.25,1.208699122364878,0.7638888888888888,2.25,0.15655382923611136,0.008798639999998414,0.40601064637443113,0.00215746688400955,1.902600705570715,1.2598224394891817,0.6259920634920635,81,13.5,0.0,0.0,0.021642924938271888,0.008694649999998916,-0.05439576999999929,0.2606920300000013,0.2529775326772791,0.2667193641763232,0.0020494348007144,0.00208477313200325,2.174797600886741,2.25,1.1516834954461672,2.25,0.9259259259259259,2.2170777539192628,2.25,1.2995098127447615,2.25,0.9629629629629629,2.25,2.25,2.25,2.25,1.0,2.17798458023138,2.25,1.1880069776822149,2.25,0.9259259259259259,2.2195262561849045,2.25,1.3367705935760388,2.25,0.9629629629629629,2.25,2.25,2.25,2.25,1.0,0.011536024999999839,0.2667193641763232,0.001998344340293,2.25,False,False,-0.0073583149999993935,-0.0514819899999992,2.25,2.25,0.2745061356479987,0.0020859409116478,1,1,False,False,-0.0073583149999993935,-0.05439576999999929,2.25,2.25,0.2687124216018286,0.00208352494267395,2,2,False,False,True,True,False,False
2024-10-23,Near-isothermal mixing,Near-isothermal mixing,Near-isothermal mixing,0.35182516423611115,1.4922142399999991,-0.11004080999999744,-0.009189863333333529,-0.0009500950000003172,1.6022550499999966,0.5416666666666666,0.5556596109619193,1.254300878609643,0.251551412965386,0.2641674549646892,1.002749465644257,0.00261186261162335,0.0042128279267839,0.0021535900081000496,0.0020941282663018003,1.5454421221149555,0.4067134976442046,2.25,1.8432865023557954,0.4513888888888889,2.25,1.6763360453975804,0.5176851721742217,2.25,1.7323148278257783,0.5416666666666666,2.25,1.803720177174269,0.6123457868557854,2.25,1.6376542131442147,0.6388888888888888,2.25,1.5423430582067874,0.3580673369305504,2.25,1.8919326630694497,0.4513888888888889,2.25,1.6776245753496244,0.4661346738610969,2.25,1.783865326138903,0.5416666666666666,2.25,1.8055117120428075,0.5742020107916473,2.25,1.6757979892083528,0.6388888888888888,2.25,0.15655382923611136,0.008776364999999231,0.40601064637443113,0.00215746688400955,1.902600705570715,1.2598224394891817,0.6587301587301588,78,13.0,0.0,0.0,0.17623552166666676,0.01049680500000072,-0.11004080999999744,1.1331984000000013,0.251551412965386,0.2767834969639923,0.0021186996604821,0.0021699150110499,1.8707324845582514,2.25,0.7245164675154574,2.25,0.6794871794871795,1.9289531604133678,2.25,0.8337801271689196,2.25,0.717948717948718,1.9801996961093544,2.25,0.885065307919746,2.25,0.7564102564102564,1.8744792882336367,2.25,0.7051157559618315,2.25,0.6794871794871795,1.9335130478050258,2.25,0.7977271206431887,2.25,0.717948717948718,1.9856024886143495,2.25,0.8506761602953382,2.25,0.7564102564102564,0.01049680500000072,0.2667193641763232,0.001998344340293,2.25,False,False,0.007555769999997963,-0.0032138800000005574,2.25,2.25,0.274625971181681,0.0021527522145335,1,1,False,False,0.006855844999998695,-0.004168579999998201,2.25,2.25,0.27570473407283663,0.0021613336127917,2,2,False,False,True,True,False,False
2024-10-24,Diurnally oscillating stratification,Diurnally oscillating stratification,Diurnally oscillating stratification,0.4162746224305556,1.4872984799999998,-0.05062917999999783,0.00028364250000005126,0.005576444999999097,1.5379276599999976,0.4791666666666667,0.6143109443615429,1.2793738914408006,0.2772136014308141,0.28313420339494144,1.0021602900099866,0.0027399691970665004,0.0042312559144926,0.0022564839318263002,0.0019911243062019,1.4444743418211328,0.4464814084593637,2.25,1.8035185915406364,0.375,2.25,1.5924861404434238,0.5609275207773066,2.25,1.6890724792226934,0.4791666666666667,2.25,1.7355231223642575,0.6574875891231751,2.25,1.592512410876825,0.5902777777777778,2.25,1.439472015622418,0.3737833244205235,2.25,1.8762166755794765,0.375,2.25,1.592980681274342,0.4975666488410425,2.25,1.7524333511589574,0.4791666666666667,2.25,1.7366677304533633,0.6213499732615659,2.25,1.628650026738434,0.5902777777777778,2.25,0.15655382923611136,0.0075390249999998105,0.40601064637443113,0.00215746688400955,1.902600705570715,1.2598224394891817,0.7073412698412699,78,13.0,0.0,0.0,0.2815433393589743,0.018817265000000916,-0.05062917999999783,1.3701863500000009,0.2772136014308141,0.2890548053590688,0.0022401316082907,0.0022690946996644,1.6844972043966517,2.25,0.5085544634346625,2.25,0.5384615384615384,1.7824365008466867,2.25,0.634819039494226,2.25,0.6153846153846154,1.8555742957785208,2.25,0.7451565522369423,2.25,0.6666666666666666,1.685832729251651,2.25,0.4142013422408857,2.25,0.5384615384615384,1.785038434953729,2.25,0.5784026844817656,2.25,0.6153846153846154,1.8600418852677147,2.25,0.7426040267226514,2.25,0.6666666666666666,0.01049680500000072,0.2667193641763232,0.001998344340293,2.25,False,False,-0.009480810000001227,-0.05062917999999783,2.25,2.25,0.2792767951069577,0.0022508839044888,1,1,False,False,-0.0007834700000000083,-0.05062917999999783,2.25,2.25,0.2782451982688859,0.0022473785342385,2,2,False,False,True,True,False,False
2024-10-25,Diurnally oscillating stratification,Diurnally oscillating stratification,Diurnally oscillating stratification,0.4518625805555556,1.51111461,-0.047957170000000104,-0.008072024166666894,-0.0072951499999973635,1.55907178,0.4652777777777778,0.6477344247676943,1.3136392202314733,0.2851620568472167,0.2931757530763208,1.0284771633842567,0.00284040218418205,0.0044475090467572,0.00237338300790915,0.0021106234287135003,1.4367362258179683,0.42403366709789,2.25,1.82596633290211,0.3958333333333333,2.25,1.5632090814914574,0.5352022200206534,2.25,1.7147977799793466,0.4652777777777778,2.25,1.700497494388053,0.6289129619686364,2.25,1.6210870380313636,0.5694444444444444,2.25,1.4277139444225415,0.362791221576529,2.25,1.887208778423471,0.3958333333333333,2.25,1.560735320570992,0.4755824431530539,2.25,1.774417556846946,0.4652777777777778,2.25,1.6992540286814992,0.5883736647295829,2.25,1.6616263352704173,0.5694444444444444,2.25,0.15655382923611136,0.005576444999999097,0.40601064637443113,0.00215746688400955,1.902600705570715,1.2598224394891817,0.7192460317460319,78,13.0,0.0,0.0,0.3512390644871795,0.05644212500000023,-0.047957170000000104,1.448646459999999,0.2851620568472167,0.3210045440604295,0.0023368856180437,0.0023936802850239,1.615195255024652,2.25,0.4794096126012764,2.25,0.5128205128205128,1.6928013447067813,2.25,0.5957653201355756,2.25,0.5512820512820513,1.7849415142424796,2.25,0.6955585187659448,2.25,0.6282051282051282,1.6103790489359355,2.25,0.3899720274301521,2.25,0.5128205128205128,1.6948321923977385,2.25,0.5299440548602993,2.25,0.5512820512820513,1.7862708305654422,2.25,0.6699160822904514,2.25,0.6282051282051282,0.01049680500000072,0.2667193641763232,0.00208477313200325,2.25,False,False,-0.0056909599999990235,-0.022716479999999706,2.25,2.25,0.2967582251286251,0.0023561605214861,1,1,False,False,-0.003094644999999119,-0.03615797000000143,2.25,2.25,0.2989738372170251,0.0023720315439190003,2,2,False,False,True,True,False,False
2024-10-26,Diurnally oscillating stratification,Diurnally oscillating stratification,Diurnally oscillating stratification,0.3799439061111112,1.1370128499999979,-0.024144639999999384,-0.0022043891666673567,0.0009019599999984251,1.1611574899999972,0.4513888888888889,0.6157161276960718,1.071149045315676,0.3117343699284299,0.3137793425291755,0.7615584092747725,0.0031269540816177,0.0041737871283727,0.0025099274847670498,0.0016728863021108994,1.4506181691054805,0.7798926493882099,2.25,1.47010735061179,0.3402777777777778,2.25,1.586086478169655,0.849611142041662,2.25,1.4003888579583381,0.4513888888888889,2.25,1.685220749018719,0.8955324246750243,2.25,1.3544675753249757,0.5277777777777778,2.25,1.4516756987809218,0.7589979579275268,2.25,1.4910020420724732,0.3402777777777778,2.25,1.5865141543071386,0.8095135468008288,2.25,1.4404864531991712,0.4513888888888889,2.25,1.6885649666884364,0.8600291356741325,2.25,1.3899708643258675,0.5277777777777778,2.25,0.35182516423611115,0.0009019599999984251,0.5556596109619193,0.00261186261162335,1.6763360453975804,1.4003888579583381,0.6488095238095238,81,13.5,0.0,0.0,0.26599396604938275,0.1273070099999991,-0.024144639999999384,1.0010079600000026,0.3095906360409035,0.4383268875329054,0.0025009008262618,0.0027512517677313,1.6154072273354523,1.3773249755146777,0.863581751489372,2.25,0.4444444444444444,1.7618920996727119,2.25,0.9090049470942818,2.25,0.5802469135802469,1.8407781376632186,2.25,0.9480438467577468,2.25,0.6419753086419753,1.6253931065817788,1.464598200429834,0.8132790136009014,2.25,0.4444444444444444,1.7687758684427985,2.25,0.8653784087435946,2.25,0.5802469135802469,1.8483655361884677,2.25,0.9174778038862896,2.25,0.6419753086419753,0.01049680500000072,0.2767834969639923,0.0021699150110499,2.25,False,False,0.004726454999998353,-0.001285709999997664,2.25,2.25,0.3196020681930754,0.0025286064844042,1,1,False,False,0.0018711800000001944,-0.013416410000001378,2.25,2.25,0.31771319166149825,0.0025205143134343997,2,2,False,False,True,True,False,False
2024-10-27,Diurnally oscillating stratification,Diurnally oscillating stratification,Diurnally oscillating stratification,0.4385117588194445,1.257384260000002,-0.016511640000000938,0.0011218083333333813,0.002788714999999442,1.273895900000003,0.4236111111111111,0.687045790577526,1.2313243434561598,0.331526641225346,0.33164056578957546,0.9057517681944109,0.0032768444737726003,0.0047422568916039,0.0026487630209149,0.0021005441718230005,1.4534069625119885,0.653802080062943,2.25,1.5961979199370568,0.3541666666666667,2.25,1.5490353245010438,0.8043042392162777,2.25,1.4456957607837224,0.4236111111111111,2.25,1.6275599194837749,0.8597785132291447,2.25,1.3902214867708553,0.4791666666666667,2.25,1.4526654048403091,0.5919594192653701,2.25,1.65804058073463,0.3541666666666667,2.25,1.5493246660606514,0.7765837782241174,2.25,1.4734162217758826,0.4236111111111111,2.25,1.6311092653810244,0.8260108702828778,2.25,1.423989129717122,0.4791666666666667,2.25,0.3799439061111112,0.0009019599999984251,0.6143109443615429,0.0027399691970665004,1.5924861404434238,1.4456957607837224,0.5783730158730159,78,13.0,0.0,0.0,0.26325309743589737,0.1093696950000016,-0.016511640000000938,1.0491797399999996,0.3255725752617489,0.4178509927049081,0.0026417127197809,0.0028472787898501,1.666620345288329,1.534606501800864,0.9058624959621236,2.25,0.48717948717948717,1.7606304586328911,2.25,0.940527493075166,2.25,0.5641025641025641,1.8523719727879695,2.25,0.9727404727759288,2.25,0.6410256410256411,1.6769077240274424,1.6386209619009675,0.8605364309874012,2.25,0.48717948717948717,1.7704972739804354,2.25,0.905847725197222,2.25,0.5641025641025641,1.8629404704363632,2.25,0.9511590194070446,2.25,0.6410256410256411,0.018817265000000916,0.2890548053590688,0.0022690946996644,2.25,False,False,-0.0021773550000006026,-0.016511640000000938,2.25,2.25,0.3287403454635365,0.0026478360426933,1,1,False,False,0.0010291050000006408,-0.016511640000000938,2.25,2.25,0.3301334933444412,0.00264721884788995,2,2,False,False,True,True,False,False
2024-10-28,Diurnally oscillating stratification,Diurnally oscillating stratification,Diurnally oscillating stratification,0.42771598270833333,1.2675037099999997,-0.027549229999998204,-0.001917797500000577,-0.0017579050000016139,1.295052939999998,0.4166666666666667,0.7009457291945768,1.2495109212005977,0.345099730931621,0.3482251632303628,0.9044111902689767,0.0036081021339809498,0.0049129566399301,0.0027937947543402496,0.0021459725088763997,1.4903520632790688,0.7592408223842355,2.25,1.4907591776157645,0.3888888888888889,2.25,1.5501615799989912,0.8397676603774109,2.25,1.410232339622589,0.4166666666666667,2.25,1.6482727033448543,0.886557765078927,2.25,1.3634422349210729,0.4861111111111111,2.25,1.4884179120624785,0.751977957064256,2.25,1.498022042935744,0.3888888888888889,2.25,1.552952603231233,0.800136710661774,2.25,1.449863289338226,0.4166666666666667,2.25,1.6521763132765204,0.8482954642592938,2.25,1.401704535740706,0.4861111111111111,2.25,0.4162746224305556,0.0006358900000016376,0.6157161276960718,0.00284040218418205,1.586086478169655,1.4456957607837224,0.4950396825396826,80,13.333333333333332,0.0,0.0,0.3075002574999999,0.08677840999999908,-0.027549229999998204,1.1828189699999996,0.345099730931621,0.4307574221348717,0.0027669841310537,0.0027977113422804,1.66191622355292,2.25,0.8586018883140495,2.25,0.5125,1.7010061657754734,2.25,0.8989959701878871,2.25,0.525,1.7918750917034116,2.25,0.9336317488890198,2.25,0.6,1.6651661681501402,2.25,0.8079140410736044,2.25,0.5125,1.7091432271098075,2.25,0.8523400690536845,2.25,0.525,1.7999716897244995,2.25,0.8967660970337663,2.25,0.6,0.05644212500000023,0.3210045440604295,0.0023936802850239,2.25,False,False,7.250500000210991e-05,-0.018300930000002325,2.25,2.25,0.3520898097943098,0.0027953568095669,1,1,False,False,7.250500000210991e-05,-0.018300930000002325,2.25,2.25,0.3517202026617072,0.00279653407592365,2,2,False,False,True,True,False,False
2024-10-29,Diurnally oscillating stratification,Diurnally oscillating stratification,Diurnally oscillating stratification,0.47526654,1.3656645399999974,-0.02845731000000029,-0.0011338224999993447,0.0018401900000011295,1.3941218499999977,0.3958333333333333,0.7574552150056629,1.3638807977936207,0.3643670358065096,0.3667279953721292,1.0057658793703925,0.00373833356916405,0.0052816893227965,0.00293271079801375,0.0023721924249230997,1.4337732968748433,0.7736336378474455,2.25,1.4763663621525545,0.3333333333333333,2.25,1.5256256051968842,0.8410162866928111,2.25,1.408983713307189,0.3958333333333333,2.25,1.625442886770591,0.8836842101169946,2.25,1.3663157898830054,0.4652777777777778,2.25,1.435337622348959,0.756110600854592,2.25,1.493889399145408,0.3333333333333333,2.25,1.5273665426517025,0.8001898524220471,2.25,1.4498101475779528,0.3958333333333333,2.25,1.6291558612833512,0.8436882620902807,2.25,1.4063117379097192,0.4652777777777778,2.25,0.42771598270833333,0.0009019599999984251,0.6477344247676943,0.0031269540816177,1.5632090814914574,1.4456957607837224,0.4533730158730159,79,13.166666666666666,0.0,0.0,0.3437071337974684,0.15836831000000018,-0.02845731000000029,1.345471889999999,0.3581149184232281,0.5053977152740717,0.0029094968978734,0.0032079262313696,1.6104392604949245,1.2597223091257226,0.8040791956914731,2.25,0.45569620253164556,1.6937285104479305,2.25,0.8559539334362531,2.25,0.5189873417721519,1.7739131191065927,2.25,0.8941057853886012,2.25,0.5822784810126582,1.616899014216523,1.26793671140659,0.7692509173720512,2.25,0.45569620253164556,1.7005574988703864,2.25,0.8110110533149901,2.25,0.5189873417721519,1.7816224555008577,2.25,0.8527711892579305,2.25,0.5822784810126582,0.08677840999999908,0.4178509927049081,0.0027512517677313,2.25,False,False,-0.014634570000000124,-0.02703969000000228,2.25,2.25,0.3581149184232281,0.0029094968978734,1,1,False,False,-0.008101999999999165,-0.02703969000000228,2.25,2.25,0.36124097711486886,0.0029156168083383,2,2,False,False,True,True,False,False
2024-10-30,Near-isothermal mixing,Near-isothermal mixing,Near-isothermal mixing,0.3792451889583335,1.3967507700000006,-0.029981010000000197,-0.006008085000000089,-0.0017155100000003642,1.4267317800000008,0.5625,0.684115913365114,1.3348505789654723,0.3756276308093182,0.3777113417181413,0.959222948156154,0.0034066455081433,0.0049146327099523,0.00304055569248,0.0018822345962634995,1.5214821488655461,0.6299630470583306,2.25,1.6200369529416694,0.3819444444444444,2.25,1.721897768203962,0.7876447075940101,2.25,1.46235529240599,0.5625,2.25,1.7997770986812556,0.842699257127577,2.25,1.407300742872423,0.6319444444444444,2.25,1.52758593441144,0.555844723245706,2.25,1.694155276754294,0.3819444444444444,2.25,1.722463717608865,0.7657150501331895,2.25,1.4842849498668105,0.5625,2.25,1.799853402941992,0.808748347456834,2.25,1.441251652543166,0.6319444444444444,2.25,0.42771598270833333,0.0009019599999984251,0.684115913365114,0.0032768444737726003,1.5632090814914574,1.4456957607837224,0.4563492063492064,79,13.166666666666666,0.0,0.0,0.2458091613924053,0.08047051999999866,-0.029981010000000197,1.2098763300000002,0.3756276308093182,0.4658674666157272,0.0030323981136888,0.0032001571746209,1.730057334437029,2.25,0.854379418931534,2.25,0.5316455696202531,1.845411152283322,2.25,0.8943818190899863,2.25,0.6455696202531646,1.916850710515021,2.25,0.928438411507659,2.25,0.7088607594936709,1.7420319059966989,2.25,0.8041837820790197,2.25,0.5316455696202531,1.8518388816794216,2.25,0.8474057027572682,2.25,0.6455696202531646,1.9224998165601526,2.25,0.8906276234355182,2.25,0.7088607594936709,0.08677840999999908,0.4307574221348717,0.0027977113422804,2.25,False,False,0.004204749999999535,-0.008948369999998818,2.25,2.25,0.384525378701466,0.0030643507213862,1,1,False,False,0.0024237300000002904,-0.029981010000000197,2.25,2.25,0.3821602156642152,0.0030565319963287,2,2,False,False,True,True,False,False
2024-10-31,Near-isothermal mixing,Near-isothermal mixing,Near-isothermal mixing,0.3734293984722221,1.3441989200000002,-0.03980856000000088,-0.010288844166666719,-0.01148165499999898,1.384007480000001,0.5625,0.6854226577897745,1.311837888013563,0.3871214034415237,0.39201269908727476,0.9247164845720394,0.00351904590164745,0.0049648123077569,0.0031653581987709503,0.0018236859097456996,1.5830157340690916,0.7704337463028409,2.25,1.479566253697159,0.4513888888888889,2.25,1.726040384717193,0.837025294779496,2.25,1.412974705220504,0.5625,2.25,1.7929920465426692,0.8783638941886589,2.25,1.371636105811341,0.625,2.25,1.585851813620877,0.754953675125365,2.25,1.495046324874635,0.4513888888888889,2.25,1.726074427189134,0.7970678100912615,2.25,1.4529321899087386,0.5625,2.25,1.7930058821249741,0.8391819450571594,2.25,1.4108180549428406,0.625,2.25,0.42771598270833333,-0.0017155100000003642,0.6854226577897745,0.0034066455081433,1.5632090814914574,1.412974705220504,0.46825396825396837,80,13.333333333333332,0.0,0.0,0.26521769225,0.01440184999999694,-0.03980856000000088,1.2913028400000002,0.3871214034415237,0.4118368569423145,0.0031411263980112,0.0032259223794313,1.781346993030144,2.25,0.8277865729864897,2.25,0.6125,1.8344841509827876,2.25,0.872369426727164,2.25,0.65,1.8940926293734162,2.25,0.9073100246940518,2.25,0.7,1.7836291749370408,2.25,0.7833586703540406,2.25,0.6125,1.8377528345226761,2.25,0.8251193188210519,2.25,0.65,1.8969259673197798,2.25,0.8663451253019224,2.25,0.7,0.08677840999999908,0.4307574221348717,0.0028472787898501,2.25,False,False,0.010061740000001151,-0.025986819999999966,2.25,2.25,0.4118368569423145,0.0032259223794313,1,1,False,False,-0.0023941549999992873,-0.03980856000000088,2.25,2.25,0.39947913019191905,0.00318352438872125,2,2,False,False,True,True,False,False
2024-11-01,Near-isothermal mixing,Near-isothermal mixing,Near-isothermal mixing,0.24816057145833328,1.2190893500000008,-0.05898484999999809,0.004822469999999394,0.005803664999998404,1.278074199999999,0.6805555555555556,0.607164036298688,1.17366375541998,0.4154478937181667,0.41926700132098654,0.7687087129965549,0.0034163075988728,0.005163109161216,0.0033130324668098,0.0018595719651291996,1.8061800773975623,0.8347695241506183,2.25,1.4152304758493817,0.6319444444444444,2.25,1.8696896020634155,0.8798163096120061,2.25,1.3701836903879938,0.6805555555555556,2.25,1.913763588742675,0.9162851811426131,2.25,1.3337148188573869,0.7152777777777778,2.25,1.807764970771027,0.7885962766830898,2.25,1.4614037233169102,0.6319444444444444,2.25,1.871895004255804,0.8331498468800723,2.25,1.4168501531199276,0.6805555555555556,2.25,1.9167703793666644,0.8777034170770565,2.25,1.3722965829229437,0.7152777777777778,2.25,0.3799439061111112,0.0009019599999984251,0.6854226577897745,0.0034163075988728,1.586086478169655,1.410232339622589,0.4990079365079366,80,13.333333333333332,0.0,0.0,0.10894513549999978,0.014116464999998968,-0.05898484999999809,0.7674978999999986,0.4049550424234251,0.4230861089238064,0.0033035371960868,0.003343467372449,1.949886216444662,2.25,1.0187215317131133,2.25,0.725,2.024752702068135,2.25,1.0438898399601702,2.25,0.7875,2.0788291035696624,2.25,1.0699251995390744,2.25,0.8375,1.9603537074241317,2.25,1.023223671712017,2.25,0.725,2.0335080271168264,2.25,1.0600897534900762,2.25,0.7875,2.0854707887984727,2.25,1.09690484109051,2.25,0.8375,0.08677840999999908,0.4307574221348717,0.0032001571746209,2.25,False,False,0.00574341499999953,-0.05898484999999809,2.25,2.25,0.4049550424234251,0.0033035371960868,1,1,False,False,-0.00021035500000188279,-0.05898484999999809,2.25,2.25,0.41020146807079594,0.003308427224584,2,2,False,False,True,True,False,False
2024-11-02,Diurnally oscillating stratification,Diurnally oscillating stratification,Diurnally oscillating stratification,0.5300513937499998,1.75152121,-0.052767430000002946,-0.0035755449999997544,-0.003079110000001606,1.8042886400000029,0.4166666666666667,0.8454471336198899,1.554088915992498,0.4241672574700745,0.42649428604700657,1.132180382440212,0.0043242848626900005,0.0060660269191078,0.00341525260151935,0.0026668371014847,1.4860304579205554,0.6692030290598802,2.25,1.5807969709401197,0.3888888888888889,2.25,1.5350706878811156,0.8024914804102928,2.25,1.4475085195897073,0.4166666666666667,2.25,1.6049323951571397,0.8469511233162605,2.25,1.4030488766837395,0.4652777777777778,2.25,1.4838911076941745,0.611836837204467,2.25,1.638163162795533,0.3888888888888889,2.25,1.5344405436228463,0.7724824144039041,2.25,1.4775175855960958,0.4166666666666667,2.25,1.6073724358515897,0.8088522095625263,2.25,1.4411477904374737,0.4652777777777778,2.25,0.42771598270833333,-0.0017155100000003642,0.687045790577526,0.00351904590164745,1.5501615799989912,1.412974705220504,0.49404761904761907,80,13.333333333333332,0.0,0.0,0.39241532362499976,0.015749744999999038,-0.052767430000002946,1.496099319999999,0.4219085335522861,0.4326955073515877,0.0033991898176231,0.0034302502261201,1.6529292097735866,2.25,0.827857696669088,2.25,0.5125,1.6686513507772793,2.25,0.8673675400770463,2.25,0.5125,1.7157558736827698,2.25,0.8991071320781884,2.25,0.5375,1.6545388247292632,2.25,0.7821567864462379,2.25,0.5125,1.6725637634294634,2.25,0.8181241938175386,2.25,0.5125,1.7241113856812205,2.25,0.8540916011888406,2.25,0.5375,0.08047051999999866,0.4307574221348717,0.0032079262313696,2.25,False,False,-0.009039895000000797,-0.022378360000001152,2.25,2.25,0.4243755873777201,0.0034297362569539,1,1,False,False,-0.005369475000001955,-0.022378360000001152,2.25,2.25,0.42427142242389726,0.0034201560680511,2,2,False,False,True,True,False,False
2024-11-03,Diurnally oscillating stratification,Diurnally oscillating stratification,Diurnally oscillating stratification,0.4567963539583333,1.4010336999999993,-0.039979469999998685,0.00019739583333352093,0.0032209850000004536,1.441013169999998,0.3888888888888889,0.8148338577214371,1.3888447342336183,0.4434811141078956,0.4494664868130922,0.9459017108146975,0.0043253158194389504,0.0057108292544507,0.0035870384216422496,0.0021559906903892,1.4286892462914362,0.8474321597456632,2.25,1.4025678402543367,0.2847222222222222,2.25,1.5454288459020247,0.8839276503526236,2.25,1.3660723496473763,0.3888888888888889,2.25,1.6908003840321688,0.9147925919570226,2.25,1.3352074080429774,0.5138888888888888,2.25,1.4377472859009246,0.7975816552190717,2.25,1.4524183447809285,0.2847222222222222,2.25,1.5524047172196813,0.8350050631625545,2.25,1.4149949368374455,0.3888888888888889,2.25,1.6973601606380517,0.8724284711060386,2.25,1.3775715288939614,0.5138888888888888,2.25,0.42771598270833333,-0.0017155100000003642,0.7009457291945768,0.0036081021339809498,1.5501615799989912,1.410232339622589,0.4890873015873017,80,13.333333333333332,0.0,0.0,0.387511058875,0.2567174800000007,-0.039979469999998685,1.4010336999999993,0.4429430234189208,0.6723919247377131,0.0035548385640615,0.0041430139181034,1.5401397336587221,1.1753559138635499,0.8474321597456632,2.25,0.375,1.6345088965422925,1.3220919269312748,0.8839276503526236,2.25,0.4625,1.751744366940203,2.25,0.9147925919570226,2.25,0.5625,1.5525577905968935,1.2129545560922939,0.7975816552190717,2.25,0.375,1.6431984433706763,1.3768322910216604,0.8350050631625545,2.25,0.4625,1.7601126588204892,2.25,0.8724284711060386,2.25,0.5625,0.08047051999999866,0.4326955073515877,0.0032259223794313,2.25,True,False,0.0034184450000012134,-0.021939270000000732,2.25,2.25,0.4482867053840172,0.0035823169393774,1,1,False,False,0.0034184450000012134,-0.021939270000000732,2.25,2.25,0.4458839097459564,0.0035806266471412997,2,2,False,False,True,True,False,False
2024-11-04,Diurnally oscillating stratification,Diurnally oscillating stratification,Diurnally oscillating stratification,0.43698417909722237,1.3243427899999993,-0.0208110899999987,0.0009330791666668503,0.0006321900000010316,1.345153879999998,0.4375,0.8171669748133836,1.4043552171848903,0.4669183965884028,0.4679884406202904,0.9413822119494937,0.00428271963738775,0.0058008108662468,0.0037404732360044003,0.0020644813196102,1.4763797169764121,0.8873784152852108,2.25,1.3626215847147893,0.3402777777777778,2.25,1.6081284289325,0.9171299552107072,2.25,1.332870044789293,0.4375,2.25,1.7288060425399083,0.9443447984064706,2.25,1.3056552015935294,0.5555555555555556,2.25,1.4828799967512403,0.8390646863309905,2.25,1.4109353136690095,0.3402777777777778,2.25,1.6156128198189332,0.8755870430131898,2.25,1.3744129569868102,0.4375,2.25,1.733076173405055,0.9121093996953904,2.25,1.3378906003046096,0.5555555555555556,2.25,0.43698417909722237,0.0006321900000010316,0.7574552150056629,0.00373833356916405,1.6081284289325,1.408983713307189,0.4920634920634921,82,13.666666666666666,0.0,0.0,0.3511598448780488,0.17836056499999842,-0.0208110899999987,1.3223094199999998,0.4629730052353966,0.6555037788974555,0.0037363295466366,0.0042500125598881,1.5873529285822814,1.254624278687721,0.8943883276902368,2.25,0.4146341463414634,1.7270418062052302,2.25,0.923014128018057,2.25,0.524390243902439,1.8160594913970594,2.25,0.9494704738869232,2.25,0.6219512195121951,1.5983982507748182,1.2681927905649495,0.8474252561463511,2.25,0.4146341463414634,1.7376153846472826,2.25,0.883443639151039,2.25,0.524390243902439,1.8226550779292254,2.25,0.919462022155728,2.25,0.6219512195121951,0.08047051999999866,0.4658674666157272,0.003343467372449,2.25,False,False,-0.0023435850000002034,-0.016547700000000276,2.25,2.25,0.4667583135262332,0.0037418217126146,1,1,False,False,-0.0003675250000014785,-0.016547700000000276,2.25,2.25,0.46790839908920556,0.0037390756296256,2,2,False,False,True,True,False,False
2024-11-05,Near-isothermal mixing,Near-isothermal mixing,Near-isothermal mixing,0.279737939375,1.1640297100000012,-0.03838208000000165,-0.00619796916666715,0.0031142549999980673,1.2024117900000029,0.6180555555555556,0.6982315781594076,1.227483254795464,0.4802810836283622,0.48156947601118144,0.7503745673122644,0.00402160816958965,0.0053885957465502,0.00387426310825105,0.0015194448150357997,1.747553664690952,0.913292467401692,2.25,1.336707532598308,0.5694444444444444,2.25,1.8115084821250191,0.9414744554534448,2.25,1.3085255445465553,0.6180555555555556,2.25,1.8780361372320966,0.9680875795189192,2.25,1.2819124204810808,0.6736111111111112,2.25,1.7528250068979185,0.8718972290995903,2.25,1.3781027709004097,0.5694444444444444,2.25,1.817996870994428,0.9097125522663538,2.25,1.3402874477336462,0.6180555555555556,2.25,1.8852166963592834,0.9475278754331188,2.25,1.302472124566881,0.6736111111111112,2.25,0.3792451889583335,0.0006321900000010316,0.6982315781594076,0.00402160816958965,1.721897768203962,1.3701836903879938,0.523809523809524,80,13.333333333333332,0.0,0.0,0.16430324562499984,0.011499855000002057,-0.03838208000000165,0.9706603600000001,0.4771086874831996,0.4966770548051744,0.0038691509315144,0.0039472944333203,1.8693679756160666,2.25,0.9683259452382512,2.25,0.6625,1.9346870795241837,2.25,0.9938260667367824,2.25,0.7125,2.004082264529538,2.25,1.0191210703027302,2.25,0.775,1.879095066487907,2.25,0.9478684241880728,2.25,0.6625,1.9441820273109756,2.25,0.9852114770317856,2.25,0.7125,2.012282422602844,2.25,1.0225545298754994,2.25,0.775,0.015749744999999038,0.4658674666157272,0.0034302502261201,2.25,False,False,0.004441459999998898,-0.023404040000002624,2.25,2.25,0.4909440084432588,0.0038770069807378,1,1,False,False,0.004957299999999165,-0.03838208000000165,2.25,2.25,0.48690093841862975,0.00387819113286275,2,2,False,False,True,True,False,False
2024-11-06,Near-isothermal mixing,Near-isothermal mixing,Near-isothermal mixing,0.28896296395833343,1.1658197900000005,-0.03448891000000032,-0.00258274666666658,0.0004463399999998785,1.2003087000000008,0.625,0.7079958058644776,1.2318364328681268,0.4924209204429108,0.4961640760465607,0.739415512425216,0.00413277469732255,0.0054819532715083,0.00397884544711965,0.0015224937072108,1.7108923586328662,0.9164287162319952,2.25,1.3335712837680047,0.5416666666666666,2.25,1.8112462456817684,0.9435416624602608,2.25,1.3064583375397392,0.625,2.25,1.8639933192379603,0.9692645051739424,2.25,1.2807354948260576,0.6736111111111112,2.25,1.7162108158694493,0.8767013578531835,2.25,1.3732986421468165,0.5416666666666666,2.25,1.8153924207198469,0.9135080455517796,2.25,1.3364919544482206,0.625,2.25,1.869001326477539,0.9503147332503772,2.25,1.2996852667496228,0.6736111111111112,2.25,0.3734293984722221,0.0006321900000010316,0.7079958058644776,0.00413277469732255,1.726040384717193,1.3660723496473763,0.5327380952380952,80,13.333333333333332,0.0,0.0,0.18058653037499997,0.007740525000000886,-0.03448891000000032,1.07060229,0.4924209204429108,0.4999585928704551,0.0039594595642975,0.0039982313299418,1.8519801041752342,2.25,0.9411542781222858,2.25,0.65,1.9252088766545945,2.25,0.9669061239589826,2.25,0.7125,1.9786851279393318,2.25,0.9919107897056344,2.25,0.7625,1.8606137408834986,2.25,0.910362195921916,2.25,0.65,1.932463377621238,2.25,0.9471091808409896,2.25,0.7125,1.984621809449985,2.25,0.9838561657600642,2.25,0.7625,0.01440184999999694,0.4966770548051744,0.0039472944333203,2.25,False,False,-0.0036926850000007505,-0.011139589999999089,2.25,2.25,0.4942830766147377,0.0039746132722588,1,1,False,False,0.0017859599999994202,-0.013255219999997792,2.25,2.25,0.4970951541324742,0.0039864223011003,2,2,False,False,True,True,False,False
2024-11-07,Near-isothermal mixing,Near-isothermal mixing,Near-isothermal mixing,0.29236327138888885,1.19504491,-0.046326150000002286,-0.005638441666666753,-0.0015645850000005623,1.2413710600000023,0.6319444444444444,0.7174511342697896,1.246896216521603,0.5059933498838821,0.5062754624417438,0.7499606193254662,0.00420817939005585,0.005680131791787,0.00408710398763425,0.0016230673622184,1.7579134574040405,0.914328024844747,2.25,1.335671975155253,0.5902777777777778,2.25,1.812188282732642,0.9411021041709494,2.25,1.3088978958290505,0.6319444444444444,2.25,1.8535415597705187,0.966459031520633,2.25,1.283540968479367,0.6597222222222222,2.25,1.7610100999320264,0.8738567962681806,2.25,1.3761432037318193,0.5902777777777778,2.25,1.816385187788297,0.9099701312384584,2.25,1.3400298687615417,0.6319444444444444,2.25,1.8595463039091955,0.9460834662087374,2.25,1.3039165337912626,0.6597222222222222,2.25,0.29236327138888885,0.0006321900000010316,0.7174511342697896,0.00420817939005585,1.8112462456817684,1.332870044789293,0.5426587301587302,80,13.333333333333332,0.0,0.0,0.18282172062499988,0.008254355000000047,-0.046326150000002286,1.13538432,0.4969355971961369,0.5161657291473652,0.0040570644295686,0.0041097803408152,1.870867279601257,2.25,0.932415916711962,2.25,0.675,1.922580085325987,2.25,0.9575371994106328,2.25,0.7125,1.9694545423959664,2.25,0.9817610236809536,2.25,0.75,1.8776109157488037,2.25,0.898519334030143,2.25,0.675,1.9301150297367815,2.25,0.933849944706534,2.25,0.7125,1.9764822913809792,2.25,0.9691805553829264,2.25,0.75,0.014116464999998968,0.4999585928704551,0.0039982313299418,2.25,False,False,-0.0007486400000011884,-0.02301025000000223,2.25,2.25,0.5081184430616013,0.0040570644295686,1,1,False,False,-0.0038510050000013507,-0.04465382000000062,2.25,2.25,0.5070558964727416,0.0040688192165143,2,2,False,False,True,True,False,False
2024-11-08,Near-isothermal mixing,Near-isothermal mixing,Near-isothermal mixing,0.2266499965277778,0.8165422099999979,-0.061820889999999906,-0.0020306358333333683,0.00212634500000064,0.8783630999999978,0.6180555555555556,0.6857444079213534,1.0290834479196145,0.5160733658809259,0.5189587297142675,0.5201033155246194,0.0043670734819351,0.0052627087909889,0.00415041486175635,0.0011531346689595996,1.69705770376262,1.004113386037758,2.25,1.245886613962242,0.5138888888888888,2.25,1.8157699282178963,1.0292186201822673,2.25,1.2207813798177327,0.6180555555555556,2.25,1.8949279269683919,1.0548715024452031,2.25,1.1951284975547969,0.6805555555555556,2.25,1.7107091365940723,1.0022445161413835,2.25,1.2477554838586165,0.5138888888888888,2.25,1.828074853921081,1.0393733527141895,2.25,1.2106266472858105,0.6180555555555556,2.25,1.9076366894302907,1.0765021892869973,2.25,1.1734978107130027,0.6805555555555556,2.25,0.29236327138888885,0.0006321900000010316,0.7174511342697896,0.00428271963738775,1.8112462456817684,1.3088978958290505,0.5337301587301588,81,13.5,0.0,0.0,0.13237938765432103,0.01637065999999976,-0.061820889999999906,0.6348793499999985,0.5089801323949951,0.525734552759776,0.0041095741220293,0.0041767236414,1.824314679520338,2.25,1.047276397148076,2.25,0.6172839506172839,1.9512521662609217,2.25,1.0734028608361383,2.25,0.7283950617283951,2.035562835663505,2.25,1.101329159064923,2.25,0.8024691358024691,1.83747750561582,2.25,1.0663245379608497,2.25,0.6172839506172839,1.9620883576511494,2.25,1.1030796361686337,2.25,0.7283950617283951,2.044030416181503,2.25,1.1398347343764186,2.25,0.8024691358024691,0.015749744999999038,0.5161657291473652,0.0041097803408152,2.25,False,False,0.0042268449999998126,-0.005751430000000113,2.25,2.25,0.5176209503851911,0.0041450605551914,1,1,False,False,0.003621530000000206,-0.010111559999998576,2.25,2.25,0.5197325219664001,0.0041463893298577,2,2,False,False,True,True,False,False
2024-11-09,Near-isothermal mixing,Near-isothermal mixing,Near-isothermal mixing,0.14913441319444465,0.56363919,-0.027830829999999196,-0.00296884083333282,-0.0035913149999995397,0.5914700199999992,0.6805555555555556,0.6518314197536627,0.918544182585502,0.5301875937020641,0.531226336432838,0.38840457488151214,0.00437968181207835,0.005371389605812,0.004263389476822151,0.0011173435316878004,1.8013532657419526,1.0661964010190517,2.25,1.1838035989809483,0.5972222222222222,2.25,1.9011437177333832,1.093663530010625,2.25,1.156336469989375,0.6805555555555556,2.25,1.992912101167258,1.1239477755161968,2.25,1.1260522244838032,0.75,2.25,1.8165757782306033,1.093367512251928,2.25,1.156632487748072,0.5972222222222222,2.25,1.91363276892933,1.1302980514620262,2.25,1.1197019485379738,0.6805555555555556,2.25,2.0049441569175057,1.1672285906721256,2.25,1.0827714093278744,0.75,2.25,0.28896296395833343,0.0006321900000010316,0.7079958058644776,0.00428271963738775,1.8115084821250191,1.3085255445465553,0.5714285714285715,84,14.0,0.0,0.0,0.031731380119047845,0.003782169999999141,-0.027830829999999196,0.2580928799999995,0.5301396077039898,0.5416434248402712,0.0042540460741242,0.00431755930096755,2.101593373810129,2.25,1.1613432494030422,2.25,0.8571428571428571,2.192644584029294,2.25,1.2158447457851624,2.25,0.9404761904761905,2.25,2.25,2.25,2.25,1.0,2.1076373784090454,2.25,1.2054588550432044,2.25,0.8571428571428571,2.195326640267688,2.25,1.2418588053208717,2.25,0.9404761904761905,2.25,2.25,2.25,2.25,1.0,0.011499855000002057,0.525734552759776,0.0041430139181034,2.25,False,False,0.007444895000000784,0.002317279999999755,2.25,2.25,0.5378870894775226,0.0042704070071245,1,1,False,False,0.005378159999999355,-0.018067450000000207,2.25,2.25,0.5350760843205673,0.00426745204046375,2,2,False,False,True,True,False,False
2024-11-10,Diurnally oscillating stratification,Diurnally oscillating stratification,Diurnally oscillating stratification,0.4394311275000001,1.1958881900000016,-0.025226930000002312,-0.002894675000000587,-0.0057040900000000505,1.2211151200000039,0.4722222222222222,0.8585023519406184,1.319783160109244,0.5418510991304686,0.5444903097702449,0.7802042149877609,0.0047611816692759,0.0061273887349253,0.0043706899903859005,0.0017683704880098001,1.4806807307249956,0.9455043223665632,2.25,1.3044956776334367,0.3472222222222222,2.25,1.628511698015458,0.9681160302206718,2.25,1.281883969779328,0.4722222222222222,2.25,1.6775277054585824,0.99016539494968,2.25,1.25983460505032,0.5069444444444444,2.25,1.4896755539407507,0.9159920411768026,2.25,1.3340079588231974,0.3472222222222222,2.25,1.6374431239920968,0.9483322552615162,2.25,1.301667744738484,0.4722222222222222,2.25,1.6869622335559447,0.980672469346231,2.25,1.269327530653769,0.5069444444444444,2.25,0.28896296395833343,0.0004463399999998785,0.7079958058644776,0.00428271963738775,1.8115084821250191,1.3064583375397392,0.5833333333333334,81,13.5,0.0,0.0,0.3825866530864197,0.015044700000000688,-0.025226930000002312,1.1958881900000016,0.5395789451214831,0.5486149841587593,0.0043590182469155,0.0043800811597927,1.665662819685037,2.25,0.9455043223665632,2.25,0.5185185185185185,1.6774924282267378,2.25,0.9681160302206718,2.25,0.5185185185185185,1.6924494722033518,2.25,0.99016539494968,2.25,0.5185185185185185,1.670264675900927,2.25,0.9159920411768026,2.25,0.5185185185185185,1.6856459054671926,2.25,0.9483322552615162,2.25,0.5185185185185185,1.7032063977569347,2.25,0.980672469346231,2.25,0.5185185185185185,0.011499855000002057,0.525734552759776,0.0041767236414,2.25,False,False,0.004320299999999833,-0.012524270000000115,2.25,2.25,0.5475506070450894,0.0043715772459603,1,1,False,False,-0.00029322000000142623,-0.012524270000000115,2.25,2.25,0.5473400637275554,0.0043713600013408,2,2,False,False,True,True,False,False
2024-11-11,Diurnally oscillating stratification,Diurnally oscillating stratification,Diurnally oscillating stratification,0.4148718761157025,1.251510770000003,-0.01745325000000264,-0.00022699083333381034,-0.001420050000000117,1.2689640200000056,0.3680555555555556,0.822609023401163,1.4115924685765375,0.5706077225011869,0.5720302417258741,0.8416697948005151,0.0047760073508679,0.0063215419009504,0.004562353554801699,0.0035996534905007004,1.333745207277169,0.6444684811196092,2.25,1.6055315188803907,0.2569444444444444,2.25,1.4893125532691276,0.802377536024699,2.25,1.447622463975301,0.3680555555555556,2.25,1.6287158771134969,0.8630038887901721,2.25,1.386996111209828,0.5,2.25,1.3332600090938147,0.5797923963460913,2.25,1.6702076036539086,0.2569444444444444,2.25,1.4875840126764215,0.7762911954510942,2.25,1.473708804548906,0.3680555555555556,2.25,1.626227700900898,0.8306236678900246,2.25,1.4193763321099753,0.5,2.25,0.28896296395833343,-0.001420050000000117,0.7079958058644776,0.0043670734819351,1.8115084821250191,1.3064583375397392,0.5734126984126985,81,13.5,0.0,0.0,0.3686731062121212,0.1912390749999986,-0.01745325000000264,1.196007650000002,0.5699226737760225,0.6718212092288892,0.0027218884104497,0.0045617768563876,1.391825990256012,1.1553157355848034,0.6444684811196092,2.25,0.3333333333333333,1.5117754065718563,1.200672457285897,0.802377536024699,2.25,0.41975308641975306,1.6190320041888013,2.25,0.8630038887901721,2.25,0.5061728395061729,1.382551642839477,1.1995757579085604,0.5797923963460913,2.25,0.3333333333333333,1.5005621185570286,1.2341553173555668,0.7762911954510942,2.25,0.41975308641975306,1.6102138955209557,2.25,0.8306236678900246,2.25,0.5061728395061729,0.011499855000002057,0.525734552759776,0.0041767236414,2.25,False,False,0.00030038999999959515,-0.007618470000000599,2.25,2.25,0.5699226737760225,0.0045565496317989,1,1,False,False,-0.0023134750000011195,-0.01745325000000264,2.25,2.25,0.5702651981386047,0.00455916324409325,2,2,False,False,True,True,False,False
2024-11-12,Diurnally oscillating stratification,Diurnally oscillating stratification,Diurnally oscillating stratification,0.5759301930555554,1.2935905400000003,-0.041488290000000205,0.10628254000000048,0.10686356500000116,1.3350788300000005,0.3333333333333333,0.4466833649363076,0.8239053433196042,0.1099708027625007,0.1446524362987019,0.78431570682831,0.0015171349507414,0.0028092753288855,0.00046247281459505,0.0025117671807429,0.9550920991587815,0.3006841417552267,2.25,1.9493158582447734,0.1597222222222222,1.9221629023996802,1.2079427517737367,0.3530418687603164,2.25,1.8969581312396837,0.3333333333333333,2.25,1.3323510465470916,0.4075124896063118,2.25,1.8424875103936882,0.4027777777777778,2.25,0.9606941478285693,0.3122757473690655,2.25,1.9377242526309346,0.1597222222222222,1.9593368483957827,1.2171170902177533,0.3745514947381289,2.25,1.875448505261871,0.3333333333333333,2.25,1.3434252796549562,0.4368272421071945,2.25,1.8131727578928056,0.4027777777777778,2.25,0.29236327138888885,-0.001420050000000117,0.7079958058644776,0.0043670734819351,1.8112462456817684,1.3064583375397392,0.5327380952380952,82,13.666666666666666,0.0,0.0,0.6230915636585364,0.5466479750000008,0.002100970000000757,1.2596464999999988,0.0576650845620576,0.5603887270201412,0.0003263827135214,0.001744021676798,0.9476448552909593,0.9902860589055034,0.3050589421177734,2.25,0.14634146341463414,1.107261292685045,1.043606118875716,0.3620949792390165,2.25,0.24390243902439024,1.2499640107047816,1.100100389019317,0.4216567587067754,2.25,0.32926829268292684,0.9508720461201879,0.971947588533157,0.3165869283760245,2.25,0.14634146341463414,1.1177799784774822,1.0487077500238255,0.3831738567520466,2.25,0.24390243902439024,1.2628048899528073,1.125467911514497,0.4497607851280711,2.25,0.32926829268292684,0.015044700000000688,0.5416434248402712,0.0041767236414,2.25,True,False,0.019504694999998407,0.002100970000000757,2.25,2.25,0.0576650845620576,0.0003263827135214,1,1,False,False,0.0403940450000011,0.002100970000000757,2.25,2.25,0.08381794366227915,0.00035097439465315,2,2,False,False,True,True,False,False
2024-11-13,Diurnally oscillating stratification,Diurnally oscillating stratification,Diurnally oscillating stratification,0.7120376513194445,1.4299107500000012,0.04325572000000122,0.19466703416666675,0.19812416999999982,1.38665503,0.2222222222222222,0.5263025908276506,0.9501169200399646,0.1554985789538444,0.19246781254621426,0.8920119894886507,0.0015011259927686,0.0031560128633158,0.00055903884858855,0.0029942706260334,0.8106991691980752,0.2974060251756489,2.25,1.952593974824351,0.10416666666666667,1.1461869449660553,1.0191734767508338,0.3462823705997939,2.25,1.903717629400206,0.2222222222222222,1.9392819675962145,1.1798072525529233,0.39700639190368,2.25,1.85299360809632,0.3055555555555556,2.25,0.8123197684839389,0.3088135193507721,2.25,1.9411864806492278,0.10416666666666667,1.1531627845561934,1.0296339721190206,0.3676270387015421,2.25,1.8823729612984579,0.2222222222222222,1.9792799443388323,1.1953677222198706,0.4264405580523143,2.25,1.8235594419476857,0.3055555555555556,2.25,0.4148718761157025,-0.001420050000000117,0.6857444079213534,0.0043670734819351,1.628511698015458,1.3088978958290505,0.47519841269841273,82,13.666666666666666,0.0,0.0,0.7983028423170733,0.6143284799999993,0.07461615000000066,1.4299107500000012,0.099820579466818,0.5140669626499426,0.0003419581022714,0.0016909679425398,0.7526926748547981,0.7147597104012244,0.2974060251756489,2.25,0.036585365853658534,0.9288190685764921,0.875903564712451,0.3462823705997939,2.25,0.14634146341463414,1.0882057569336439,0.9706687219567738,0.39700639190368,2.25,0.24390243902439024,0.750302891089238,0.6956535862609667,0.3088135193507721,2.25,0.036585365853658534,0.9388361562668849,0.8521387864840699,0.3676270387015421,2.25,0.14634146341463414,1.1047251955781268,0.9696395460368282,0.4264405580523143,2.25,0.24390243902439024,0.01637065999999976,0.5416434248402712,0.0041767236414,2.25,True,False,0.09817319000000069,0.07461615000000066,2.25,2.25,0.099820579466818,0.0003419581022714,1,1,False,False,0.12713894000000003,0.07461615000000066,2.25,2.25,0.1276595792103312,0.0003697763406657,2,2,False,False,True,True,False,False
2024-11-14,Diurnally oscillating stratification,Diurnally oscillating stratification,Diurnally oscillating stratification,0.965682878125,1.4583411700000006,0.4167432699999978,0.5837083066666663,0.5842278799999985,1.0415979000000029,0.0,0.782695583271405,1.0836105659976651,0.5358183078514461,0.5608110247461368,0.6674345652257863,0.00197377871932495,0.0025320827600702,0.00187588778912685,0.0013507810181207002,0.5742859303690423,0.3216255471085257,1.017197508613345,0.6955719615048193,0.0,0.9144688284598589,0.6884962026839011,0.3946267801040537,1.1521869266173506,0.7575601465132968,0.0,0.990099258955407,0.7880201157594499,0.469140026549543,1.32913246215761,0.8599924356080669,0.0,1.0615853792269623,0.5511894471399487,0.3255978180957752,0.9689127896902888,0.6433149715945137,0.0,0.864152130713821,0.6759196294252009,0.4011956361915478,1.145972376013226,0.7447767398216782,0.0,0.965202377372784,0.7875591821875176,0.4767934542873231,1.347804297364298,0.871010843076975,0.0,1.0663669432662302,0.4394311275000001,0.00212634500000064,0.6857444079213534,0.0043670734819351,1.4893125532691276,1.281883969779328,0.38492063492063494,82,13.666666666666666,0.0,0.0,1.0477270221951218,1.0036818999999984,0.4634138899999982,1.4583411700000006,0.472840289903571,0.7470327049666272,0.001483129646593,0.0021186467405116,0.5459803234175398,0.37480943695474866,0.3216255471085257,1.017197508613345,0.0,0.6442977266309134,0.4977779336282895,0.3946267801040537,1.1521869266173506,0.0,0.7323535717779488,0.6190509200100592,0.469140026549543,1.32913246215761,0.0,0.5236366418075489,0.3721970776438074,0.3255978180957752,0.9689127896902888,0.0,0.6337452591212319,0.49439415528761055,0.4011956361915478,1.145972376013226,0.0,0.732095760087221,0.6165912329314179,0.4767934542873231,1.347804297364298,0.0,0.1912390749999986,0.5486149841587593,0.0041767236414,1.200672457285897,True,True,0.4858822999999983,0.4634138899999982,1.0283285276734002,1.1521869266173506,0.472840289903571,0.001483129646593,1,1,True,True,0.5228877599999997,0.4634138899999982,1.0133758254060603,1.1521869266173506,0.5043292988775085,0.0016315294301169,2,2,True,True,True,True,True,True
2024-11-15,Diurnally oscillating stratification,Diurnally oscillating stratification,Diurnally oscillating stratification,1.2656049590277778,1.7042986199999994,0.8048436599999995,0.9209929408333339,0.922762640000002,0.8994549599999999,0.0,1.0542063924374336,1.3072845030516669,0.8230165953151305,0.836697030618401,0.5258884702512188,0.002563746339111,0.0029710475860946,0.00245495479243905,0.0007485501324015001,0.49286281631302487,0.3204436703388615,0.8557197016014024,0.5352760312625409,0.0,0.7089862432094887,0.6071406506861345,0.3908970027178821,0.9367264897583216,0.5458294870404395,0.0,0.8517689940252587,0.6992613897315185,0.4613600031057665,1.003795274491445,0.5424352713856784,0.0,0.9241724200059852,0.4636542689213912,0.3204731458483627,0.8063846899527061,0.4859115441043434,0.0,0.6820635094672758,0.5826452313775676,0.3909462916967229,0.893655360303333,0.5027090686066101,0.0,0.8168768630316643,0.6810907352887363,0.4614194375450856,0.9809260306539632,0.5195065931088776,0.0,0.8962107942833117,0.5759301930555554,0.10686356500000116,0.782695583271405,0.002563746339111,1.2079427517737367,1.281883969779328,0.2966269841269842,83,13.833333333333332,0.0,0.0,1.3070031624096388,1.2998155800000006,0.8451050200000019,1.7042986199999994,0.7832933174804971,0.9795447803387588,0.0022918491756952,0.00245495479243905,0.4657516446263224,0.3857567153916332,0.3204436703388615,0.8434815565010227,0.0,0.5758355802929452,0.4991936395337408,0.3908970027178821,0.923967625458128,0.0,0.6658111230096001,0.6004779518427884,0.4613600031057665,0.9888772327223828,0.0,0.4419800930942875,0.3595429814234398,0.3204731458483627,0.7971792660938992,0.0,0.5545919539443607,0.4690859628468757,0.3909462916967229,0.8800226361224255,0.0,0.6487829888940448,0.5786289442703156,0.4614194375450856,0.9628660061509546,0.0,0.5466479750000008,0.5603887270201412,0.00245495479243905,1.043606118875716,True,True,0.8605737599999994,0.8451050200000019,0.9080038867772021,0.923967625458128,0.7832933174804971,0.0023292687332414,1,1,True,True,0.8771039249999983,0.8451050200000019,0.8929874528259163,0.923967625458128,0.7919435529532075,0.0023446847054859003,2,2,True,True,True,True,True,True
2024-11-16,Diurnally oscillating stratification,Diurnally oscillating stratification,Diurnally oscillating stratification,1.0854151003472223,1.4879838800000016,0.23311762999999885,1.1456697725,1.1437792800000004,1.2548662500000027,0.0,0.9888145751437372,1.2254703413565549,1.04537637152496,1.0529635448282777,0.9420448633868674,0.0029686654227523996,0.0031288805962219,0.00302880751716335,0.0021995413934313,0.7313898964458534,0.3911975835701716,1.540918773637984,1.1497211900678124,0.0,0.6387609382565292,0.8557819627064854,0.5089990146483697,1.9421113276646051,1.4331123130162355,0.0,0.8071339883904214,0.9557897911993511,0.6141738419433316,2.25,1.6358261580566684,0.020833333333333332,0.8807061690786737,0.6758646231546506,0.3632939712312631,1.5380893173773509,1.1747953461460878,0.0,0.5752352165354849,0.8215087763297478,0.4765879424625223,2.001972863050613,1.5253849205880907,0.0,0.780771796284888,0.9354939402180124,0.5898819136937854,2.25,1.6601180863062146,0.020833333333333332,0.847472814926856,0.7120376513194445,0.19812416999999982,0.822609023401163,0.002563746339111,1.0191734767508338,1.4331123130162355,0.19940476190476195,87,14.5,0.0,0.0,0.9881062993103449,1.090546670000002,0.23311762999999885,1.4205797900000015,0.2834254779696874,1.02020806310962,0.0009293392027906,0.0029371088766892,0.8098834229550326,0.8068483190154921,0.3911975835701716,1.540918773637984,0.0,0.9358324444456813,0.8844986074627695,0.5089990146483697,1.9421113276646051,0.0,1.0407784130153286,0.9385722388314024,0.6141738419433316,2.25,0.034482758620689655,0.7595625128521535,0.7721269961254941,0.3632939712312631,1.5380893173773509,0.0,0.9057535339703909,0.8364137465340931,0.4765879424625223,2.001972863050613,0.0,1.02269416747679,0.9000474720318962,0.5898819136937854,2.25,0.034482758620689655,0.6143284799999993,0.6718212092288892,0.00245495479243905,0.8844986074627695,True,True,1.0334795549999996,1.015351090000003,0.9131284309701476,0.9298709767788343,0.9745426384912914,0.0029371088766892,1,1,True,True,1.079884065,1.015351090000003,0.8863106656054395,0.9298709767788343,0.9958754810168315,0.00300632468978145,2,2,True,True,True,True,True,True
2024-11-17,Near-isothermal mixing,Near-isothermal mixing,Near-isothermal mixing,0.023297778541666862,0.21437273999999817,-0.050991369999998426,0.022021770833333083,0.027536969999999883,0.2653641099999966,0.9861111111111112,0.026219799055732837,0.1443655682729492,0.0207526296882941,0.027081520503665947,0.1382318235501274,8.216227228508287e-05,0.0004616579996803,0.0001049509301857904,0.00040079787527123515,2.229519054607816,1.4805456945467117,2.25,0.7694543054532883,0.9444444444444444,2.25,2.2471669991926393,1.8904806886505745,2.25,0.3595193113494255,0.9861111111111112,2.25,2.25,2.25,2.25,0.0,1.0,2.25,2.2291328653025406,1.4839609095744122,2.25,0.7660390904255878,0.9444444444444444,2.25,2.2477448552791754,1.9811581004940504,2.25,0.2688418995059496,0.9861111111111112,2.25,2.25,2.25,2.25,0.0,1.0,2.25,0.7120376513194445,0.19812416999999982,0.782695583271405,0.00197377871932495,1.0191734767508338,1.4331123130162355,0.2728174603174604,93,15.5,0.0,0.0,0.02949766634408605,0.01908113,-0.039735749999998404,0.21437273999999817,0.0061337447228218,0.0211171552881075,6.086012440906487e-05,8.409109496408925e-05,2.2182875684250054,2.25,1.4805456945467117,2.25,0.9139784946236559,2.2456134181047323,2.25,1.8904806886505745,2.25,0.978494623655914,2.25,2.25,2.25,2.25,1.0,2.2176895978878055,2.25,1.4839609095744122,2.25,0.9139784946236559,2.2465081630129164,2.25,1.9811581004940504,2.25,0.978494623655914,2.25,2.25,2.25,2.25,1.0,0.6143284799999993,0.6718212092288892,0.0021186467405116,0.8844986074627695,False,False,0.031368454999999074,0.01105653999999845,2.25,2.25,0.0220796139169156,8.639529238002847e-05,1,1,False,False,0.024083194999999336,-0.012299020000000382,2.25,2.25,0.02444382480725015,9.217433386557176e-05,2,2,False,False,True,True,False,False
2024-11-18,Near-isothermal mixing,Near-isothermal mixing,Near-isothermal mixing,0.005116376527777942,0.03850704000000249,-0.0643312999999992,-0.006216930833333005,0.002148664999999994,0.1028383400000017,1.0,0.011836880623822078,0.0224750278492966,-0.0070160913872196,0.00405107842733325,0.0294911192365162,6.808969125983655e-05,9.746460451721846e-05,6.217250319131532e-05,4.9856564339788684e-05,2.25,2.25,2.25,0.0,1.0,2.25,2.25,2.25,2.25,0.0,1.0,2.25,2.25,2.25,2.25,0.0,1.0,2.25,2.25,2.25,2.25,0.0,1.0,2.25,2.25,2.25,2.25,0.0,1.0,2.25,2.25,2.25,2.25,0.0,1.0,2.25,0.7120376513194445,0.19812416999999982,0.5263025908276506,0.0015171349507414,1.0191734767508338,0.7575601465132968,0.36309523809523814,88,14.666666666666666,0.0,0.0,0.0026741825000002883,0.005390525000001034,-0.0643312999999992,0.03850704000000249,-0.0070160913872196,0.0113437417199932,4.760804017742977e-05,6.578300389052534e-05,2.25,2.25,2.25,2.25,1.0,2.25,2.25,2.25,2.25,1.0,2.25,2.25,2.25,2.25,1.0,2.25,2.25,2.25,2.25,1.0,2.25,2.25,2.25,2.25,1.0,2.25,2.25,2.25,2.25,1.0,0.6143284799999993,0.5603887270201412,0.001744021676798,0.8844986074627695,False,False,0.0018220750000015329,-0.022412949999999654,2.25,2.25,0.0110299127077315,6.578300389052534e-05,1,1,False,False,-0.0005011899999995961,-0.022412949999999654,2.25,2.25,0.00731647143188725,5.845867915402738e-05,2,2,False,False,True,True,False,False
2024-11-19,Near-isothermal mixing,Near-isothermal mixing,Near-isothermal mixing,0.011906952708333578,0.07175489000000113,-0.030903490000000033,0.0063357775000000656,0.008007414999999796,0.10265838000000116,1.0,0.01522705869401851,0.0487031336141314,0.0078331344258438,0.0088388028654117,0.0430322787885906,6.309399368501048e-05,0.0001683125813836,5.289154893221328e-05,0.00012711608257332769,2.25,2.25,2.25,0.0,1.0,2.25,2.25,2.25,2.25,0.0,1.0,2.25,2.25,2.25,2.25,0.0,1.0,2.25,2.25,2.25,2.25,0.0,1.0,2.25,2.25,2.25,2.25,0.0,1.0,2.25,2.25,2.25,2.25,0.0,1.0,2.25,0.7120376513194445,0.19812416999999982,0.5263025908276506,0.0015011259927686,1.0191734767508338,0.5458294870404395,0.45833333333333337,87,14.5,0.0,0.0,0.004150817586207232,0.004955350000003023,-0.030903490000000033,0.02720086000000066,0.0056708548255408,0.0094899058476613,4.119649881027231e-05,6.064826273628951e-05,2.25,2.25,2.25,2.25,1.0,2.25,2.25,2.25,2.25,1.0,2.25,2.25,2.25,2.25,1.0,2.25,2.25,2.25,2.25,1.0,2.25,2.25,2.25,2.25,1.0,2.25,2.25,2.25,2.25,1.0,0.6143284799999993,0.5140669626499426,0.0016909679425398,0.8844986074627695,False,False,0.005056875000002847,-0.012122980000000894,2.25,2.25,0.0166664160283239,9.274731870597764e-05,1,1,False,False,0.009306469999998512,-0.012794230000000795,2.25,2.25,0.01363291118581325,7.430052519215889e-05,2,2,False,False,True,True,False,False
2024-11-20,Near-isothermal mixing,Near-isothermal mixing,Near-isothermal mixing,0.025597704791666676,0.17359189000000086,-0.04062817000000152,-0.0011841583333339993,0.004409809999998515,0.21422006000000238,1.0,0.02581106530111392,0.1165214107898814,0.0033861482161728,0.0051567454375352,0.1163240130174441,6.470369284632797e-05,0.0003658059287168,4.910994214274275e-05,0.0003267901394952969,2.0998633270628204,0.9287643868664228,2.25,1.3212356131335772,0.8611111111111112,2.25,2.25,2.25,2.25,0.0,1.0,2.25,2.25,2.25,2.25,0.0,1.0,2.25,2.1046047715210756,0.9429991763371086,2.25,1.3070008236628914,0.8611111111111112,2.25,2.25,2.25,2.25,0.0,1.0,2.25,2.25,2.25,2.25,0.0,1.0,2.25,0.025597704791666676,0.027536969999999883,0.026219799055732837,8.216227228508287e-05,2.2471669991926393,0.3595193113494255,0.5694444444444445,88,14.666666666666666,0.0,0.0,-0.001812310681818237,-0.0007844600000002089,-0.04062817000000152,0.020244640000001368,0.0001973977724373,0.0060678112811135,3.901578922150308e-05,5.192682656150404e-05,2.25,2.25,2.25,2.25,1.0,2.25,2.25,2.25,2.25,1.0,2.25,2.25,2.25,2.25,1.0,2.25,2.25,2.25,2.25,1.0,2.25,2.25,2.25,2.25,1.0,2.25,2.25,2.25,2.25,1.0,0.01908113,0.0211171552881075,8.409109496408925e-05,2.25,False,False,-0.0011072050000002776,-0.021498170000000982,2.25,2.25,0.0068430288689451,6.363420312735553e-05,1,1,False,False,0.00039693499999948756,-0.021498170000000982,2.25,2.25,0.00859376681909035,6.485020457447428e-05,2,2,False,False,True,True,False,False
2024-11-21,Near-isothermal mixing,Near-isothermal mixing,Near-isothermal mixing,0.1718784515277777,0.7467554500000002,-0.049115760000001174,-0.0008294808333334144,0.0042142050000002484,0.7958712100000014,0.7152777777777778,0.11650022334524797,0.4168638224115932,0.0029522793063588,0.0061508381099053995,0.420632767808952,0.0001311835311566004,0.0012114507981454,5.352585852342229e-05,0.0011868181276346631,1.611869350075262,0.3506063977733397,2.25,1.8993936022266604,0.5694444444444444,2.25,1.8351921580031947,0.4582341551295473,2.25,1.7917658448704528,0.7152777777777778,2.25,1.9158897346857815,0.5764622555184313,2.25,1.6735377444815687,0.7430555555555556,2.25,1.613630446050635,0.3677722132762467,2.25,1.8822277867237533,0.5694444444444444,2.25,1.839094876582087,0.4855444265524893,2.25,1.7644555734475107,0.7152777777777778,2.25,1.921403274223124,0.6033166398287362,2.25,1.6466833601712638,0.7430555555555556,2.25,0.025597704791666676,0.008007414999999796,0.026219799055732837,8.216227228508287e-05,2.2471669991926393,0.3595193113494255,0.6716269841269842,83,13.833333333333332,0.0,0.0,0.058013693373494,0.0056433399999988865,-0.049115760000001174,0.5237157499999991,-0.0037689453973588,0.0082901499189143,2.4632670510737008e-05,6.424272173008691e-05,2.0091210299607574,2.25,0.5537186997373771,2.25,0.8072289156626506,2.107130066903679,2.25,0.7837274656272273,2.25,0.8795180722891566,2.1583836344195615,2.25,0.9342958159207116,2.25,0.9156626506024096,2.0078165793011644,2.25,0.5228318665437496,2.25,0.8072289156626506,2.109170521171195,2.25,0.7784872937984023,2.25,0.8795180722891566,2.1616779996427096,2.25,0.9486932978696652,2.25,0.9156626506024096,0.0056433399999988865,0.0113437417199932,6.578300389052534e-05,2.25,False,False,-0.003285359999999571,-0.049115760000001174,2.25,2.25,0.0155689944423188,7.399473403432815e-05,1,1,False,False,0.0008563150000009401,-0.049115760000001174,2.25,2.25,0.0059000245224800005,4.931370227253258e-05,2,2,False,False,True,True,False,False
2024-11-22,Near-isothermal mixing,Near-isothermal mixing,Near-isothermal mixing,0.14019953104166666,0.5142608099999997,-0.02511111000000099,0.0012105616666667391,0.001409649999999374,0.5393719200000007,0.6944444444444444,0.0942968448197868,0.2917747272951088,0.0068349042319537,0.0076716011792259,0.2886259703895442,0.00013564993302927055,0.0008442757302613,5.8354054496513616e-05,0.0007950204424744461,1.6384138216412663,0.3917030943269392,2.25,1.8582969056730607,0.5972222222222222,2.25,1.8199416597024525,0.5517950602839528,2.25,1.6982049397160472,0.6944444444444444,2.25,1.9513239265301072,0.7530249680445722,2.25,1.4969750319554278,0.7569444444444444,2.25,1.6422184178921089,0.4173691876739856,2.25,1.8326308123260144,0.5972222222222222,2.25,1.825657932663782,0.5847383753479654,2.25,1.6652616246520346,0.6944444444444444,2.25,1.960082685487263,0.753943045640863,2.25,1.4960569543591369,0.7569444444444444,2.25,0.025597704791666676,0.004409809999998515,0.026219799055732837,8.216227228508287e-05,2.2471669991926393,0.3595193113494255,0.7708333333333334,84,14.0,0.0,0.0,0.04328575761904766,0.006842229999999283,-0.02511111000000099,0.32669633000000076,0.0031487569055646,0.008565120342782201,4.925528778685397e-05,6.281304096172655e-05,2.0330567681232288,2.25,0.7814352865473496,2.25,0.8214285714285714,2.1469007418481265,2.25,0.9913215401453486,2.25,0.9047619047619048,2.2216454159670738,2.25,1.2575759385046463,2.25,0.9642857142857143,2.034147865440651,2.25,0.7719994074585856,2.25,0.8214285714285714,2.150923719409022,2.25,1.0118947171454329,2.25,0.9047619047619048,2.223732788785517,2.25,1.2632929647068347,2.25,0.9642857142857143,0.0056433399999988865,0.0094899058476613,6.424272173008691e-05,2.25,False,False,0.0069934400000004615,-0.02185234000000058,2.25,2.25,0.0101241335915941,6.04655769288361e-05,1,1,False,False,0.0033717800000001574,-0.02185234000000058,2.25,2.25,0.0104143852475681,6.712016886630349e-05,2,2,False,False,True,True,False,False
2024-11-23,Near-isothermal mixing,Near-isothermal mixing,Near-isothermal mixing,0.1915522304861111,0.7315774899999994,-0.04307762000000004,-0.00019728833333321205,-0.0002661150000005108,0.7746551099999994,0.6388888888888888,0.12424729750893017,0.380032221568911,0.0061739273525237,0.0074348338157806506,0.37610641465567846,0.00013245808737455,0.0012096931418124,6.190340069616991e-05,0.001160313047999168,1.5555782686205717,0.3448656624022364,2.25,1.9051343375977636,0.5555555555555556,2.25,1.716641247507519,0.446170470424492,2.25,1.803829529575508,0.6388888888888888,2.25,1.8386071372484534,0.5572065831066614,2.25,1.6927934168933385,0.7013888888888888,2.25,1.5584704103324423,0.3624409831012014,2.25,1.8875590168987986,0.5555555555555556,2.25,1.7240231026901376,0.4748819662023987,2.25,1.7751180337976014,0.6388888888888888,2.25,1.846787210881999,0.5873229493036001,2.25,1.6626770506964,0.7013888888888888,2.25,0.025597704791666676,0.0042142050000002484,0.026219799055732837,8.216227228508287e-05,2.2471669991926393,0.3595193113494255,0.8621031746031746,84,14.0,0.0,0.0,0.13341779083333336,0.017092615000000144,-0.04307762000000004,0.6575258000000002,0.0039258069132325,0.010163980990685,4.938009381323192e-05,6.88823759774422e-05,1.6963261816644384,2.25,0.3684532667399574,2.25,0.6071428571428571,1.8659565725217075,2.25,0.495622735618162,2.25,0.7142857142857143,1.992786380704905,2.25,0.6358710420403784,2.25,0.7976190476190477,1.696696636727496,2.25,0.3842981635719958,2.25,0.6071428571428571,1.871039597414313,2.25,0.5185963271439868,2.25,0.7142857142857143,1.9992269667275013,2.25,0.6528944907159826,2.25,0.7976190476190477,0.0056433399999988865,0.0094899058476613,6.424272173008691e-05,2.25,False,False,0.0022957699999999193,-0.028957030000000827,2.25,2.25,0.0113470130204802,6.31628057093163e-05,1,1,False,False,0.0014538649999993325,-0.028957030000000827,2.25,2.25,0.00944008303789545,6.424710764317616e-05,2,2,False,False,True,True,False,False
2024-11-24,Near-isothermal mixing,Near-isothermal mixing,Near-isothermal mixing,0.0034715529166667006,0.03309458999999926,-0.028729059999999862,-0.00041789583333340374,0.001510360000000155,0.06182364999999912,1.0,0.010098637867606675,0.0212598979582412,0.0051916166205343,0.00602676292374535,0.019934541029202103,6.634133466738078e-05,8.654579716015235e-05,5.432548220419397e-05,4.103412792107016e-05,2.25,2.25,2.25,0.0,1.0,2.25,2.25,2.25,2.25,0.0,1.0,2.25,2.25,2.25,2.25,0.0,1.0,2.25,2.25,2.25,2.25,0.0,1.0,2.25,2.25,2.25,2.25,0.0,1.0,2.25,2.25,2.25,2.25,0.0,1.0,2.25,0.025597704791666676,0.002148664999999994,0.02581106530111392,6.808969125983655e-05,2.25,0.0,0.8640873015873015,90,15.0,0.0,0.0,-0.0008450804444443152,0.0007235249999997251,-0.028729059999999862,0.017403630000000447,0.0013253569290391,0.008166086383981,4.551166923908219e-05,6.530096426909461e-05,2.25,2.25,2.25,2.25,1.0,2.25,2.25,2.25,2.25,1.0,2.25,2.25,2.25,2.25,1.0,2.25,2.25,2.25,2.25,1.0,2.25,2.25,2.25,2.25,1.0,2.25,2.25,2.25,2.25,1.0,0.005390525000001034,0.008565120342782201,6.424272173008691e-05,2.25,False,False,0.0036158849999994302,-0.003587129999999661,2.25,2.25,0.0082431202793562,6.618501669256357e-05,1,1,False,False,-0.0004059950000003809,-0.028729059999999862,2.25,2.25,0.00840856955094845,6.560439540407564e-05,2,2,False,False,True,True,False,False
2024-11-25,Near-isothermal mixing,Near-isothermal mixing,Near-isothermal mixing,0.008113742638888841,0.0535297400000001,-0.0544591900000011,0.011086310000000191,0.009651050000000438,0.1079889300000012,1.0,0.013622951203099613,0.0343237923511308,0.0090822258894848,0.013919646356395251,0.0315926918587499,7.549157335328564e-05,0.0001208854543829,8.388571101065648e-05,7.182438769120936e-05,2.25,2.25,2.25,0.0,1.0,2.25,2.25,2.25,2.25,0.0,1.0,2.25,2.25,2.25,2.25,0.0,1.0,2.25,2.25,2.25,2.25,0.0,1.0,2.25,2.25,2.25,2.25,0.0,1.0,2.25,2.25,2.25,2.25,0.0,1.0,2.25,0.025597704791666676,0.0042142050000002484,0.02581106530111392,7.549157335328564e-05,2.25,0.0,0.8640873015873015,87,14.5,0.0,0.0,0.0010211181609194372,0.004062729999999348,-0.0544591900000011,0.030542110000000733,0.0027311004923809,0.00875575058004955,4.906106669169065e-05,7.179304837853972e-05,2.25,2.25,2.25,2.25,1.0,2.25,2.25,2.25,2.25,1.0,2.25,2.25,2.25,2.25,1.0,2.25,2.25,2.25,2.25,1.0,2.25,2.25,2.25,2.25,1.0,2.25,2.25,2.25,2.25,1.0,0.004955350000003023,0.008565120342782201,6.424272173008691e-05,2.25,False,False,0.0067206499999992175,-0.007034000000000873,2.25,2.25,0.012143553412084,7.240554389179603e-05,1,1,False,False,0.014345950000000052,-0.007034000000000873,2.25,2.25,0.01505297657158105,7.927812389862273e-05,2,2,False,False,True,True,False,False
2024-11-26,Near-isothermal mixing,Near-isothermal mixing,Near-isothermal mixing,0.06684001034722226,0.39849438999999975,-0.0417138700000006,-0.001984417499999965,0.00039413000000010356,0.44020826000000035,0.8472222222222222,0.04696124408839244,0.2155339099334763,0.0063918617350483,0.006711816809068301,0.2119109778499383,7.167903404255459e-05,0.0005429943252257,5.839185779411455e-05,0.0005029771617788918,1.9503981737987546,0.5022403945952351,2.25,1.7477596054047648,0.7847222222222222,2.25,2.0599358014457705,0.789317028187491,2.25,1.460682971812509,0.8472222222222222,2.25,2.160323174320738,1.041148802461807,2.25,1.208851197538193,0.9166666666666666,2.25,1.9510337402881786,0.5173870716104819,2.25,1.7326129283895182,0.7847222222222222,2.25,2.063029541743481,0.795022021209957,2.25,1.454977978790043,0.8472222222222222,2.25,2.1643703842287354,1.088834345252147,2.25,1.161165654747853,0.9166666666666666,2.25,0.06684001034722226,0.001510360000000155,0.04696124408839244,7.549157335328564e-05,2.0599358014457705,1.460682971812509,0.8422619047619048,85,14.166666666666666,0.0,0.0,0.005944879529411818,0.002301199999999781,-0.0417138700000006,0.1273624800000004,0.003622932083538,0.0076989976482634,4.0017163446808185e-05,6.28485882531563e-05,2.238707840029761,2.25,1.2901664025297097,2.25,0.9882352941176471,2.25,2.25,2.25,2.25,1.0,2.25,2.25,2.25,2.25,1.0,2.238961132140311,2.25,1.311696231926429,2.25,0.9882352941176471,2.25,2.25,2.25,2.25,1.0,2.25,2.25,2.25,2.25,1.0,0.004062729999999348,0.0082901499189143,6.424272173008691e-05,2.25,False,False,0.009716234999999962,-0.027421070000000825,2.25,2.25,0.0112520098822126,7.193076431418342e-05,1,1,False,False,0.0037687100000001195,-0.027421070000000825,2.25,2.25,0.0102838929929417,6.788523343605969e-05,2,2,False,False,True,True,False,False
2024-11-27,Near-isothermal mixing,Near-isothermal mixing,Near-isothermal mixing,0.12511633486111107,0.7605210800000002,-0.04031894999999963,0.006639004166666703,0.0043590799999995156,0.8008400299999998,0.7777777777777778,0.07508097480076446,0.3657318056861269,0.0100988727800115,0.01030003963558285,0.3691966944981962,7.577687211885837e-05,0.0010736370461902,6.707509947745274e-05,0.001023281979812002,1.836581931644191,0.3508669033097683,2.25,1.8991330966902318,0.7361111111111112,2.25,1.9290012780004373,0.4592762011768455,2.25,1.7907237988231546,0.7777777777777778,2.25,1.988533585469923,0.5754075083464136,2.25,1.6745924916535864,0.8125,2.25,1.838035951478667,0.3655539392384104,2.25,1.8844460607615896,0.7361111111111112,2.25,1.932366961604797,0.4811078784768208,2.25,1.7688921215231792,0.7777777777777778,2.25,1.99223618576038,0.5966618177152334,2.25,1.6533381822847666,0.8125,2.25,0.12511633486111107,0.001510360000000155,0.07508097480076446,7.577687211885837e-05,1.9290012780004373,1.6982049397160472,0.8105158730158729,83,13.833333333333332,0.0,0.0,0.02595504963855422,0.004537110000001121,-0.04031894999999963,0.35017856999999886,-0.0034648888120693,0.0103747224799592,5.035506637819803e-05,7.007483680875217e-05,2.1294227107214665,2.25,0.9492781642422604,2.25,0.891566265060241,2.1889217109635815,2.25,1.0747519175738642,2.25,0.9397590361445783,2.227782474398049,2.25,1.2349332561572173,2.25,0.9759036144578314,2.130522239445542,2.25,0.918766387644078,2.25,0.891566265060241,2.19070899784972,2.25,1.0894609934759814,2.25,0.9397590361445783,2.2290819564569717,2.25,1.244960629980033,2.25,0.9759036144578314,0.004537110000001121,0.008565120342782201,6.530096426909461e-05,2.25,False,False,0.010456969999999899,-0.00043544000000039773,2.25,2.25,0.020648941322428,8.446868463009272e-05,1,1,False,False,0.00810349999999982,-0.018724830000000026,2.25,2.25,0.0173254421834377,9.178103916112216e-05,2,2,False,False,True,True,False,False
2024-11-28,Near-isothermal mixing,Near-isothermal mixing,Near-isothermal mixing,0.15297521805555553,0.9383846700000014,-0.04502330000000043,-0.0023734891666668347,0.0014725249999996137,0.9834079700000018,0.75,0.08362840390317634,0.4049732253985307,0.0056275305701504,0.00738221167850605,0.4037839422916285,7.528546942930159e-05,0.0013830752399562,6.872107691937115e-05,0.0013429310922278156,1.787638789351482,0.3209332729327654,2.25,1.9290667270672346,0.7222222222222222,2.25,1.8684149121427664,0.3956406063782013,2.25,1.8543593936217988,0.75,2.25,1.9389478146798522,0.4758972184348055,2.25,1.7741027815651944,0.7916666666666666,2.25,1.789507865454147,0.3387233886173496,2.25,1.9112766113826505,0.7222222222222222,2.25,1.874658907727299,0.4274467772346992,2.25,1.8225532227653007,0.75,2.25,1.9440662605550432,0.5161701658520504,2.25,1.7338298341479494,0.7916666666666666,2.25,0.12511633486111107,0.0014725249999996137,0.07508097480076446,7.549157335328564e-05,1.9290012780004373,1.6982049397160472,0.8154761904761906,83,13.833333333333332,0.0,0.0,0.039981947108433655,0.0018135400000005575,-0.036602670000000614,0.5010615600000001,0.0011892831069022,0.008128094901073999,4.014414772838434e-05,6.326244087306479e-05,2.0785708528354934,2.25,0.66256738085577,2.25,0.8674698795180723,2.1343813274905488,2.25,0.8693912278916277,2.25,0.891566265060241,2.187929800546145,2.25,0.9948985907250104,2.25,0.9397590361445783,2.0775334683560898,2.25,0.6288081966820629,2.25,0.8674698795180723,2.1378038767208762,2.25,0.8562243586645688,2.25,0.891566265060241,2.1896675548876745,2.25,1.0124203880552902,2.25,0.9397590361445783,0.004062729999999348,0.008565120342782201,6.530096426909461e-05,2.25,False,False,0.004022299999999035,-0.008621120000000815,2.25,2.25,0.0108973534281899,6.65240512282741e-05,1,1,False,False,0.0005378099999999719,-0.01903378999999994,2.25,2.25,0.0119485687077647,6.617442537680516e-05,2,2,False,False,True,True,False,False
2024-11-29,Near-isothermal mixing,Near-isothermal mixing,Near-isothermal mixing,0.19872810708333333,0.9350918999999998,-0.03968459000000024,-0.0018129741666673322,-0.002032210000000312,0.97477649,0.6875,0.10022904362414299,0.3851182710801157,0.0040165569063489,0.0070165360313716495,0.38180409913408503,8.299125210027214e-05,0.0013926698986619,6.495513821057472e-05,0.0013497075026871021,1.6522136272028562,0.3171525659443609,2.25,1.9328474340556392,0.6388888888888888,2.25,1.7579803297256684,0.3875297655027657,2.25,1.8624702344972344,0.6875,2.25,1.8463614413706086,0.4624180958243605,2.25,1.7875819041756396,0.7361111111111112,2.25,1.6548976300975802,0.3329435663089269,2.25,1.9170564336910731,0.6388888888888888,2.25,1.7642338449363673,0.4158871326178538,2.25,1.8341128673821463,0.6875,2.25,1.853814279963181,0.4988306989267822,2.25,1.7511693010732179,0.7361111111111112,2.25,0.12511633486111107,0.0014725249999996137,0.07508097480076446,7.549157335328564e-05,1.9290012780004373,1.7907237988231546,0.8144841269841271,83,13.833333333333332,0.0,0.0,0.10677374650602421,0.007224230000000276,-0.036543889999999024,0.7783168600000003,0.0033141719460307,0.00865325531233155,4.2962395974797866e-05,5.978958568461454e-05,1.8631308961850122,2.25,0.3551525853267151,2.25,0.7349397590361446,1.9632759977280132,2.25,0.4655139248156493,2.25,0.7951807228915663,2.041833965122365,2.25,0.5826269653910889,2.25,0.8433734939759037,1.8622159483248741,2.25,0.3660704668447024,2.25,0.7349397590361446,1.9653771776127247,2.25,0.4821409336894049,2.25,0.7951807228915663,2.0458818534355423,2.25,0.5982114005341095,2.25,0.8433734939759037,0.004062729999999348,0.00865325531233155,6.530096426909461e-05,2.25,False,False,0.009468335000000216,-0.01739992999999984,2.25,2.25,0.0094091791074934,5.8589251650716606e-05,1,1,False,False,0.003918589999998723,-0.01739992999999984,2.25,2.25,0.008188361632051,5.0775823812757236e-05,2,2,False,False,True,True,False,False
2024-11-30,Near-isothermal mixing,Near-isothermal mixing,Near-isothermal mixing,0.2564741789583333,0.9183450099999995,-0.055910019999998894,-0.0032188283333332754,0.004793494999999481,0.9742550299999984,0.6180555555555556,0.12636979189580236,0.3855895878926902,0.0033129432349629,0.0064310928192190505,0.3853051000510801,0.00012844862973165,0.0013579497775406,6.232430127888024e-05,0.0013231399025537987,1.542586170903447,0.3246980043877567,2.25,1.9253019956122432,0.5763888888888888,2.25,1.6378871820867706,0.403163447319826,2.25,1.846836552680174,0.6180555555555556,2.25,1.7256188493746554,0.4868092545761074,2.25,1.7631907454238926,0.6597222222222222,2.25,1.5456118005209205,0.3394159182330766,2.25,1.9105840817669235,0.5763888888888888,2.25,1.644667649041108,0.4288318364661531,2.25,1.821168163533847,0.6180555555555556,2.25,1.733452684321202,0.5182477546992312,2.25,1.7317522453007688,0.6597222222222222,2.25,0.12511633486111107,0.001510360000000155,0.07508097480076446,7.549157335328564e-05,1.9290012780004373,1.7907237988231546,0.8115079365079366,83,13.833333333333332,0.0,0.0,0.18089244325301204,0.008919119999999836,-0.055910019999998894,0.9027892800000004,0.0002844878416101,0.009437887771579851,3.480987498680137e-05,6.554466015207624e-05,1.6940958664889751,2.25,0.3246980043877567,2.25,0.6385542168674698,1.7999168927386027,2.25,0.403163447319826,2.25,0.6987951807228916,1.8803204231292265,2.25,0.4868092545761074,2.25,0.7469879518072289,1.6944956777895428,2.25,0.3394159182330766,2.25,0.6385542168674698,1.8045678981998892,2.25,0.4288318364661531,2.25,0.6987951807228916,1.8855976045360996,2.25,0.5182477546992312,2.25,0.7469879518072289,0.004062729999999348,0.00865325531233155,6.530096426909461e-05,2.25,False,False,-0.009212400000000898,-0.030319869999999582,2.25,2.25,0.0094366346392125,6.650543873906532e-05,1,1,False,False,-0.003062934999999989,-0.05563339999999961,2.25,2.25,0.0048605612404113,6.11995255978495e-05,2,2,False,False,True,True,False,False
2024-12-01,Near-isothermal mixing,Near-isothermal mixing,Near-isothermal mixing,0.27371301131944453,0.8640821499999998,-0.05271452999999937,-0.008942556666666768,-0.0029701400000003986,0.9167966799999991,0.5625,0.13054890756597012,0.3445844262149083,0.0003779492161371,0.0044084686327864,0.3442064769987712,0.0001609823291415986,0.0012879270515936,6.456464382524525e-05,0.0012380183855995146,1.4424770389557038,0.3195958091501198,2.25,1.9304041908498801,0.5208333333333334,2.25,1.55306540155922,0.3927598831113801,2.25,1.85724011688862,0.5625,2.25,1.6768095256593432,0.471069115775189,2.25,1.778930884224811,0.6319444444444444,2.25,1.4455379217726128,0.3366055028582237,2.25,1.9133944971417762,0.5208333333333334,2.25,1.5629257966712082,0.4232110057164475,2.25,1.8267889942835525,0.5625,2.25,1.6862494587593577,0.5098165085746728,2.25,1.7401834914253271,0.6319444444444444,2.25,0.15297521805555553,0.0014725249999996137,0.08362840390317634,7.577687211885837e-05,1.8684149121427664,1.846836552680174,0.7490079365079366,83,13.833333333333332,0.0,0.0,0.24258126927710844,0.011861579999999705,-0.05271452999999937,0.8640821499999998,0.0003779492161371,0.009011331455765,4.9908665994085405e-05,7.263082655002297e-05,1.4995080772984426,2.25,0.3195958091501198,2.25,0.5301204819277109,1.616596662777431,2.25,0.3927598831113801,2.25,0.5903614457831325,1.7349205947873345,2.25,0.471069115775189,2.25,0.6626506024096386,1.501453991570605,2.25,0.3366055028582237,2.25,0.5301204819277109,1.6258881566413732,2.25,0.4232110057164475,2.25,0.5903614457831325,1.7440056277796232,2.25,0.5098165085746728,2.25,0.6626506024096386,0.004537110000001121,0.00875575058004955,6.554466015207624e-05,2.25,False,False,-0.002747719999999454,-0.022772520000000185,2.25,2.25,0.0084439091447834,6.29266413557093e-05,1,1,False,False,-0.0033932049999991776,-0.05271452999999937,2.25,2.25,0.00801226797932625,5.641765367489736e-05,2,2,False,False,True,True,False,False
2024-12-02,Near-isothermal mixing,Near-isothermal mixing,Near-isothermal mixing,0.27922179451388884,0.8620952299999995,-0.036905129999999176,-0.0027614791666665064,-0.0007375400000002585,0.8990003599999987,0.5486111111111112,0.1326683118333204,0.3389342421619051,0.0067044987316223,0.00773795083802345,0.3340071868689873,0.00019693945092849998,0.0012454570285951,7.039039252744086e-05,0.0011891735049845604,1.4187659174842984,0.3212840325068714,2.25,1.9287159674931287,0.5138888888888888,2.25,1.5300014353663667,0.3963259378292588,2.25,1.8536740621707413,0.5486111111111112,2.25,1.651586980183364,0.4768211895679228,2.25,1.7731788104320771,0.6111111111111112,2.25,1.422277489367797,0.338500498355156,2.25,1.911499501644844,0.5138888888888888,2.25,1.5400411953502207,0.4270009967103121,2.25,1.822999003289688,0.5486111111111112,2.25,1.6614588305169025,0.5155014950654697,2.25,1.7344985049345303,0.6111111111111112,2.25,0.19872810708333333,0.00039413000000010356,0.10022904362414299,8.299125210027214e-05,1.7579803297256684,1.8536740621707413,0.6845238095238095,84,14.0,0.0,0.0,0.2534132288095238,0.057765530000000176,-0.036905129999999176,0.8620952299999995,0.0049270552929178,0.0195334028260225,5.62835236105396e-05,0.00010256288318916401,1.467802710503212,2.25,0.3212840325068714,2.25,0.5238095238095238,1.5942801508270514,2.25,0.3963259378292588,2.25,0.5833333333333334,1.7031025685238812,2.25,0.4768211895679228,2.25,0.6428571428571429,1.4698188728717636,2.25,0.338500498355156,2.25,0.5238095238095238,1.6034270082101147,2.25,0.4270009967103121,2.25,0.5833333333333334,1.7128633915362113,2.25,0.5155014950654697,2.25,0.6428571428571429,0.007224230000000276,0.009011331455765,6.554466015207624e-05,2.25,False,False,-0.0015106899999999257,-0.03547672999999918,2.25,2.25,0.0103112508679484,6.81875021398219e-05,1,1,False,False,-0.0034821249999996695,-0.03547672999999918,2.25,2.25,0.0076191530804330995,6.223551287518075e-05,2,2,False,False,True,True,False,False
2024-12-03,Near-isothermal mixing,Near-isothermal mixing,Near-isothermal mixing,0.16657426895833335,0.6809325099999999,-0.07629526999999925,-0.0009461591666664049,0.0029122400000005655,0.7572277799999991,0.6875,0.0889159754442387,0.2981192629512819,0.0069077857194458,0.0092256181404236,0.3005170612709189,0.0001329915289825,0.0008865745799611,7.790596492377965e-05,0.0008329405705009298,1.6647618574327043,0.3624048197873895,2.25,1.8875951802126105,0.6111111111111112,2.25,1.8016789548626708,0.4837356402152539,2.25,1.766264359784746,0.6875,2.25,1.9127315016715376,0.6192173006058682,2.25,1.630782699394132,0.7569444444444444,2.25,1.667654626084817,0.3806025148506812,2.25,1.8693974851493187,0.6111111111111112,2.25,1.8075020765808358,0.5112050297013625,2.25,1.7387949702986374,0.6875,2.25,1.917300386069297,0.6418075445520461,2.25,1.6081924554479539,0.7569444444444444,2.25,0.19872810708333333,0.0014725249999996137,0.10022904362414299,0.00012844862973165,1.7579803297256684,1.8536740621707413,0.6617063492063492,84,14.0,0.0,0.0,0.08526632202380949,0.012058735000000098,-0.07629526999999925,0.5971633899999986,-0.002397798319637,0.01109383107742005,5.363400946017018e-05,7.507735009862408e-05,1.9322701711571841,2.25,0.426477574390347,2.25,0.7619047619047619,2.0253455365693553,2.25,0.6065531039351876,2.25,0.8214285714285714,2.1057725372107634,2.25,0.7856155843085291,2.25,0.8809523809523809,1.9311172549742845,2.25,0.4290578584286203,2.25,0.7619047619047619,2.0285206394585784,2.25,0.6081157168572406,2.25,0.8214285714285714,2.1089591808019894,2.25,0.7874928384780375,2.25,0.8809523809523809,0.008919119999999836,0.009437887771579851,7.007483680875217e-05,2.25,False,False,0.006282569999999765,-0.005680339999999617,2.25,2.25,0.0087349738558785,6.620527513107094e-05,1,1,False,False,0.007344970000000117,-0.01643426999999953,2.25,2.25,0.0095414129160867,6.763196114787032e-05,2,2,False,False,True,True,False,False
2024-12-04,Near-isothermal mixing,Near-isothermal mixing,Near-isothermal mixing,0.030996556875000025,0.17996391000000145,-0.02751609000000066,0.0036670724999998683,0.0017707849999997194,0.2074800000000021,1.0,0.02467636043056494,0.084681904826871,0.0101867176306525,0.0110420303453235,0.08022203760500081,7.919081401136062e-05,0.0002842867093775,7.900278241604046e-05,0.00021894840774024175,2.0811240357158933,0.9148763519170264,2.25,1.3351236480829736,0.8541666666666666,2.25,2.25,2.25,2.25,0.0,1.0,2.25,2.25,2.25,2.25,0.0,1.0,2.25,2.085662762470419,0.9264713547941862,2.25,1.3235286452058137,0.8541666666666666,2.25,2.25,2.25,2.25,0.0,1.0,2.25,2.25,2.25,2.25,0.0,1.0,2.25,0.19872810708333333,0.0014725249999996137,0.10022904362414299,0.00012844862973165,1.7579803297256684,1.8536740621707413,0.693452380952381,95,15.833333333333332,0.0,0.0,0.0010685268421053557,0.0007100199999996448,-0.02751609000000066,0.024796860000000365,0.0044598672218702,0.0098628547275991,6.533830163725828e-05,7.504541796329541e-05,2.25,2.25,2.25,2.25,1.0,2.25,2.25,2.25,2.25,1.0,2.25,2.25,2.25,2.25,1.0,2.25,2.25,2.25,2.25,1.0,2.25,2.25,2.25,2.25,1.0,2.25,2.25,2.25,2.25,1.0,0.008919119999999836,0.009437887771579851,7.263082655002297e-05,2.25,False,False,0.013142779999999021,0.002473699999999468,2.25,2.25,0.0124668233200969,7.361213513620222e-05,1,1,False,False,0.009543995000000471,0.0017084199999999328,2.25,2.25,0.01319839944388915,7.731660776587004e-05,2,2,False,False,True,True,False,False
2024-12-05,Near-isothermal mixing,Near-isothermal mixing,Near-isothermal mixing,0.17211231222222226,0.6322225900000014,-0.036653729999999385,-0.0025770299999997213,-0.0006098599999990739,0.6688763200000007,0.6597222222222222,0.08705538568742381,0.2621802357100601,0.0082115585795038,0.00864287312363705,0.25727261869892293,0.00013314676750785,0.0008374753989161,7.018830323803748e-05,0.000773763230054152,1.6055568602075676,0.3626798994722737,2.25,1.8873201005277263,0.5902777777777778,2.25,1.7592188310941614,0.4852473375101185,2.25,1.7647526624898815,0.6597222222222222,2.25,1.8861027274591855,0.6246244379673916,2.25,1.6253755620326085,0.7361111111111112,2.25,1.6093441469251888,0.383320029771962,2.25,1.8666799702280379,0.5902777777777778,2.25,1.7678848671669267,0.516640059543924,2.25,1.733359940456076,0.6597222222222222,2.25,1.8921604830347205,0.6499600893158884,2.25,1.6000399106841114,0.7361111111111112,2.25,0.19872810708333333,-0.0006098599999990739,0.10022904362414299,0.0001329915289825,1.7579803297256684,1.846836552680174,0.6805555555555556,85,14.166666666666666,0.0,0.0,0.11360376694117656,0.020124299999999096,-0.036653729999999385,0.5685417200000007,0.0049076170111372,0.0143933565466849,6.371216886194797e-05,7.959102327425701e-05,1.7508850838040364,2.25,0.3886491715655971,2.25,0.6470588235294118,1.9223993565925124,2.25,0.539715535043718,2.25,0.7529411764705882,2.042649473428875,2.25,0.7110392383232257,2.25,0.8352941176470589,1.752706770316736,2.25,0.4060028524809567,2.25,0.6470588235294118,1.9283725872359827,2.25,0.5620057049619135,2.25,0.7529411764705882,2.0481693836015684,2.25,0.7180085574428731,2.25,0.8352941176470589,0.011861579999999705,0.0098628547275991,7.504541796329541e-05,2.25,False,False,-0.0004515950000003599,-0.036653729999999385,2.25,2.25,0.0135502180169866,7.617270354579508e-05,1,1,False,False,0.004835840000000147,-0.036653729999999385,2.25,2.25,0.01065605173323725,7.430748483481213e-05,2,2,False,False,True,True,False,False
2024-12-06,Near-isothermal mixing,Near-isothermal mixing,Near-isothermal mixing,0.24392188715277788,0.7703735500000004,-0.025969949999998576,0.004500979166666437,0.007945115000000058,0.796343499999999,0.5763888888888888,0.11865618011973349,0.3198264739177412,0.0093669809461651,0.0095147430731849,0.3125247691473717,0.0001816751888714,0.0010420819117922,6.454810628559527e-05,0.0009826044155022517,1.4608150004861042,0.3450901448684211,2.25,1.9049098551315788,0.5138888888888888,2.25,1.6104163884401108,0.4463006004325799,2.25,1.80369939956742,0.5763888888888888,2.25,1.7340494661261625,0.5564674968282453,2.25,1.6935325031717547,0.6458333333333334,2.25,1.4611181478575765,0.3613626719628965,2.25,1.8886373280371034,0.5138888888888888,2.25,1.6174804142247456,0.4727253439257931,2.25,1.777274656074207,0.5763888888888888,2.25,1.7421483335077514,0.5840880158886916,2.25,1.6659119841113084,0.6458333333333334,2.25,0.24392188715277788,0.0017707849999997194,0.11865618011973349,0.00013314676750785,1.6378871820867706,1.80369939956742,0.6646825396825398,84,14.0,0.0,0.0,0.19729583773809528,0.01567938999999985,-0.025969949999998576,0.735187569999999,0.0073017047703695,0.0114136990639355,5.94774962899483e-05,8.19599035353315e-05,1.53268310849679,2.25,0.3458221541636441,2.25,0.5238095238095238,1.6924298204261266,2.25,0.4480019339239723,2.25,0.6071428571428571,1.827598173183456,2.25,0.5596277948543223,2.25,0.6904761904761905,1.5305368358939184,2.25,0.3626590844849624,2.25,0.5238095238095238,1.6986429471469573,2.25,0.4753181689699249,2.25,0.6071428571428571,1.8353574410031606,2.25,0.5879772534548893,2.25,0.6904761904761905,0.012058735000000098,0.01109383107742005,7.507735009862408e-05,2.25,False,False,0.0006777549999998911,-0.008946690000000146,2.25,2.25,0.0119609731066581,8.106974584814212e-05,1,1,False,False,0.0006777549999998911,-0.025969949999998576,2.25,2.25,0.0106703806649151,7.722177674086408e-05,2,2,False,False,True,True,False,False
2024-12-07,Near-isothermal mixing,Near-isothermal mixing,Near-isothermal mixing,0.10418796312500005,0.521882960000001,-0.04024320999999986,-0.009912173333333385,-0.00769042999999936,0.5621261700000009,0.7847222222222222,0.06010743884566189,0.2285904730592043,0.0047612812369872,0.0062471338639276,0.2246116348985131,0.00010221351341472255,0.0005929272678347,7.299102876040791e-05,0.0005235608889325239,1.8328212589710031,0.4209701478841616,2.25,1.8290298521158384,0.7013888888888888,2.25,1.9696337354166924,0.6102388587812809,2.25,1.639761141218719,0.7847222222222222,2.25,2.058314482694373,0.827166003891612,2.25,1.422833996108388,0.8402777777777778,2.25,1.832727498349924,0.4383947265904573,2.25,1.8116052734095427,0.7013888888888888,2.25,1.9734718394747799,0.6267894531809146,2.25,1.6232105468190854,0.7847222222222222,2.25,2.0633740634045172,0.8421462182935895,2.25,1.4078537817064105,0.8402777777777778,2.25,0.17211231222222226,-0.0006098599999990739,0.0889159754442387,0.00013314676750785,1.7592188310941614,1.766264359784746,0.6884920634920635,86,14.333333333333332,0.0,0.0,0.016482052674418657,0.008944794999999672,-0.04024320999999986,0.16118473000000044,0.0039788381606912,0.0151503899236477,6.93663789021761e-05,9.155134894673841e-05,2.2165017982993103,2.25,1.1436079906308252,2.25,0.9534883720930233,2.25,2.25,2.25,2.25,1.0,2.25,2.25,2.25,2.25,1.0,2.2184148536198016,2.25,1.1637409403653027,2.25,0.9534883720930233,2.25,2.25,2.25,2.25,1.0,2.25,2.25,2.25,2.25,1.0,0.012058735000000098,0.0114136990639355,7.959102327425701e-05,2.25,False,False,-0.0018054650000012273,-0.030361430000001022,2.25,2.25,0.009980405898794,6.93663789021761e-05,1,1,False,False,-0.0038188450000005147,-0.03203058999999975,2.25,2.25,0.0069796220297426,7.196504504614736e-05,2,2,False,False,True,True,False,False
2024-12-08,Near-isothermal mixing,Near-isothermal mixing,Near-isothermal mixing,0.06028418708333345,0.39635825000000047,-0.04368368000000089,0.012075241666666958,0.01096633999999952,0.44004193000000136,0.875,0.037615464009589844,0.1604865216123475,0.0140604759570485,0.015907718942883,0.1538840118771904,8.954234868028882e-05,0.0004604769155374,8.924220511002338e-05,0.0003888598192253605,1.9763180344356128,0.5236252844782813,2.25,1.7263747155217186,0.7916666666666666,2.25,2.0974714738799562,0.8048067233493833,2.25,1.4451932766506168,0.8680555555555556,2.25,2.1784500621558722,1.0612845748699686,2.25,1.1887154251300314,0.9236111111111112,2.25,1.9772150879130568,0.5277942911050801,2.25,1.7222057088949199,0.7916666666666666,2.25,2.1016309011424164,0.8095211395867897,2.25,1.4404788604132102,0.8680555555555556,2.25,2.1828452869525607,1.106967703609013,2.25,1.143032296390987,0.9236111111111112,2.25,0.16657426895833335,0.0017707849999997194,0.08705538568742381,0.0001329915289825,1.8016789548626708,1.7647526624898815,0.7331349206349207,84,14.0,0.0,0.0,0.005270846190476347,0.003001950000000697,-0.04368368000000089,0.1024043600000013,0.0066025097351571,0.01132594076061445,7.16170963120395e-05,8.020445979438766e-05,2.241794318893941,2.25,1.5607227870910658,2.25,0.9880952380952381,2.25,2.25,2.25,2.25,1.0,2.25,2.25,2.25,2.25,1.0,2.243024879794593,2.25,1.664089902745786,2.25,0.9880952380952381,2.25,2.25,2.25,2.25,1.0,2.25,2.25,2.25,2.25,1.0,0.012058735000000098,0.0114136990639355,8.020445979438766e-05,2.25,False,False,0.0077447050000003514,-0.005056500000000241,2.25,2.25,0.017625968443163,9.32330280376658e-05,1,1,False,False,0.004101724999999945,-0.011054149999999652,2.25,2.25,0.0150106419021383,8.954234868028882e-05,2,2,False,False,True,True,False,False
2024-12-09,Near-isothermal mixing,Near-isothermal mixing,Near-isothermal mixing,0.012344034652777731,0.08255235999999933,-0.04422865000000087,0.005012987500000232,0.005967295000000483,0.1267810100000002,1.0,0.015591529729926045,0.0408214756955957,0.0104383499111569,0.011497146417492301,0.0365849521697771,7.916560077203901e-05,0.000164887918779,7.80587563429079e-05,0.00010092190351344653,2.25,2.25,2.25,0.0,1.0,2.25,2.25,2.25,2.25,0.0,1.0,2.25,2.25,2.25,2.25,0.0,1.0,2.25,2.25,2.25,2.25,0.0,1.0,2.25,2.25,2.25,2.25,0.0,1.0,2.25,2.25,2.25,2.25,0.0,1.0,2.25,0.10418796312500005,0.0029122400000005655,0.06010743884566189,0.00010221351341472255,1.9696337354166924,1.639761141218719,0.7976190476190477,90,15.0,0.0,0.0,0.00029675199999995447,0.002271370000000772,-0.04422865000000087,0.018095369999999278,0.0042365235258186,0.0097874279840737,6.396601526555346e-05,7.403558506446689e-05,2.25,2.25,2.25,2.25,1.0,2.25,2.25,2.25,2.25,1.0,2.25,2.25,2.25,2.25,1.0,2.25,2.25,2.25,2.25,1.0,2.25,2.25,2.25,2.25,1.0,2.25,2.25,2.25,2.25,1.0,0.008944794999999672,0.01132594076061445,7.959102327425701e-05,2.25,False,False,0.010262694999999766,0.005686510000000311,2.25,2.25,0.0149578169407603,8.295405365518219e-05,1,1,False,False,0.007745464999999285,-0.0074874399999984576,2.25,2.25,0.0130426204171017,7.827302092996117e-05,2,2,False,False,True,True,False,False
2024-12-10,Near-isothermal mixing,Near-isothermal mixing,Near-isothermal mixing,0.006015593263888872,0.043306160000000204,-0.030737000000000236,-0.002704127499999931,-0.00029629500000094566,0.07404316000000044,1.0,0.011918628511462874,0.0200913903187658,0.0076140111028433,0.00835256234013335,0.012622190218878499,7.908258951282355e-05,0.0001025445574988,7.114030072724225e-05,3.6268590000554705e-05,2.25,2.25,2.25,0.0,1.0,2.25,2.25,2.25,2.25,0.0,1.0,2.25,2.25,2.25,2.25,0.0,1.0,2.25,2.25,2.25,2.25,0.0,1.0,2.25,2.25,2.25,2.25,0.0,1.0,2.25,2.25,2.25,2.25,0.0,1.0,2.25,0.06028418708333345,0.0017707849999997194,0.037615464009589844,8.954234868028882e-05,2.0974714738799562,1.4451932766506168,0.8422619047619049,92,15.333333333333332,0.0,0.0,0.0034305891304347506,0.002877820000000142,-0.030737000000000236,0.043306160000000204,0.0074692000998873,0.0103571297932553,6.62759674982453e-05,7.668098416647608e-05,2.25,2.25,2.25,2.25,1.0,2.25,2.25,2.25,2.25,1.0,2.25,2.25,2.25,2.25,1.0,2.25,2.25,2.25,2.25,1.0,2.25,2.25,2.25,2.25,1.0,2.25,2.25,2.25,2.25,1.0,0.003001950000000697,0.01132594076061445,7.959102327425701e-05,2.25,False,False,-0.007956764999999422,-0.018525619999998355,2.25,2.25,0.0086077337177142,8.103810020421386e-05,1,1,False,False,-0.00168699999999955,-0.021854750000001033,2.25,2.25,0.00960896822890395,7.885954218534496e-05,2,2,False,False,True,True,False,False
2024-12-11,Near-isothermal mixing,Near-isothermal mixing,Near-isothermal mixing,0.04966003951388894,0.2518683999999993,-0.04294284999999931,0.014037436666666311,0.013521479999999642,0.29481124999999864,0.9305555555555556,0.030096523649497494,0.1026275066660853,0.0136203774236528,0.01507421867989045,0.095932750639035,8.271263575745013e-05,0.0003342509181499,8.254973704935193e-05,0.0002719149621120491,1.9988280865404942,0.9632790483870672,2.25,1.2867209516129328,0.7847222222222222,2.25,2.1897098315824945,1.1916503570939474,2.25,1.0583496429060526,0.9305555555555556,2.25,2.25,2.25,2.25,0.0,1.0,2.25,2.001543493068108,0.9447804694379238,2.25,1.3052195305620762,0.7847222222222222,2.25,2.193105710644506,1.216050332495469,2.25,1.033949667504531,0.9305555555555556,2.25,2.25,2.25,2.25,0.0,1.0,2.25,0.06028418708333345,0.005967295000000483,0.037615464009589844,8.954234868028882e-05,2.0974714738799562,1.4451932766506168,0.8323412698412699,87,14.5,0.0,0.0,0.004811007356321854,0.004037379999999757,-0.04294284999999931,0.04082416000000144,0.0066947560270503,0.00931262277310645,6.233595603785087e-05,7.502094880704592e-05,2.25,2.25,2.25,2.25,1.0,2.25,2.25,2.25,2.25,1.0,2.25,2.25,2.25,2.25,1.0,2.25,2.25,2.25,2.25,1.0,2.25,2.25,2.25,2.25,1.0,2.25,2.25,2.25,2.25,1.0,0.004037379999999757,0.01132594076061445,7.959102327425701e-05,2.25,False,False,-1.6004999999985614e-05,-0.030476189999999903,2.25,2.25,0.0094569925383566,6.233595603785087e-05,1,1,False,False,0.00351752999999988,-0.030476189999999903,2.25,2.25,0.00931262277310645,6.500110926685763e-05,2,2,False,False,True,True,False,False
2024-12-12,Near-isothermal mixing,Near-isothermal mixing,Near-isothermal mixing,0.022682671527777858,0.17017863000000055,-0.035326229999999015,-0.00647912416666685,-0.002256075000000024,0.20550485999999957,1.0,0.01837141601503701,0.0704364493537606,0.0066107895834214,0.0077599979843275,0.06857632882105011,7.578350166641531e-05,0.0002300916109467,7.836052077739628e-05,0.0001723102364291402,2.1720894130925927,1.1094726008694105,2.25,1.1405273991305895,0.9166666666666666,2.25,2.25,2.25,2.25,0.0,1.0,2.25,2.25,2.25,2.25,0.0,1.0,2.25,2.1746553434425544,1.1330087641864846,2.25,1.1169912358135154,0.9166666666666666,2.25,2.25,2.25,2.25,0.0,1.0,2.25,2.25,2.25,2.25,0.0,1.0,2.25,0.04966003951388894,0.005967295000000483,0.030096523649497494,8.271263575745013e-05,2.1897098315824945,1.0583496429060526,0.880952380952381,88,14.666666666666666,0.0,0.0,-0.0015426798863636655,-0.0002979000000005172,-0.035326229999999015,0.028793520000000683,0.0018601205327105,0.0083761577266083,5.7781374517559815e-05,7.096416687337802e-05,2.25,2.25,2.25,2.25,1.0,2.25,2.25,2.25,2.25,1.0,2.25,2.25,2.25,2.25,1.0,2.25,2.25,2.25,2.25,1.0,2.25,2.25,2.25,2.25,1.0,2.25,2.25,2.25,2.25,1.0,0.003001950000000697,0.0103571297932553,7.668098416647608e-05,2.25,False,False,0.005245985000000175,-0.0012668900000001315,2.25,2.25,0.0077446824177937,6.0809456285027855e-05,1,1,False,False,0.003965174999999377,-0.014590769999999864,2.25,2.25,0.009574401818132,6.847343179136607e-05,2,2,False,False,True,True,False,False
2024-12-13,Near-isothermal mixing,Near-isothermal mixing,Near-isothermal mixing,0.08546792018749991,0.5294831699999989,-0.048219550000000666,-0.004450438333333325,-0.0037289450000006497,0.5777027199999996,0.8263888888888888,0.03936610251293841,0.1738769973668193,0.0072235947753706,0.00747310357835365,0.1672246032689843,8.282691219484978e-05,0.0004616111745475,6.78740032340089e-05,0.00040165013966082563,1.9473604350193097,0.4169261211815579,2.25,1.8330738788184422,0.8055555555555556,2.25,2.014159226134741,0.6047743162177314,2.25,1.6452256837822685,0.8263888888888888,2.25,2.0865662433347913,0.8294728810812598,2.25,1.42052711891874,0.8680555555555556,2.25,1.946806751853301,0.4377570605385462,2.25,1.8122429394614539,0.8055555555555556,2.25,2.0160732694725043,0.6255141210770925,2.25,1.6244858789229075,0.8263888888888888,2.25,2.0907621032752446,0.8473247107516384,2.25,1.4026752892483616,0.8680555555555556,2.25,0.04966003951388894,-0.00029629500000094566,0.030096523649497494,8.271263575745013e-05,2.1897098315824945,1.0583496429060526,0.9166666666666667,84,14.0,0.0,0.0,0.008665950440476118,0.00404329499999978,-0.048219550000000666,0.1510762700000008,0.006652394097835,0.0111113557492103,5.9961034886674384e-05,7.199101738918228e-05,2.236310747826877,2.25,1.10010281745767,2.25,0.9880952380952381,2.25,2.25,2.25,2.25,1.0,2.25,2.25,2.25,2.25,1.0,2.236675024883916,2.25,1.130702090248918,2.25,0.9880952380952381,2.25,2.25,2.25,2.25,1.0,2.25,2.25,2.25,2.25,1.0,0.003001950000000697,0.0103571297932553,7.502094880704592e-05,2.25,False,False,0.0119740850000003,-0.0068038000000001375,2.25,2.25,0.0109335262634015,7.456564003184723e-05,1,1,False,False,0.005211075000000065,-0.048219550000000666,2.25,2.25,0.01163685829007955,7.217026628345423e-05,2,2,False,False,True,True,False,False
2024-12-14,Near-isothermal mixing,Near-isothermal mixing,Near-isothermal mixing,0.12989659309027773,0.7473468479999994,-0.04733125399999949,0.0010218576666664407,0.002844848999999705,0.7946781019999989,0.7708333333333334,0.05141203545438395,0.2343315838133852,0.0056689487688882,0.00732437630283385,0.2303843260609792,7.780079169254498e-05,0.0006168218191642,6.344938063302741e-05,0.0005687977033597726,1.8361471792561974,0.3636564781029631,2.25,1.8863435218970368,0.7361111111111112,2.25,1.917733446833739,0.4840838000871153,2.25,1.7659161999128847,0.7708333333333334,2.25,1.9837013246537747,0.6138041697878213,2.25,1.6361958302121788,0.8055555555555556,2.25,1.835085159732939,0.3764668126801895,2.25,1.8735331873198104,0.7361111111111112,2.25,1.9200022765369462,0.5029336253603791,2.25,1.747066374639621,0.7708333333333334,2.25,1.9860556401993692,0.6294004380405709,2.25,1.6205995619594291,0.8055555555555556,2.25,0.04966003951388894,0.002844848999999705,0.030096523649497494,7.916560077203901e-05,2.1897098315824945,1.0583496429060526,0.9146825396825398,85,14.166666666666666,0.0,0.0,0.028767778729411726,0.005689188999999928,-0.04733125399999949,0.39115107100000124,0.003947257752406,0.006767636686363,4.802411580442751e-05,6.344938063302741e-05,2.1260385889560807,2.25,0.8247613787875147,2.25,0.8941176470588236,2.186670306722988,2.25,0.977606930547327,2.25,0.9411764705882353,2.2259832228719874,2.25,1.1209937563402033,2.25,0.9764705882352941,2.126591776130328,2.25,0.7998877245624365,2.25,0.8941176470588236,2.188705264389965,2.25,0.9791876114335312,2.25,0.9411764705882353,2.227083958912595,2.25,1.1584874983046294,2.25,0.9764705882352941,0.003001950000000697,0.0097874279840737,7.403558506446689e-05,2.25,False,False,-0.0007101120000001515,-0.0193802990000016,2.25,2.25,0.0071286507432335,6.464732651300827e-05,1,1,False,False,-0.003990361999999692,-0.0193802990000016,2.25,2.25,0.0066175173329434,6.211775512506378e-05,2,2,False,False,True,True,False,False
2024-12-15,Near-isothermal mixing,Near-isothermal mixing,Near-isothermal mixing,0.14408731109027778,0.7215821049999995,-0.05583690799999985,0.000588757083333391,0.0021586994999998055,0.7774190129999994,0.7291666666666666,0.05146020383962621,0.1968856322180836,0.0056332314867749,0.0074579062397876,0.19591039082028022,6.822148894715205e-05,0.0006161350970086,5.778045598030818e-05,0.0005668098939134428,1.7727178923420324,0.3502312258452776,2.25,1.8997687741547225,0.6944444444444444,2.25,1.8619981139677908,0.4574211753726222,2.25,1.7925788246273777,0.7291666666666666,2.25,1.9468259195314843,0.5750953322028022,2.25,1.6749046677971977,0.7777777777777778,2.25,1.7729656403334138,0.3673410865564478,2.25,1.882658913443552,0.6944444444444444,2.25,1.865981633890251,0.4846821731128956,2.25,1.7653178268871044,0.7291666666666666,2.25,1.9518461552007718,0.6020232596693456,2.25,1.6479767403306544,0.7777777777777778,2.25,0.04966003951388894,0.0021586994999998055,0.030096523649497494,7.908258951282355e-05,2.1897098315824945,1.0583496429060526,0.8938492063492064,84,14.0,0.0,0.0,0.04639166805952376,0.00046819650000085034,-0.05583690799999985,0.506851232999999,0.0009752413978034,0.00793823182797795,4.93252030951572e-05,6.300016728305949e-05,2.033673660495442,2.25,0.5002921957855757,2.25,0.8333333333333334,2.1071130448755375,2.25,0.7230946964924327,2.25,0.8809523809523809,2.166503071326562,2.25,0.8963724124822299,2.25,0.9285714285714286,2.0335679866504153,2.25,0.4850821940913266,2.25,0.8333333333333334,2.109631126698718,2.25,0.7201643881826532,2.25,0.8809523809523809,2.1689573527396764,2.25,0.9131360527849391,2.25,0.9285714285714286,0.002877820000000142,0.00931262277310645,7.199101738918228e-05,2.25,False,False,0.013038164500000171,-0.010182828999999671,2.25,2.25,0.0128447578960661,6.392745266752009e-05,1,1,False,False,0.0052151754999991695,-0.015398538999999545,2.25,2.25,0.0110239980653531,6.481778879624886e-05,2,2,False,False,True,True,False,False
2024-12-16,Near-isothermal mixing,Near-isothermal mixing,Near-isothermal mixing,0.202374699763889,0.7920020319999992,-0.04324256900000023,0.0015457181666668578,0.0037305654999997273,0.8352446009999994,0.6736111111111112,0.0648187607160011,0.2165467677990662,0.0077752147504882,0.008101615101328851,0.2142253490013215,7.595730926655341e-05,0.0006374062176425,5.817910252330801e-05,0.0005893220852627793,1.645442752740677,0.3509113671850265,2.25,1.8990886328149734,0.6319444444444444,2.25,1.7418244430065644,0.4583720731761316,2.25,1.7916279268238684,0.6736111111111112,2.25,1.8275231819953655,0.5753275646498913,2.25,1.6746724353501086,0.7013888888888888,2.25,1.6464592695177735,0.3664747337766121,2.25,1.883525266223388,0.6319444444444444,2.25,1.7461725345031092,0.4829494675532242,2.25,1.7670505324467758,0.6736111111111112,2.25,1.8323446817979077,0.5994242013298384,2.25,1.6505757986701615,0.7013888888888888,2.25,0.08546792018749991,0.0021586994999998055,0.03936610251293841,7.780079169254498e-05,2.014159226134741,1.6452256837822685,0.8472222222222223,84,14.0,0.0,0.0,0.11510183065476207,0.007876758500000136,-0.04324256900000023,0.7297411810000014,0.0023214187977447,0.0094514099290698,4.80841323797207e-05,6.33570600306379e-05,1.844506838871868,2.25,0.3509113671850265,2.25,0.7261904761904762,1.939952637910217,2.25,0.4583720731761316,2.25,0.7857142857142857,2.0125597788362177,2.25,0.5753275646498913,2.25,0.8333333333333334,1.845169044064011,2.25,0.3664747337766121,2.25,0.7261904761904762,1.9439901400465347,2.25,0.4829494675532242,2.25,0.7857142857142857,2.0157764465166994,2.25,0.5994242013298384,2.25,0.8333333333333334,0.004037379999999757,0.00931262277310645,7.096416687337802e-05,2.25,False,False,0.02985794549999987,-0.01306186399999909,2.25,2.25,0.0127999919483881,6.645597911299164e-05,1,1,False,False,0.012199360000001214,-0.0236619220000005,2.25,2.25,0.011309911809706301,6.245709796873287e-05,2,2,False,False,True,True,False,False
2024-12-17,Near-isothermal mixing,Near-isothermal mixing,Near-isothermal mixing,0.21482753813888902,0.7776339119999989,-0.056068233999999606,-0.002210647416666619,-0.0005716845000005577,0.8337021459999985,0.625,0.06760511973631962,0.214945719380052,0.0031282425225803,0.0060535159642135,0.2136829229131689,0.00011175248670535,0.0005555358164697,4.8421962488565305e-05,0.0005147866177044557,1.5525974924771755,0.371909160752877,2.25,1.878090839247123,0.5416666666666666,2.25,1.7062246405985757,0.4994658503196725,2.25,1.7505341496803275,0.625,2.25,1.834106693988441,0.6341460222849481,2.25,1.615853977715052,0.7013888888888888,2.25,1.553050891873515,0.3812081889360964,2.25,1.8687918110639035,0.5416666666666666,2.25,1.71020497960197,0.5124163778721929,2.25,1.7375836221278071,0.625,2.25,1.8382519064561333,0.6436245668082917,2.25,1.6063754331917082,0.7013888888888888,2.25,0.12989659309027773,0.0021586994999998055,0.05141203545438395,7.780079169254498e-05,1.917733446833739,1.7505341496803275,0.7936507936507937,84,14.0,0.0,0.0,0.10486185988095256,0.0022289914999999993,-0.056068233999999606,0.6716611849999996,0.0012627964668831,0.00691526515796095,4.074919876524439e-05,5.687278748411376e-05,1.852604360439841,2.25,0.381868634446917,2.25,0.7261904761904762,1.9522498329494244,2.25,0.5212567270745664,2.25,0.7857142857142857,2.0282897630652728,2.25,0.6706886102394823,2.25,0.8333333333333334,1.853183071857256,2.25,0.3929428665110053,2.25,0.7261904761904762,1.955664746573415,2.25,0.5358857330220106,2.25,0.7857142857142857,2.0320391330976455,2.25,0.6788285995330186,2.25,0.8333333333333334,0.004037379999999757,0.0083761577266083,6.344938063302741e-05,2.25,False,False,0.00936453100000012,-0.011408478999999971,2.25,2.25,0.0085193913132654,5.76508487563413e-05,1,1,False,False,0.005683494499999497,-0.011408478999999971,2.25,2.25,0.007792390127791,6.030075954257316e-05,2,2,False,False,True,True,False,False
2024-12-18,Near-isothermal mixing,Near-isothermal mixing,Near-isothermal mixing,0.11369130236111105,0.6432532779999995,-0.05663529799999978,0.010838312583333417,0.005687927500000356,0.6998885759999993,0.7708333333333334,0.038046869097316985,0.160708799881099,0.0042661405592809,0.009175725502063,0.15721147372436323,7.14582197458828e-05,0.0004328688953402,5.322004802640877e-05,0.0003904477628040526,1.832302161851801,0.3570991521938954,2.25,1.8929008478061047,0.7083333333333334,2.25,1.9367516015594026,0.4736100685742769,2.25,1.7763899314257232,0.7708333333333334,2.25,2.0322519564203216,0.6065280604177595,2.25,1.6434719395822404,0.8333333333333334,2.25,1.8322498892722419,0.3791069408490453,2.25,1.8708930591509547,0.7083333333333334,2.25,1.9399142880270734,0.5082138816980906,2.25,1.7417861183019094,0.7708333333333334,2.25,2.0357407614074923,0.6373208225471381,2.25,1.612679177452862,0.8333333333333334,2.25,0.12989659309027773,0.0021586994999998055,0.05141203545438395,7.595730926655341e-05,1.917733446833739,1.7659161999128847,0.7708333333333334,84,14.0,0.0,0.0,0.027648970726190426,0.008332947999999618,-0.05663529799999978,0.33622322099999913,0.0034973261567358,0.0096509218683541,4.242113253614735e-05,6.197203589268225e-05,2.12188568922002,2.25,0.8567152435322699,2.25,0.8928571428571429,2.183093566867398,2.25,1.0270799637390933,2.25,0.9404761904761905,2.225926059555591,2.25,1.201829021638112,2.25,0.9761904761904762,2.122581922696078,2.25,0.8311236567358113,2.25,0.8928571428571429,2.184890204613243,2.25,1.044164013788722,2.25,0.9404761904761905,2.2265367997853733,2.25,1.235166603915465,2.25,0.9761904761904762,0.00404329499999978,0.0083761577266083,6.33570600306379e-05,2.25,False,False,0.002887994999999144,-0.05663529799999978,2.25,2.25,0.0080914366628747,5.445068500896001e-05,1,1,False,False,-0.0009409465000009831,-0.05663529799999978,2.25,2.25,0.0070462711168450005,5.2164662658416696e-05,2,2,False,False,True,True,False,False
2024-12-19,Near-isothermal mixing,Near-isothermal mixing,Near-isothermal mixing,0.08089602572916671,0.41369218700000054,-0.034414069000000325,-0.0015167579999998775,-0.007315897499999835,0.44810625600000087,0.8263888888888888,0.02766902205638101,0.1045545411681301,0.0058779642197557,0.0067083412052144995,0.1014443278951515,5.8204986458056516e-05,0.0002784685823963,5.4355298316437854e-05,0.00023869589051737924,1.916589711026469,0.6914694659072208,2.25,1.558530534092779,0.7291666666666666,2.25,2.046297984974332,0.9246845314339072,2.25,1.3253154685660928,0.8263888888888888,2.25,2.1491583521683597,1.1029615471836216,2.25,1.1470384528163784,0.8958333333333334,2.25,1.9182989919855484,0.6734246403687228,2.25,1.5765753596312773,0.7291666666666666,2.25,2.0499728066083183,0.9246787679070092,2.25,1.3253212320929908,0.8263888888888888,2.25,2.1527729524266186,1.1379220945871824,2.25,1.1120779054128176,0.8958333333333334,2.25,0.12989659309027773,0.0021586994999998055,0.05141203545438395,7.595730926655341e-05,1.917733446833739,1.7659161999128847,0.7460317460317462,86,14.333333333333332,0.0,0.0,0.013436745558139642,0.005077577500000707,-0.034414069000000325,0.18006184700000105,0.0031102132729786,0.0070827609686703995,3.977269187892076e-05,5.265023184640745e-05,2.191755834650924,2.25,1.0963909854466856,2.25,0.9418604651162791,2.25,2.25,2.25,2.25,1.0,2.25,2.25,2.25,2.25,1.0,2.193712133327299,2.25,1.1117480952646617,2.25,0.9418604651162791,2.25,2.25,2.25,2.25,1.0,2.25,2.25,2.25,2.25,1.0,0.005077577500000707,0.00793823182797795,6.300016728305949e-05,2.25,False,False,0.0019437455000002046,-0.034414069000000325,2.25,2.25,0.0094136627762381,5.432657131296532e-05,1,1,False,False,0.008085895500000717,-0.034414069000000325,2.25,2.25,0.0077548432463771,5.0874488466063754e-05,2,2,False,False,True,True,False,False
2024-12-20,Near-isothermal mixing,Near-isothermal mixing,Near-isothermal mixing,0.1586503357986111,0.635199483000001,-0.050626221000000804,-0.004435846499999914,-0.006923433999999951,0.6858257040000018,0.7222222222222222,0.043340955689940446,0.1457136463013949,0.0041720689657486,0.0049176266944355,0.1422635923944333,6.487690721975445e-05,0.000376155723277,4.844143755488177e-05,0.0003326460647945464,1.695100050174285,0.3970377046302519,2.25,1.852962295369748,0.6180555555555556,2.25,1.8455936692686106,0.5552225472832224,2.25,1.6947774527167776,0.7222222222222222,2.25,1.9304500857110771,0.7299177851217252,2.25,1.5200822148782747,0.7569444444444444,2.25,1.6979586926469405,0.410911978550613,2.25,1.839088021449387,0.6180555555555556,2.25,1.8485676181920252,0.571823957101226,2.25,1.678176042898774,0.7222222222222222,2.25,1.934421403132021,0.7327359356518419,2.25,1.517264064348158,0.7569444444444444,2.25,0.14408731109027778,0.0021586994999998055,0.05141203545438395,7.14582197458828e-05,1.8619981139677908,1.7659161999128847,0.7311507936507936,85,14.166666666666666,0.0,0.0,0.06706128614117643,0.007911843999999668,-0.050626221000000804,0.5764983429999999,0.0034500539069616,0.00602332909589775,4.350965848245365e-05,4.9814552616153495e-05,1.9669911970659066,2.25,0.3970377046302519,2.25,0.8,2.063984748855263,2.25,0.5552225472832224,2.25,0.8588235294117647,2.1213931179777483,2.25,0.7299177851217252,2.25,0.8941176470588236,1.9682370690083868,2.25,0.410911978550613,2.25,0.8,2.067648840732464,2.25,0.571823957101226,2.25,0.8588235294117647,2.12458512344715,2.25,0.7327359356518419,2.25,0.8941176470588236,0.005689188999999928,0.0070827609686703995,6.197203589268225e-05,2.25,False,False,0.009851039499999992,-0.029723884000000034,2.25,2.25,0.0054164634278836,4.402429276071518e-05,1,1,False,False,0.00488512550000042,-0.029723884000000034,2.25,2.25,0.0071509070009635,4.529764500880007e-05,2,2,False,False,True,True,False,False
2024-12-21,Near-isothermal mixing,Near-isothermal mixing,Near-isothermal mixing,0.11414491529166668,0.6241629840000007,-0.0742146899999998,-0.014767603416666756,-0.001221205000000225,0.6983776740000005,0.7777777777777778,0.03118802862833389,0.1250052101084612,0.0032286322512567,0.004392671840570499,0.123773461208608,6.026464915781995e-05,0.0003877937494534,5.25660172214663e-05,0.00034836933256302086,1.8254199540485638,0.3857413207392099,2.25,1.86425867926079,0.7291666666666666,2.25,1.928299436906062,0.5294963220642784,2.25,1.7205036779357217,0.7777777777777778,2.25,2.008115916794397,0.6840619574810963,2.25,1.5659380425189036,0.8194444444444444,2.25,1.8265134916879862,0.3970191357137252,2.25,1.8529808642862748,0.7291666666666666,2.25,1.9315645698481656,0.5440382714274505,2.25,1.7059617285725495,0.7777777777777778,2.25,2.01211215055933,0.6910574071411785,2.25,1.5589425928588216,0.8194444444444444,2.25,0.14408731109027778,-0.0005716845000005577,0.043340955689940446,6.822148894715205e-05,1.8619981139677908,1.7505341496803275,0.7321428571428573,85,14.166666666666666,0.0,0.0,0.03223345861176473,0.007915997999999647,-0.0742146899999998,0.3823730750000003,0.0012317488998532,0.0072158610414666,3.942441689037914e-05,4.983629834924997e-05,2.101117166546336,2.25,0.7068544820726066,2.25,0.8823529411764706,2.1640766533417723,2.25,0.9395183849844572,2.25,0.9294117647058824,2.2106406449752605,2.25,1.1171324995506051,2.25,0.9647058823529412,2.1018432872053903,2.25,0.6940710616012563,2.25,0.8823529411764706,2.165611709451133,2.25,0.9525217580517618,2.25,0.9294117647058824,2.212170246101634,2.25,1.1710567271543044,2.25,0.9647058823529412,0.007876758500000136,0.0072158610414666,5.687278748411376e-05,2.25,False,False,0.007220496000000409,-0.025446757000000098,2.25,2.25,0.0073435250634199,3.971829876254892e-05,1,1,False,False,0.005122166000000039,-0.0742146899999998,2.25,2.25,0.0072158610414666,4.1690042401032286e-05,2,2,False,False,True,True,False,False
2024-12-22,Near-isothermal mixing,Near-isothermal mixing,Near-isothermal mixing,0.039272828729166646,0.21197586300000015,-0.06726666100000056,0.006874181999999858,0.0014454829999999141,0.2792425240000007,0.9930555555555556,0.014733811422642034,0.0431361798211707,0.0067159911584064,0.00743631750754615,0.0411976905021488,5.165699406531522e-05,0.0001499602642495,5.015931357405777e-05,0.00010967629798116165,2.055530519329185,0.9609303818337592,2.25,1.2890696181662409,0.8194444444444444,2.25,2.246701824842388,1.7750627773039256,2.25,0.4749372226960744,0.9930555555555556,2.25,2.25,2.25,2.25,0.0,1.0,2.25,2.059489178303827,0.97970877301281,2.25,1.27029122698719,0.8194444444444444,2.25,2.2467772096925938,1.785918195733479,2.25,0.4640818042665209,0.9930555555555556,2.25,2.25,2.25,2.25,0.0,1.0,2.25,0.11414491529166668,-0.0005716845000005577,0.038046869097316985,6.487690721975445e-05,1.928299436906062,1.7205036779357217,0.7698412698412699,87,14.5,0.0,0.0,0.0009546672873563019,0.0011024959999996753,-0.06726666100000056,0.038845155999999825,0.0019384893190219,0.00679466637444205,4.0283966268338347e-05,4.859467056792958e-05,2.25,2.25,2.25,2.25,1.0,2.25,2.25,2.25,2.25,1.0,2.25,2.25,2.25,2.25,1.0,2.25,2.25,2.25,2.25,1.0,2.25,2.25,2.25,2.25,1.0,2.25,2.25,2.25,2.25,1.0,0.007876758500000136,0.0070827609686703995,5.265023184640745e-05,2.25,False,False,0.014459872999999845,-0.005806117999999749,2.25,2.25,0.008516027555166,5.308508242463878e-05,1,1,False,False,0.012522440999999773,-0.005806117999999749,2.25,2.25,0.0079391694113777,5.111377975148145e-05,2,2,False,False,True,True,False,False
2024-12-23,Near-isothermal mixing,Near-isothermal mixing,Near-isothermal mixing,0.10140884284722225,0.48541491699999995,-0.026638482000000074,0.003687799333333297,0.005238209500000313,0.512053399,0.7638888888888888,0.027617980759080177,0.1039202041861249,0.0058118010831909,0.00700078386495025,0.0995793785889216,5.3550815883225184e-05,0.0002911198492086,5.256045308168675e-05,0.0002490031240574332,1.831587826133018,0.5335482055197632,2.25,1.7164517944802369,0.6944444444444444,2.25,1.9560117474596863,0.7774353542917788,2.25,1.4725646457082213,0.7638888888888888,2.25,2.0862028627425175,0.9513634965866758,2.25,1.298636503413324,0.8611111111111112,2.25,1.8294085362824464,0.5164883852263142,2.25,1.7335116147736858,0.6944444444444444,2.25,1.9606045837993848,0.7753632749039141,2.25,1.474636725096086,0.7638888888888888,2.25,2.0913367217415395,0.9803262861516066,2.25,1.2696737138483933,0.8611111111111112,2.25,0.11369130236111105,-0.0005716845000005577,0.03118802862833389,6.026464915781995e-05,1.9367516015594026,1.6947774527167776,0.7827380952380952,88,14.666666666666666,0.0,0.0,0.025502667034090945,0.005872937499999953,-0.026638482000000074,0.29580828599999975,0.0043408255972033,0.006172701116978849,4.211672515116676e-05,4.9441564140698325e-05,2.13582271615846,2.25,0.8548327695466373,2.25,0.9090909090909091,2.187625924024515,2.25,1.0518271632822338,2.25,0.9431818181818182,2.25,2.25,2.25,2.25,1.0,2.136004751121779,2.25,0.835332536569402,2.25,0.9090909090909091,2.190189330112761,2.25,1.0840287664853252,2.25,0.9431818181818182,2.25,2.25,2.25,2.25,1.0,0.005872937499999953,0.00691526515796095,4.983629834924997e-05,2.25,False,False,-0.002395976500000341,-0.014391942999999685,2.25,2.25,0.0056254796135733,5.217477911371549e-05,1,1,False,False,-0.002940010000000104,-0.02096769200000015,2.25,2.25,0.0049831526053883,4.7145752132441123e-05,2,2,False,False,True,True,False,False
2024-12-24,Near-isothermal mixing,Near-isothermal mixing,Near-isothermal mixing,0.17480651893749993,0.7069271299999995,-0.035616998000000066,-0.00635342333333333,0.0005688345000001149,0.7425441279999996,0.6944444444444444,0.04040541206442263,0.1350193813119793,0.0044421490608616,0.00505093509889965,0.1320003063703439,6.344828412224775e-05,0.0003535008826344,4.380724342104698e-05,0.0003157849235304067,1.6511450128188807,0.3817158353111225,2.25,1.8682841646888775,0.5902777777777778,2.25,1.8077529596784503,0.5227943310301901,2.25,1.7272056689698099,0.6944444444444444,2.25,1.8981559997516786,0.6774918742643774,2.25,1.5725081257356226,0.7361111111111112,2.25,1.651311994650996,0.3957631634930389,2.25,1.854236836506961,0.5902777777777778,2.25,1.809408060001877,0.5415263269860793,2.25,1.7084736730139207,0.6944444444444444,2.25,1.902092528752593,0.6872894904791182,2.25,1.5627105095208818,0.7361111111111112,2.25,0.11369130236111105,0.0005688345000001149,0.03118802862833389,6.026464915781995e-05,1.9367516015594026,1.6947774527167776,0.7926587301587302,85,14.166666666666666,0.0,0.0,0.07872802825882347,0.006867883999999158,-0.035616998000000066,0.606138756,0.0030190749416354,0.0055597838403755005,3.771595910399328e-05,4.490653212654787e-05,1.9305526511883928,2.25,0.3830307504112827,2.25,0.7764705882352941,2.021336939833854,2.25,0.5268580847147114,2.25,0.8352941176470589,2.0942740815106067,2.25,0.6874354934735414,2.25,0.8823529411764706,1.9319669567339124,2.25,0.3991501427847123,2.25,0.7764705882352941,2.0236675735902296,2.25,0.5483002855694259,2.25,0.8352941176470589,2.096767702115254,2.25,0.6974504283541381,2.25,0.8823529411764706,0.006867883999999158,0.00679466637444205,4.9814552616153495e-05,2.25,False,False,-0.016238432500000233,-0.03396730999999953,2.25,2.25,0.0030190749416354,3.771595910399328e-05,1,1,False,False,0.0008404495000000622,-0.03396730999999953,2.25,2.25,0.0042394607427243495,4.1505136481057965e-05,2,2,False,False,True,True,False,False
2024-12-25,Near-isothermal mixing,Near-isothermal mixing,Near-isothermal mixing,0.018666686500000012,0.10739184299999938,-0.030681141000000522,-0.0032282168333332972,-0.002806474999999864,0.1380729839999999,1.0,0.009799250279735284,0.0281530317182875,0.0043900087932433,0.004676938730095,0.024632124952515502,4.625321339076e-05,0.0001133370244874,4.3190765839962395e-05,7.086108610650447e-05,2.245015465593933,1.5322270455263605,2.25,0.7177729544736395,0.9930555555555556,2.25,2.25,2.25,2.25,0.0,1.0,2.25,2.25,2.25,2.25,0.0,1.0,2.25,2.2456280909939816,1.620445103133364,2.25,0.629554896866636,0.9930555555555556,2.25,2.25,2.25,2.25,0.0,1.0,2.25,2.25,2.25,2.25,0.0,1.0,2.25,0.10140884284722225,-0.001221205000000225,0.02766902205638101,5.8204986458056516e-05,1.9560117474596863,1.4725646457082213,0.8253968253968254,92,15.333333333333332,0.0,0.0,-0.0025239082934782804,-0.001456802999999507,-0.030681141000000522,0.012882392999999936,0.003520906765772,0.0049638686669467,4.247593838089554e-05,4.457648066708808e-05,2.25,2.25,2.25,2.25,1.0,2.25,2.25,2.25,2.25,1.0,2.25,2.25,2.25,2.25,1.0,2.25,2.25,2.25,2.25,1.0,2.25,2.25,2.25,2.25,1.0,2.25,2.25,2.25,2.25,1.0,0.005872937499999953,0.006172701116978849,4.9441564140698325e-05,2.25,False,False,0.00530470499999991,-0.0018720690000000317,2.25,2.25,0.0071353614815282,4.683006855847935e-05,1,1,False,False,0.003743720000000117,-0.00792514000000022,2.25,2.25,0.006375654985648949,4.5988901339327727e-05,2,2,False,False,True,True,False,False
2024-12-26,Near-isothermal mixing,Near-isothermal mixing,Near-isothermal mixing,0.04422611156250003,0.1706333949999994,-0.01844262200000024,0.004962274000000007,0.00885626149999963,0.18907601699999965,1.0,0.014752316580466022,0.0359740859961761,0.0058124953976695,0.0066644892272069,0.031932034709087,4.9742786643475225e-05,0.0001140447639807,4.9742786643475225e-05,7.182329365480703e-05,1.979335120815853,1.0125792083954752,2.25,1.2374207916045248,0.75,2.25,2.25,2.25,2.25,0.0,1.0,2.25,2.25,2.25,2.25,0.0,1.0,2.25,1.9858799998590437,1.03015691215898,2.25,1.21984308784102,0.75,2.25,2.25,2.25,2.25,0.0,1.0,2.25,2.25,2.25,2.25,0.0,1.0,2.25,0.10140884284722225,0.0005688345000001149,0.027617980759080177,5.3550815883225184e-05,1.9560117474596863,1.4725646457082213,0.8501984126984128,88,14.666666666666666,0.0,0.0,0.00469391364772728,0.0018775760000000474,-0.01844262200000024,0.07458396100000009,0.0040420512870891,0.0060264407268052,4.222147032589297e-05,4.833904807406631e-05,2.25,2.25,2.25,2.25,1.0,2.25,2.25,2.25,2.25,1.0,2.25,2.25,2.25,2.25,1.0,2.25,2.25,2.25,2.25,1.0,2.25,2.25,2.25,2.25,1.0,2.25,2.25,2.25,2.25,1.0,0.005872937499999953,0.0060264407268052,4.859467056792958e-05,2.25,False,False,0.0026881044999997883,-0.00844929999999966,2.25,2.25,0.0060530416532852,4.732748778411439e-05,1,1,False,False,0.004987703999999482,-0.00844929999999966,2.25,2.25,0.00644866549776155,4.703186372127277e-05,2,2,False,False,True,True,False,False
2024-12-27,Near-isothermal mixing,Near-isothermal mixing,Near-isothermal mixing,0.14926940349305556,0.6593456310000008,-0.04125629699999944,0.0021727740833333473,0.0017000754999996204,0.7006019280000002,0.6527777777777778,0.036313291896220214,0.0971649671445471,0.0063380902172435,0.0065042260167231004,0.0921541228108272,6.429417375687409e-05,0.0002943883388789,4.9389686497645444e-05,0.0002500834201498473,1.6238220204201685,0.3300863550022813,2.25,1.9199136449977188,0.5763888888888888,2.25,1.7777092239873096,0.4155512294306241,2.25,1.834448770569376,0.6527777777777778,2.25,1.9195442413064319,0.5102784190565159,2.25,1.739721580943484,0.7361111111111112,2.25,1.6245710124612027,0.3538570536439332,2.25,1.8961429463560668,0.5763888888888888,2.25,1.7830776572089055,0.4577141072878673,2.25,1.7922858927121328,0.6527777777777778,2.25,1.9288306972399747,0.5615711609318006,2.25,1.6884288390681994,0.7361111111111112,2.25,0.10140884284722225,0.0014454829999999141,0.027617980759080177,5.3550815883225184e-05,1.9560117474596863,1.4725646457082213,0.8402777777777778,87,14.5,0.0,0.0,0.045300735793103446,0.005070286999999674,-0.04125629699999944,0.3888102239999993,0.0050108443337199,0.0069698344049221005,4.430491872905268e-05,5.053122795340044e-05,2.0372487291621004,2.25,0.5787841941019015,2.25,0.8275862068965517,2.137175375081722,2.25,0.8409103225797261,2.25,0.9080459770114943,2.199255323250439,2.25,1.028389049928757,2.25,0.9540229885057471,2.0393142421301538,2.25,0.5622727318091973,2.25,0.8275862068965517,2.1394350075161257,2.25,0.8441519738347317,2.25,0.9080459770114943,2.2014249166256135,2.25,1.0802191353387716,2.25,0.9540229885057471,0.005070286999999674,0.006172701116978849,4.859467056792958e-05,2.25,False,False,0.007101291999999759,-0.0015163640000004364,2.25,2.25,0.0068560166163231,4.870305126331944e-05,1,1,False,False,0.00721216949999981,-0.0015163640000004364,2.25,2.25,0.0071387210463364995,5.0772068364581785e-05,2,2,False,False,True,True,False,False
2024-12-28,Near-isothermal mixing,Near-isothermal mixing,Near-isothermal mixing,0.15805608879166663,0.7888789339999995,-0.059478287999999324,-0.019326270250000183,-0.018279732999999965,0.8483572219999989,0.7361111111111112,0.03553303209650214,0.1442131644950519,0.0024368716348072,0.0024872479335493,0.14177629286024468,5.248842120070068e-05,0.0004154232375527,4.019391308016798e-05,0.0003811615746378948,1.767794942479532,0.346566596775564,2.25,1.903433403224436,0.7013888888888888,2.25,1.85435619811136,0.4490342501228765,2.25,1.8009657498771234,0.7361111111111112,2.25,1.928045499791596,0.5598795674706619,2.25,1.690120432529338,0.7708333333333334,2.25,1.7672947221969886,0.3615336260152644,2.25,1.8884663739847356,0.7013888888888888,2.25,1.8569224257164143,0.4730672520305297,2.25,1.7769327479694703,0.7361111111111112,2.25,1.9317672980802563,0.5846008780457941,2.25,1.665399121954206,0.7708333333333334,2.25,0.10140884284722225,0.0014454829999999141,0.027617980759080177,5.248842120070068e-05,1.9560117474596863,1.4725646457082213,0.834325396825397,84,14.0,0.0,0.0,0.04818015213095231,0.008811243499999843,-0.059478287999999324,0.49664674799999986,0.0024368716348072,0.006185298376846201,3.4261662914805185e-05,4.5332912772706965e-05,2.052185300815389,2.25,0.5632300806759029,2.25,0.8452380952380952,2.1116295321237852,2.25,0.7994900943629918,2.25,0.8809523809523809,2.171793528566057,2.25,0.9547299713959022,2.25,0.9285714285714286,2.0520224927360182,2.25,0.5343889438565312,2.25,0.8452380952380952,2.1144108862888222,2.25,0.7937264560130259,2.25,0.8809523809523809,2.174778450246949,2.25,0.9745305059427438,2.25,0.9285714285714286,0.005070286999999674,0.006172701116978849,4.833904807406631e-05,2.25,False,False,0.007880471500000041,-0.0028128409999998993,2.25,2.25,0.0069358818983955,4.651934971290258e-05,1,1,False,False,0.007012619999999803,-0.02936508300000007,2.25,2.25,0.00686628084489995,4.907976367237513e-05,2,2,False,False,True,True,False,False
2024-12-29,Near-isothermal mixing,Near-isothermal mixing,Near-isothermal mixing,0.2209874043611111,0.8620271820000003,-0.04443497600000068,-0.013317772250000045,-0.009572397999999982,0.906462158000001,0.6805555555555556,0.04345181513628376,0.1462398620358115,0.0029185843586342,0.0032932983487623003,0.14332127767717728,6.124757533776611e-05,0.0003855365948794,4.155587686273398e-05,0.00034565660014223497,1.6251475483390818,0.3484112874600643,2.25,1.9015887125399358,0.6041666666666666,2.25,1.7531529245174902,0.4527351961629545,2.25,1.7972648038370456,0.6805555555555556,2.25,1.821604054322483,0.5653579537893246,2.25,1.6846420462106755,0.7013888888888888,2.25,1.6257051005612757,0.3628220428494145,2.25,1.8871779571505856,0.6041666666666666,2.25,1.7545462823300302,0.47564408569883,2.25,1.77435591430117,0.6805555555555556,2.25,1.8248249685275526,0.5884661285482444,2.25,1.6615338714517556,0.7013888888888888,2.25,0.14926940349305556,0.0005688345000001149,0.03553303209650214,5.3550815883225184e-05,1.85435619811136,1.7272056689698099,0.7896825396825398,84,14.0,0.0,0.0,0.1123218349166667,0.014854698000000166,-0.04443497600000068,0.7365556679999994,0.0029185843586342,0.0071701365741389505,3.9879994737165e-05,4.724417043635983e-05,1.8395681173213303,2.25,0.3624724973069735,2.25,0.6904761904761905,1.9855040760828286,2.25,0.4814959331344555,2.25,0.8095238095238095,2.047540516084926,2.25,0.6094430729919367,2.25,0.8452380952380952,1.8425606408692186,2.25,0.3750475064855697,2.25,0.6904761904761905,1.987341194948856,2.25,0.5000950129711406,2.25,0.8095238095238095,2.0507988389369927,2.25,0.6251425194567104,2.25,0.8452380952380952,0.005872937499999953,0.006172701116978849,4.724417043635983e-05,2.25,False,False,-0.0027248429999997548,-0.02776070999999991,2.25,2.25,0.0074512719527575,4.7867622083128975e-05,1,1,False,False,0.0010559854999998564,-0.02776070999999991,2.25,2.25,0.0062595623211009,4.396510054716092e-05,2,2,False,False,True,True,False,False
2024-12-30,Near-isothermal mixing,Near-isothermal mixing,Near-isothermal mixing,0.1503534281041667,0.5551717009999999,-0.039591260000000794,-0.0010339104166667095,-0.001677520000000321,0.5947629610000007,0.6736111111111112,0.032284415641031246,0.0996439889060952,0.0047275266932042,0.0048781686785078,0.0962337110588135,4.7775947883673295e-05,0.0002469951769619,4.18127809360993e-05,0.00020688173967537711,1.6356469616543086,0.416160290054753,2.25,1.833839709945247,0.5694444444444444,2.25,1.8128854338282316,0.5935675892639884,2.25,1.6564324107360116,0.6736111111111112,2.25,1.9596606713363767,0.7851669526232674,2.25,1.4648330473767326,0.7708333333333334,2.25,1.6355325385497304,0.4274645788242904,2.25,1.8225354211757097,0.5694444444444444,2.25,1.8169712127955124,0.6049291576485825,2.25,1.6450708423514175,0.6736111111111112,2.25,1.9659064403708417,0.7903238483754453,2.25,1.4596761516245547,0.7708333333333334,2.25,0.1503534281041667,-0.001677520000000321,0.03553303209650214,5.248842120070068e-05,1.8128854338282316,1.7272056689698099,0.7767857142857143,86,14.333333333333332,0.0,0.0,0.058621424860465135,0.000890601999999685,-0.039591260000000794,0.5252134389999998,0.0034102778472817,0.0054195213471648004,4.011343728652288e-05,4.438202856840987e-05,1.975937684893919,2.25,0.416160290054753,2.25,0.7906976744186046,2.068609849161355,2.25,0.5935675892639884,2.25,0.8604651162790697,2.145991175989793,2.25,0.7851669526232674,2.25,0.9186046511627907,1.9795174289959312,2.25,0.4274645788242904,2.25,0.7906976744186046,2.070985556137787,2.25,0.6049291576485825,2.25,0.8604651162790697,2.1486869737262495,2.25,0.7903238483754453,2.25,0.9186046511627907,0.005070286999999674,0.0060264407268052,4.5332912772706965e-05,2.25,False,False,-0.0032899829999997188,-0.016805777000000077,2.25,2.25,0.0044950160207185,4.011343728652288e-05,1,1,False,False,-0.0025055764999999397,-0.01779804099999982,2.25,2.25,0.00490964970283275,4.193029039591912e-05,2,2,False,False,True,True,False,False
2024-12-31,Near-isothermal mixing,Near-isothermal mixing,Near-isothermal mixing,0.22115151861111107,0.7122817269999997,-0.03733049000000044,0.0011459453333331944,0.004421597500000374,0.7496122170000001,0.625,0.043656661646498444,0.1227447348228366,0.0047270058831335,0.0058855967219793495,0.1217146792556036,7.074271950989996e-05,0.0003165308370207,4.51077655755905e-05,0.0002799198726852204,1.5425928710228656,0.3803183130849163,2.25,1.8696816869150836,0.5416666666666666,2.25,1.6760342782561353,0.5186988107051091,2.25,1.7313011892948909,0.625,2.25,1.7718290082240713,0.6681695270638254,2.25,1.5818304729361747,0.6597222222222222,2.25,1.5444766989969954,0.3924954275782201,2.25,1.8575045724217798,0.5416666666666666,2.25,1.6792826021326572,0.5349908551564415,2.25,1.7150091448435585,0.625,2.25,1.7753148283773443,0.6774862827346616,2.25,1.5725137172653385,0.6597222222222222,2.25,0.1503534281041667,-0.001677520000000321,0.03553303209650214,5.248842120070068e-05,1.8128854338282316,1.7313011892948909,0.7668650793650793,84,14.0,0.0,0.0,0.143414868047619,0.01306578199999997,-0.03733049000000044,0.5895752720000003,0.001030055567233,0.00708020910723075,3.66109643354796e-05,4.8427333956471095e-05,1.7120893963582131,2.25,0.3919073659298899,2.25,0.6547619047619048,1.8279762537405517,2.25,0.5443758828276425,2.25,0.7142857142857143,1.9213776800258564,2.25,0.7124086646184751,2.25,0.7619047619047619,1.7144743878672835,2.25,0.405877750778954,2.25,0.6547619047619048,1.8332057962101012,2.25,0.5617555015579095,2.25,0.7142857142857143,1.9259821127043242,2.25,0.7176332523368636,2.25,0.7619047619047619,0.005070286999999674,0.006185298376846201,4.724417043635983e-05,2.25,False,False,0.007489168999999407,-0.005136019000000047,2.25,2.25,0.0078228377605139,4.828339971206788e-05,1,1,False,False,0.006725291999999605,-0.024726110999999662,2.25,2.25,0.0074695342070751,4.8427333956471095e-05,2,2,False,False,True,True,False,False
