Metric,albedo,emissivity,CE,CH,rso_scale,cloud_scale,wind_exponent,Qsw,Qlw,Qe,Qh,Qnet,Residual_W_m2
Spring,0.05,0.96,0.00104,0.00104,0.9,0.8,0.125,142.00070818854812,-35.85232428444425,-19.605968578859187,0.9258437597667397,87.46825908501141,
Spring,0.05,0.96,0.00104,0.00104,0.9,0.8,0.16666666666666666,142.00070818854812,-35.85232428444425,-20.965829635109166,0.9900598615122271,86.17261413050691,
Spring,0.05,0.96,0.00104,0.00104,0.9,1.2,0.125,142.00070818854812,-15.801557983197483,-19.605968578859187,0.9258437597667397,107.51902538625818,
Spring,0.05,0.96,0.00104,0.00104,0.9,1.2,0.16666666666666666,142.00070818854812,-15.801557983197483,-20.965829635109166,0.9900598615122271,106.22338043175368,
Spring,0.05,0.96,0.00104,0.00104,1.1,0.8,0.125,142.00070818854812,-33.28534220182149,-19.605968578859187,0.9258437597667397,90.03524116763417,
Spring,0.05,0.96,0.00104,0.00104,1.1,0.8,0.16666666666666666,142.00070818854812,-33.28534220182149,-20.965829635109166,0.9900598615122271,88.73959621312967,
Spring,0.05,0.96,0.00104,0.00104,1.1,1.2,0.125,142.00070818854812,-11.814855339771839,-19.605968578859187,0.9258437597667397,111.50572802968382,
Spring,0.05,0.96,0.00104,0.00104,1.1,1.2,0.16666666666666666,142.00070818854812,-11.814855339771839,-20.965829635109166,0.9900598615122271,110.21008307517933,
Spring,0.05,0.96,0.00104,0.00156,0.9,0.8,0.125,142.00070818854812,-35.85232428444425,-19.605968578859187,1.3887656396501098,87.93118096489478,
Spring,0.05,0.96,0.00104,0.00156,0.9,0.8,0.16666666666666666,142.00070818854812,-35.85232428444425,-20.965829635109166,1.4850897922683408,86.66764406126303,
Spring,0.05,0.96,0.00104,0.00156,0.9,1.2,0.125,142.00070818854812,-15.801557983197483,-19.605968578859187,1.3887656396501098,107.98194726614155,
Spring,0.05,0.96,0.00104,0.00156,0.9,1.2,0.16666666666666666,142.00070818854812,-15.801557983197483,-20.965829635109166,1.4850897922683408,106.7184103625098,
Spring,0.05,0.96,0.00104,0.00156,1.1,0.8,0.125,142.00070818854812,-33.28534220182149,-19.605968578859187,1.3887656396501098,90.49816304751754,
Spring,0.05,0.96,0.00104,0.00156,1.1,0.8,0.16666666666666666,142.00070818854812,-33.28534220182149,-20.965829635109166,1.4850897922683408,89.23462614388579,
Spring,0.05,0.96,0.00104,0.00156,1.1,1.2,0.125,142.00070818854812,-11.814855339771839,-19.605968578859187,1.3887656396501098,111.96864990956719,
Spring,0.05,0.96,0.00104,0.00156,1.1,1.2,0.16666666666666666,142.00070818854812,-11.814855339771839,-20.965829635109166,1.4850897922683408,110.70511300593544,
Spring,0.05,0.96,0.00156,0.00104,0.9,0.8,0.125,142.00070818854812,-35.85232428444425,-29.408952868288786,0.9258437597667397,77.66527479558181,
Spring,0.05,0.96,0.00156,0.00104,0.9,0.8,0.16666666666666666,142.00070818854812,-35.85232428444425,-31.448744452663757,0.9900598615122271,75.68969931295233,
Spring,0.05,0.96,0.00156,0.00104,0.9,1.2,0.125,142.00070818854812,-15.801557983197483,-29.408952868288786,0.9258437597667397,97.71604109682858,
Spring,0.05,0.96,0.00156,0.00104,0.9,1.2,0.16666666666666666,142.00070818854812,-15.801557983197483,-31.448744452663757,0.9900598615122271,95.7404656141991,
Spring,0.05,0.96,0.00156,0.00104,1.1,0.8,0.125,142.00070818854812,-33.28534220182149,-29.408952868288786,0.9258437597667397,80.23225687820457,
Spring,0.05,0.96,0.00156,0.00104,1.1,0.8,0.16666666666666666,142.00070818854812,-33.28534220182149,-31.448744452663757,0.9900598615122271,78.25668139557509,
Spring,0.05,0.96,0.00156,0.00104,1.1,1.2,0.125,142.00070818854812,-11.814855339771839,-29.408952868288786,0.9258437597667397,101.70274374025422,
Spring,0.05,0.96,0.00156,0.00104,1.1,1.2,0.16666666666666666,142.00070818854812,-11.814855339771839,-31.448744452663757,0.9900598615122271,99.72716825762474,
Spring,0.05,0.96,0.00156,0.00156,0.9,0.8,0.125,142.00070818854812,-35.85232428444425,-29.408952868288786,1.3887656396501098,78.12819667546518,
Spring,0.05,0.96,0.00156,0.00156,0.9,0.8,0.16666666666666666,142.00070818854812,-35.85232428444425,-31.448744452663757,1.4850897922683408,76.18472924370845,
Spring,0.05,0.96,0.00156,0.00156,0.9,1.2,0.125,142.00070818854812,-15.801557983197483,-29.408952868288786,1.3887656396501098,98.17896297671194,
Spring,0.05,0.96,0.00156,0.00156,0.9,1.2,0.16666666666666666,142.00070818854812,-15.801557983197483,-31.448744452663757,1.4850897922683408,96.23549554495521,
Spring,0.05,0.96,0.00156,0.00156,1.1,0.8,0.125,142.00070818854812,-33.28534220182149,-29.408952868288786,1.3887656396501098,80.69517875808793,
Spring,0.05,0.96,0.00156,0.00156,1.1,0.8,0.16666666666666666,142.00070818854812,-33.28534220182149,-31.448744452663757,1.4850897922683408,78.7517113263312,
Spring,0.05,0.96,0.00156,0.00156,1.1,1.2,0.125,142.00070818854812,-11.814855339771839,-29.408952868288786,1.3887656396501098,102.16566562013759,
Spring,0.05,0.96,0.00156,0.00156,1.1,1.2,0.16666666666666666,142.00070818854812,-11.814855339771839,-31.448744452663757,1.4850897922683408,100.22219818838086,
Spring,0.05,0.99,0.00104,0.00104,0.9,0.8,0.125,142.00070818854812,-48.512554365178346,-19.605968578859187,0.9258437597667397,74.80802900427732,
Spring,0.05,0.99,0.00104,0.00104,0.9,0.8,0.16666666666666666,142.00070818854812,-48.512554365178346,-20.965829635109166,0.9900598615122271,73.51238404977282,
Spring,0.05,0.99,0.00104,0.00104,0.9,1.2,0.125,142.00070818854812,-28.46178806393158,-19.605968578859187,0.9258437597667397,94.85879530552408,
Spring,0.05,0.99,0.00104,0.00104,0.9,1.2,0.16666666666666666,142.00070818854812,-28.46178806393158,-20.965829635109166,0.9900598615122271,93.56315035101959,
Spring,0.05,0.99,0.00104,0.00104,1.1,0.8,0.125,142.00070818854812,-45.94557228255559,-19.605968578859187,0.9258437597667397,77.37501108690007,
Spring,0.05,0.99,0.00104,0.00104,1.1,0.8,0.16666666666666666,142.00070818854812,-45.94557228255559,-20.965829635109166,0.9900598615122271,76.07936613239558,
Spring,0.05,0.99,0.00104,0.00104,1.1,1.2,0.125,142.00070818854812,-24.475085420505934,-19.605968578859187,0.9258437597667397,98.84549794894973,
Spring,0.05,0.99,0.00104,0.00104,1.1,1.2,0.16666666666666666,142.00070818854812,-24.475085420505934,-20.965829635109166,0.9900598615122271,97.54985299444523,
Spring,0.05,0.99,0.00104,0.00156,0.9,0.8,0.125,142.00070818854812,-48.512554365178346,-19.605968578859187,1.3887656396501098,75.27095088416068,
Spring,0.05,0.99,0.00104,0.00156,0.9,0.8,0.16666666666666666,142.00070818854812,-48.512554365178346,-20.965829635109166,1.4850897922683408,74.00741398052894,
Spring,0.05,0.99,0.00104,0.00156,0.9,1.2,0.125,142.00070818854812,-28.46178806393158,-19.605968578859187,1.3887656396501098,95.32171718540745,
Spring,0.05,0.99,0.00104,0.00156,0.9,1.2,0.16666666666666666,142.00070818854812,-28.46178806393158,-20.965829635109166,1.4850897922683408,94.0581802817757,
Spring,0.05,0.99,0.00104,0.00156,1.1,0.8,0.125,142.00070818854812,-45.94557228255559,-19.605968578859187,1.3887656396501098,77.83793296678344,
Spring,0.05,0.99,0.00104,0.00156,1.1,0.8,0.16666666666666666,142.00070818854812,-45.94557228255559,-20.965829635109166,1.4850897922683408,76.5743960631517,
Spring,0.05,0.99,0.00104,0.00156,1.1,1.2,0.125,142.00070818854812,-24.475085420505934,-19.605968578859187,1.3887656396501098,99.3084198288331,
Spring,0.05,0.99,0.00104,0.00156,1.1,1.2,0.16666666666666666,142.00070818854812,-24.475085420505934,-20.965829635109166,1.4850897922683408,98.04488292520135,
Spring,0.05,0.99,0.00156,0.00104,0.9,0.8,0.125,142.00070818854812,-48.512554365178346,-29.408952868288786,0.9258437597667397,65.00504471484771,
Spring,0.05,0.99,0.00156,0.00104,0.9,0.8,0.16666666666666666,142.00070818854812,-48.512554365178346,-31.448744452663757,0.9900598615122271,63.02946923221824,
Spring,0.05,0.99,0.00156,0.00104,0.9,1.2,0.125,142.00070818854812,-28.46178806393158,-29.408952868288786,0.9258437597667397,85.05581101609448,
Spring,0.05,0.99,0.00156,0.00104,0.9,1.2,0.16666666666666666,142.00070818854812,-28.46178806393158,-31.448744452663757,0.9900598615122271,83.080235533465,
Spring,0.05,0.99,0.00156,0.00104,1.1,0.8,0.125,142.00070818854812,-45.94557228255559,-29.408952868288786,0.9258437597667397,67.57202679747047,
Spring,0.05,0.99,0.00156,0.00104,1.1,0.8,0.16666666666666666,142.00070818854812,-45.94557228255559,-31.448744452663757,0.9900598615122271,65.59645131484099,
Spring,0.05,0.99,0.00156,0.00104,1.1,1.2,0.125,142.00070818854812,-24.475085420505934,-29.408952868288786,0.9258437597667397,89.04251365952013,
Spring,0.05,0.99,0.00156,0.00104,1.1,1.2,0.16666666666666666,142.00070818854812,-24.475085420505934,-31.448744452663757,0.9900598615122271,87.06693817689064,
Spring,0.05,0.99,0.00156,0.00156,0.9,0.8,0.125,142.00070818854812,-48.512554365178346,-29.408952868288786,1.3887656396501098,65.46796659473108,
Spring,0.05,0.99,0.00156,0.00156,0.9,0.8,0.16666666666666666,142.00070818854812,-48.512554365178346,-31.448744452663757,1.4850897922683408,63.52449916297435,
Spring,0.05,0.99,0.00156,0.00156,0.9,1.2,0.125,142.00070818854812,-28.46178806393158,-29.408952868288786,1.3887656396501098,85.51873289597785,
Spring,0.05,0.99,0.00156,0.00156,0.9,1.2,0.16666666666666666,142.00070818854812,-28.46178806393158,-31.448744452663757,1.4850897922683408,83.57526546422112,
Spring,0.05,0.99,0.00156,0.00156,1.1,0.8,0.125,142.00070818854812,-45.94557228255559,-29.408952868288786,1.3887656396501098,68.03494867735384,
Spring,0.05,0.99,0.00156,0.00156,1.1,0.8,0.16666666666666666,142.00070818854812,-45.94557228255559,-31.448744452663757,1.4850897922683408,66.09148124559711,
Spring,0.05,0.99,0.00156,0.00156,1.1,1.2,0.125,142.00070818854812,-24.475085420505934,-29.408952868288786,1.3887656396501098,89.50543553940349,
Spring,0.05,0.99,0.00156,0.00156,1.1,1.2,0.16666666666666666,142.00070818854812,-24.475085420505934,-31.448744452663757,1.4850897922683408,87.56196810764676,
Spring,0.1,0.96,0.00104,0.00104,0.9,0.8,0.125,134.52698670494033,-35.85232428444425,-19.605968578859187,0.9258437597667397,79.99453760140362,
Spring,0.1,0.96,0.00104,0.00104,0.9,0.8,0.16666666666666666,134.52698670494033,-35.85232428444425,-20.965829635109166,0.9900598615122271,78.69889264689913,
Spring,0.1,0.96,0.00104,0.00104,0.9,1.2,0.125,134.52698670494033,-15.801557983197483,-19.605968578859187,0.9258437597667397,100.04530390265039,
Spring,0.1,0.96,0.00104,0.00104,0.9,1.2,0.16666666666666666,134.52698670494033,-15.801557983197483,-20.965829635109166,0.9900598615122271,98.74965894814589,
Spring,0.1,0.96,0.00104,0.00104,1.1,0.8,0.125,134.52698670494033,-33.28534220182149,-19.605968578859187,0.9258437597667397,82.56151968402638,
Spring,0.1,0.96,0.00104,0.00104,1.1,0.8,0.16666666666666666,134.52698670494033,-33.28534220182149,-20.965829635109166,0.9900598615122271,81.26587472952188,
Spring,0.1,0.96,0.00104,0.00104,1.1,1.2,0.125,134.52698670494033,-11.814855339771839,-19.605968578859187,0.9258437597667397,104.03200654607603,
Spring,0.1,0.96,0.00104,0.00104,1.1,1.2,0.16666666666666666,134.52698670494033,-11.814855339771839,-20.965829635109166,0.9900598615122271,102.73636159157154,
Spring,0.1,0.96,0.00104,0.00156,0.9,0.8,0.125,134.52698670494033,-35.85232428444425,-19.605968578859187,1.3887656396501098,80.45745948128699,
Spring,0.1,0.96,0.00104,0.00156,0.9,0.8,0.16666666666666666,134.52698670494033,-35.85232428444425,-20.965829635109166,1.4850897922683408,79.19392257765524,
Spring,0.1,0.96,0.00104,0.00156,0.9,1.2,0.125,134.52698670494033,-15.801557983197483,-19.605968578859187,1.3887656396501098,100.50822578253376,
Spring,0.1,0.96,0.00104,0.00156,0.9,1.2,0.16666666666666666,134.52698670494033,-15.801557983197483,-20.965829635109166,1.4850897922683408,99.24468887890201,
Spring,0.1,0.96,0.00104,0.00156,1.1,0.8,0.125,134.52698670494033,-33.28534220182149,-19.605968578859187,1.3887656396501098,83.02444156390975,
Spring,0.1,0.96,0.00104,0.00156,1.1,0.8,0.16666666666666666,134.52698670494033,-33.28534220182149,-20.965829635109166,1.4850897922683408,81.760904660278,
Spring,0.1,0.96,0.00104,0.00156,1.1,1.2,0.125,134.52698670494033,-11.814855339771839,-19.605968578859187,1.3887656396501098,104.4949284259594,
Spring,0.1,0.96,0.00104,0.00156,1.1,1.2,0.16666666666666666,134.52698670494033,-11.814855339771839,-20.965829635109166,1.4850897922683408,103.23139152232766,
Spring,0.1,0.96,0.00156,0.00104,0.9,0.8,0.125,134.52698670494033,-35.85232428444425,-29.408952868288786,0.9258437597667397,70.19155331197402,
Spring,0.1,0.96,0.00156,0.00104,0.9,0.8,0.16666666666666666,134.52698670494033,-35.85232428444425,-31.448744452663757,0.9900598615122271,68.21597782934454,
Spring,0.1,0.96,0.00156,0.00104,0.9,1.2,0.125,134.52698670494033,-15.801557983197483,-29.408952868288786,0.9258437597667397,90.24231961322079,
Spring,0.1,0.96,0.00156,0.00104,0.9,1.2,0.16666666666666666,134.52698670494033,-15.801557983197483,-31.448744452663757,0.9900598615122271,88.2667441305913,
Spring,0.1,0.96,0.00156,0.00104,1.1,0.8,0.125,134.52698670494033,-33.28534220182149,-29.408952868288786,0.9258437597667397,72.75853539459678,
Spring,0.1,0.96,0.00156,0.00104,1.1,0.8,0.16666666666666666,134.52698670494033,-33.28534220182149,-31.448744452663757,0.9900598615122271,70.7829599119673,
Spring,0.1,0.96,0.00156,0.00104,1.1,1.2,0.125,134.52698670494033,-11.814855339771839,-29.408952868288786,0.9258437597667397,94.22902225664643,
Spring,0.1,0.96,0.00156,0.00104,1.1,1.2,0.16666666666666666,134.52698670494033,-11.814855339771839,-31.448744452663757,0.9900598615122271,92.25344677401695,
Spring,0.1,0.96,0.00156,0.00156,0.9,0.8,0.125,134.52698670494033,-35.85232428444425,-29.408952868288786,1.3887656396501098,70.65447519185739,
Spring,0.1,0.96,0.00156,0.00156,0.9,0.8,0.16666666666666666,134.52698670494033,-35.85232428444425,-31.448744452663757,1.4850897922683408,68.71100776010066,
Spring,0.1,0.96,0.00156,0.00156,0.9,1.2,0.125,134.52698670494033,-15.801557983197483,-29.408952868288786,1.3887656396501098,90.70524149310415,
Spring,0.1,0.96,0.00156,0.00156,0.9,1.2,0.16666666666666666,134.52698670494033,-15.801557983197483,-31.448744452663757,1.4850897922683408,88.76177406134742,
Spring,0.1,0.96,0.00156,0.00156,1.1,0.8,0.125,134.52698670494033,-33.28534220182149,-29.408952868288786,1.3887656396501098,73.22145727448014,
Spring,0.1,0.96,0.00156,0.00156,1.1,0.8,0.16666666666666666,134.52698670494033,-33.28534220182149,-31.448744452663757,1.4850897922683408,71.27798984272341,
Spring,0.1,0.96,0.00156,0.00156,1.1,1.2,0.125,134.52698670494033,-11.814855339771839,-29.408952868288786,1.3887656396501098,94.6919441365298,
Spring,0.1,0.96,0.00156,0.00156,1.1,1.2,0.16666666666666666,134.52698670494033,-11.814855339771839,-31.448744452663757,1.4850897922683408,92.74847670477307,
Spring,0.1,0.99,0.00104,0.00104,0.9,0.8,0.125,134.52698670494033,-48.512554365178346,-19.605968578859187,0.9258437597667397,67.33430752066953,
Spring,0.1,0.99,0.00104,0.00104,0.9,0.8,0.16666666666666666,134.52698670494033,-48.512554365178346,-20.965829635109166,0.9900598615122271,66.03866256616503,
Spring,0.1,0.99,0.00104,0.00104,0.9,1.2,0.125,134.52698670494033,-28.46178806393158,-19.605968578859187,0.9258437597667397,87.3850738219163,
Spring,0.1,0.99,0.00104,0.00104,0.9,1.2,0.16666666666666666,134.52698670494033,-28.46178806393158,-20.965829635109166,0.9900598615122271,86.0894288674118,
Spring,0.1,0.99,0.00104,0.00104,1.1,0.8,0.125,134.52698670494033,-45.94557228255559,-19.605968578859187,0.9258437597667397,69.90128960329228,
Spring,0.1,0.99,0.00104,0.00104,1.1,0.8,0.16666666666666666,134.52698670494033,-45.94557228255559,-20.965829635109166,0.9900598615122271,68.60564464878779,
Spring,0.1,0.99,0.00104,0.00104,1.1,1.2,0.125,134.52698670494033,-24.475085420505934,-19.605968578859187,0.9258437597667397,91.37177646534194,
Spring,0.1,0.99,0.00104,0.00104,1.1,1.2,0.16666666666666666,134.52698670494033,-24.475085420505934,-20.965829635109166,0.9900598615122271,90.07613151083744,
Spring,0.1,0.99,0.00104,0.00156,0.9,0.8,0.125,134.52698670494033,-48.512554365178346,-19.605968578859187,1.3887656396501098,67.7972294005529,
Spring,0.1,0.99,0.00104,0.00156,0.9,0.8,0.16666666666666666,134.52698670494033,-48.512554365178346,-20.965829635109166,1.4850897922683408,66.53369249692115,
Spring,0.1,0.99,0.00104,0.00156,0.9,1.2,0.125,134.52698670494033,-28.46178806393158,-19.605968578859187,1.3887656396501098,87.84799570179966,
Spring,0.1,0.99,0.00104,0.00156,0.9,1.2,0.16666666666666666,134.52698670494033,-28.46178806393158,-20.965829635109166,1.4850897922683408,86.58445879816792,
Spring,0.1,0.99,0.00104,0.00156,1.1,0.8,0.125,134.52698670494033,-45.94557228255559,-19.605968578859187,1.3887656396501098,70.36421148317565,
Spring,0.1,0.99,0.00104,0.00156,1.1,0.8,0.16666666666666666,134.52698670494033,-45.94557228255559,-20.965829635109166,1.4850897922683408,69.1006745795439,
Spring,0.1,0.99,0.00104,0.00156,1.1,1.2,0.125,134.52698670494033,-24.475085420505934,-19.605968578859187,1.3887656396501098,91.8346983452253,
Spring,0.1,0.99,0.00104,0.00156,1.1,1.2,0.16666666666666666,134.52698670494033,-24.475085420505934,-20.965829635109166,1.4850897922683408,90.57116144159356,
Spring,0.1,0.99,0.00156,0.00104,0.9,0.8,0.125,134.52698670494033,-48.512554365178346,-29.408952868288786,0.9258437597667397,57.53132323123994,
Spring,0.1,0.99,0.00156,0.00104,0.9,0.8,0.16666666666666666,134.52698670494033,-48.512554365178346,-31.448744452663757,0.9900598615122271,55.55574774861045,
Spring,0.1,0.99,0.00156,0.00104,0.9,1.2,0.125,134.52698670494033,-28.46178806393158,-29.408952868288786,0.9258437597667397,77.58208953248669,
Spring,0.1,0.99,0.00156,0.00104,0.9,1.2,0.16666666666666666,134.52698670494033,-28.46178806393158,-31.448744452663757,0.9900598615122271,75.60651404985721,
Spring,0.1,0.99,0.00156,0.00104,1.1,0.8,0.125,134.52698670494033,-45.94557228255559,-29.408952868288786,0.9258437597667397,60.098305313862696,
Spring,0.1,0.99,0.00156,0.00104,1.1,0.8,0.16666666666666666,134.52698670494033,-45.94557228255559,-31.448744452663757,0.9900598615122271,58.12272983123321,
Spring,0.1,0.99,0.00156,0.00104,1.1,1.2,0.125,134.52698670494033,-24.475085420505934,-29.408952868288786,0.9258437597667397,81.56879217591234,
Spring,0.1,0.99,0.00156,0.00104,1.1,1.2,0.16666666666666666,134.52698670494033,-24.475085420505934,-31.448744452663757,0.9900598615122271,79.59321669328286,
Spring,0.1,0.99,0.00156,0.00156,0.9,0.8,0.125,134.52698670494033,-48.512554365178346,-29.408952868288786,1.3887656396501098,57.994245111123305,
Spring,0.1,0.99,0.00156,0.00156,0.9,0.8,0.16666666666666666,134.52698670494033,-48.512554365178346,-31.448744452663757,1.4850897922683408,56.05077767936656,
Spring,0.1,0.99,0.00156,0.00156,0.9,1.2,0.125,134.52698670494033,-28.46178806393158,-29.408952868288786,1.3887656396501098,78.04501141237006,
Spring,0.1,0.99,0.00156,0.00156,0.9,1.2,0.16666666666666666,134.52698670494033,-28.46178806393158,-31.448744452663757,1.4850897922683408,76.10154398061333,
Spring,0.1,0.99,0.00156,0.00156,1.1,0.8,0.125,134.52698670494033,-45.94557228255559,-29.408952868288786,1.3887656396501098,60.56122719374606,
Spring,0.1,0.99,0.00156,0.00156,1.1,0.8,0.16666666666666666,134.52698670494033,-45.94557228255559,-31.448744452663757,1.4850897922683408,58.61775976198932,
Spring,0.1,0.99,0.00156,0.00156,1.1,1.2,0.125,134.52698670494033,-24.475085420505934,-29.408952868288786,1.3887656396501098,82.0317140557957,
Spring,0.1,0.99,0.00156,0.00156,1.1,1.2,0.16666666666666666,134.52698670494033,-24.475085420505934,-31.448744452663757,1.4850897922683408,80.08824662403897,
Summer,0.05,0.96,0.00104,0.00104,0.9,0.8,0.125,154.15268019038984,-11.69720553042822,-39.14450879280899,-0.22838905429968803,103.08257681285295,
Summer,0.05,0.96,0.00104,0.00104,0.9,0.8,0.16666666666666666,154.15268019038984,-11.69720553042822,-41.85955410461134,-0.244230015146213,100.35169054020407,
Summer,0.05,0.96,0.00104,0.00104,0.9,1.2,0.125,154.15268019038984,-3.1967274635246667,-39.14450879280899,-0.22838905429968803,111.5830548797565,
Summer,0.05,0.96,0.00104,0.00104,0.9,1.2,0.16666666666666666,154.15268019038984,-3.1967274635246667,-41.85955410461134,-0.244230015146213,108.85216860710763,
Summer,0.05,0.96,0.00104,0.00104,1.1,0.8,0.125,154.15268019038984,-8.906413527145787,-39.14450879280899,-0.22838905429968803,105.87336881613538,
Summer,0.05,0.96,0.00104,0.00104,1.1,0.8,0.16666666666666666,154.15268019038984,-8.906413527145787,-41.85955410461134,-0.244230015146213,103.14248254348651,
Summer,0.05,0.96,0.00104,0.00104,1.1,1.2,0.125,154.15268019038984,-0.5307110202938929,-39.14450879280899,-0.22838905429968803,114.24907132298728,
Summer,0.05,0.96,0.00104,0.00104,1.1,1.2,0.16666666666666666,154.15268019038984,-0.5307110202938929,-41.85955410461134,-0.244230015146213,111.5181850503384,
Summer,0.05,0.96,0.00104,0.00156,0.9,0.8,0.125,154.15268019038984,-11.69720553042822,-39.14450879280899,-0.34258358144953205,102.9683822857031,
Summer,0.05,0.96,0.00104,0.00156,0.9,0.8,0.16666666666666666,154.15268019038984,-11.69720553042822,-41.85955410461134,-0.3663450227193195,100.22957553263097,
Summer,0.05,0.96,0.00104,0.00156,0.9,1.2,0.125,154.15268019038984,-3.1967274635246667,-39.14450879280899,-0.34258358144953205,111.46886035260665,
Summer,0.05,0.96,0.00104,0.00156,0.9,1.2,0.16666666666666666,154.15268019038984,-3.1967274635246667,-41.85955410461134,-0.3663450227193195,108.73005359953453,
Summer,0.05,0.96,0.00104,0.00156,1.1,0.8,0.125,154.15268019038984,-8.906413527145787,-39.14450879280899,-0.34258358144953205,105.75917428898553,
Summer,0.05,0.96,0.00104,0.00156,1.1,0.8,0.16666666666666666,154.15268019038984,-8.906413527145787,-41.85955410461134,-0.3663450227193195,103.02036753591341,
Summer,0.05,0.96,0.00104,0.00156,1.1,1.2,0.125,154.15268019038984,-0.5307110202938929,-39.14450879280899,-0.34258358144953205,114.13487679583743,
Summer,0.05,0.96,0.00104,0.00156,1.1,1.2,0.16666666666666666,154.15268019038984,-0.5307110202938929,-41.85955410461134,-0.3663450227193195,111.3960700427653,
Summer,0.05,0.96,0.00156,0.00104,0.9,0.8,0.125,154.15268019038984,-11.69720553042822,-58.716763189213495,-0.22838905429968803,83.51032241644845,
Summer,0.05,0.96,0.00156,0.00104,0.9,0.8,0.16666666666666666,154.15268019038984,-11.69720553042822,-62.78933115691702,-0.244230015146213,79.42191348789838,
Summer,0.05,0.96,0.00156,0.00104,0.9,1.2,0.125,154.15268019038984,-3.1967274635246667,-58.716763189213495,-0.22838905429968803,92.010800483352,
Summer,0.05,0.96,0.00156,0.00104,0.9,1.2,0.16666666666666666,154.15268019038984,-3.1967274635246667,-62.78933115691702,-0.244230015146213,87.92239155480193,
Summer,0.05,0.96,0.00156,0.00104,1.1,0.8,0.125,154.15268019038984,-8.906413527145787,-58.716763189213495,-0.22838905429968803,86.30111441973088,
Summer,0.05,0.96,0.00156,0.00104,1.1,0.8,0.16666666666666666,154.15268019038984,-8.906413527145787,-62.78933115691702,-0.244230015146213,82.21270549118081,
Summer,0.05,0.96,0.00156,0.00104,1.1,1.2,0.125,154.15268019038984,-0.5307110202938929,-58.716763189213495,-0.22838905429968803,94.67681692658277,
Summer,0.05,0.96,0.00156,0.00104,1.1,1.2,0.16666666666666666,154.15268019038984,-0.5307110202938929,-62.78933115691702,-0.244230015146213,90.58840799803271,
Summer,0.05,0.96,0.00156,0.00156,0.9,0.8,0.125,154.15268019038984,-11.69720553042822,-58.716763189213495,-0.34258358144953205,83.3961278892986,
Summer,0.05,0.96,0.00156,0.00156,0.9,0.8,0.16666666666666666,154.15268019038984,-11.69720553042822,-62.78933115691702,-0.3663450227193195,79.29979848032528,
Summer,0.05,0.96,0.00156,0.00156,0.9,1.2,0.125,154.15268019038984,-3.1967274635246667,-58.716763189213495,-0.34258358144953205,91.89660595620215,
Summer,0.05,0.96,0.00156,0.00156,0.9,1.2,0.16666666666666666,154.15268019038984,-3.1967274635246667,-62.78933115691702,-0.3663450227193195,87.80027654722883,
Summer,0.05,0.96,0.00156,0.00156,1.1,0.8,0.125,154.15268019038984,-8.906413527145787,-58.716763189213495,-0.34258358144953205,86.18691989258103,
Summer,0.05,0.96,0.00156,0.00156,1.1,0.8,0.16666666666666666,154.15268019038984,-8.906413527145787,-62.78933115691702,-0.3663450227193195,82.09059048360771,
Summer,0.05,0.96,0.00156,0.00156,1.1,1.2,0.125,154.15268019038984,-0.5307110202938929,-58.716763189213495,-0.34258358144953205,94.56262239943293,
Summer,0.05,0.96,0.00156,0.00156,1.1,1.2,0.16666666666666666,154.15268019038984,-0.5307110202938929,-62.78933115691702,-0.3663450227193195,90.4662929904596,
Summer,0.05,0.99,0.00104,0.00104,0.9,0.8,0.125,154.15268019038984,-26.357201744220163,-39.14450879280899,-0.22838905429968803,88.422580599061,
Summer,0.05,0.99,0.00104,0.00104,0.9,0.8,0.16666666666666666,154.15268019038984,-26.357201744220163,-41.85955410461134,-0.244230015146213,85.69169432641213,
Summer,0.05,0.99,0.00104,0.00104,0.9,1.2,0.125,154.15268019038984,-17.85672367731661,-39.14450879280899,-0.22838905429968803,96.92305866596456,
Summer,0.05,0.99,0.00104,0.00104,0.9,1.2,0.16666666666666666,154.15268019038984,-17.85672367731661,-41.85955410461134,-0.244230015146213,94.19217239331569,
Summer,0.05,0.99,0.00104,0.00104,1.1,0.8,0.125,154.15268019038984,-23.56640974093773,-39.14450879280899,-0.22838905429968803,91.21337260234344,
Summer,0.05,0.99,0.00104,0.00104,1.1,0.8,0.16666666666666666,154.15268019038984,-23.56640974093773,-41.85955410461134,-0.244230015146213,88.48248632969457,
Summer,0.05,0.99,0.00104,0.00104,1.1,1.2,0.125,154.15268019038984,-15.190707234085835,-39.14450879280899,-0.22838905429968803,99.58907510919533,
Summer,0.05,0.99,0.00104,0.00104,1.1,1.2,0.16666666666666666,154.15268019038984,-15.190707234085835,-41.85955410461134,-0.244230015146213,96.85818883654646,
Summer,0.05,0.99,0.00104,0.00156,0.9,0.8,0.125,154.15268019038984,-26.357201744220163,-39.14450879280899,-0.34258358144953205,88.30838607191116,
Summer,0.05,0.99,0.00104,0.00156,0.9,0.8,0.16666666666666666,154.15268019038984,-26.357201744220163,-41.85955410461134,-0.3663450227193195,85.56957931883903,
Summer,0.05,0.99,0.00104,0.00156,0.9,1.2,0.125,154.15268019038984,-17.85672367731661,-39.14450879280899,-0.34258358144953205,96.80886413881471,
Summer,0.05,0.99,0.00104,0.00156,0.9,1.2,0.16666666666666666,154.15268019038984,-17.85672367731661,-41.85955410461134,-0.3663450227193195,94.07005738574259,
Summer,0.05,0.99,0.00104,0.00156,1.1,0.8,0.125,154.15268019038984,-23.56640974093773,-39.14450879280899,-0.34258358144953205,91.09917807519359,
Summer,0.05,0.99,0.00104,0.00156,1.1,0.8,0.16666666666666666,154.15268019038984,-23.56640974093773,-41.85955410461134,-0.3663450227193195,88.36037132212147,
Summer,0.05,0.99,0.00104,0.00156,1.1,1.2,0.125,154.15268019038984,-15.190707234085835,-39.14450879280899,-0.34258358144953205,99.47488058204549,
Summer,0.05,0.99,0.00104,0.00156,1.1,1.2,0.16666666666666666,154.15268019038984,-15.190707234085835,-41.85955410461134,-0.3663450227193195,96.73607382897336,
Summer,0.05,0.99,0.00156,0.00104,0.9,0.8,0.125,154.15268019038984,-26.357201744220163,-58.716763189213495,-0.22838905429968803,68.8503262026565,
Summer,0.05,0.99,0.00156,0.00104,0.9,0.8,0.16666666666666666,154.15268019038984,-26.357201744220163,-62.78933115691702,-0.244230015146213,64.76191727410644,
Summer,0.05,0.99,0.00156,0.00104,0.9,1.2,0.125,154.15268019038984,-17.85672367731661,-58.716763189213495,-0.22838905429968803,77.35080426956006,
Summer,0.05,0.99,0.00156,0.00104,0.9,1.2,0.16666666666666666,154.15268019038984,-17.85672367731661,-62.78933115691702,-0.244230015146213,73.26239534100999,
Summer,0.05,0.99,0.00156,0.00104,1.1,0.8,0.125,154.15268019038984,-23.56640974093773,-58.716763189213495,-0.22838905429968803,71.64111820593894,
Summer,0.05,0.99,0.00156,0.00104,1.1,0.8,0.16666666666666666,154.15268019038984,-23.56640974093773,-62.78933115691702,-0.244230015146213,67.55270927738887,
Summer,0.05,0.99,0.00156,0.00104,1.1,1.2,0.125,154.15268019038984,-15.190707234085835,-58.716763189213495,-0.22838905429968803,80.01682071279083,
Summer,0.05,0.99,0.00156,0.00104,1.1,1.2,0.16666666666666666,154.15268019038984,-15.190707234085835,-62.78933115691702,-0.244230015146213,75.92841178424077,
Summer,0.05,0.99,0.00156,0.00156,0.9,0.8,0.125,154.15268019038984,-26.357201744220163,-58.716763189213495,-0.34258358144953205,68.73613167550666,
Summer,0.05,0.99,0.00156,0.00156,0.9,0.8,0.16666666666666666,154.15268019038984,-26.357201744220163,-62.78933115691702,-0.3663450227193195,64.63980226653334,
Summer,0.05,0.99,0.00156,0.00156,0.9,1.2,0.125,154.15268019038984,-17.85672367731661,-58.716763189213495,-0.34258358144953205,77.23660974241021,
Summer,0.05,0.99,0.00156,0.00156,0.9,1.2,0.16666666666666666,154.15268019038984,-17.85672367731661,-62.78933115691702,-0.3663450227193195,73.14028033343689,
Summer,0.05,0.99,0.00156,0.00156,1.1,0.8,0.125,154.15268019038984,-23.56640974093773,-58.716763189213495,-0.34258358144953205,71.52692367878909,
Summer,0.05,0.99,0.00156,0.00156,1.1,0.8,0.16666666666666666,154.15268019038984,-23.56640974093773,-62.78933115691702,-0.3663450227193195,67.43059426981577,
Summer,0.05,0.99,0.00156,0.00156,1.1,1.2,0.125,154.15268019038984,-15.190707234085835,-58.716763189213495,-0.34258358144953205,79.90262618564098,
Summer,0.05,0.99,0.00156,0.00156,1.1,1.2,0.16666666666666666,154.15268019038984,-15.190707234085835,-62.78933115691702,-0.3663450227193195,75.80629677666766,
Summer,0.1,0.96,0.00104,0.00104,0.9,0.8,0.125,146.0393812330009,-11.69720553042822,-39.14450879280899,-0.22838905429968803,94.96927785546401,
Summer,0.1,0.96,0.00104,0.00104,0.9,0.8,0.16666666666666666,146.0393812330009,-11.69720553042822,-41.85955410461134,-0.244230015146213,92.23839158281514,
Summer,0.1,0.96,0.00104,0.00104,0.9,1.2,0.125,146.0393812330009,-3.1967274635246667,-39.14450879280899,-0.22838905429968803,103.46975592236757,
Summer,0.1,0.96,0.00104,0.00104,0.9,1.2,0.16666666666666666,146.0393812330009,-3.1967274635246667,-41.85955410461134,-0.244230015146213,100.7388696497187,
Summer,0.1,0.96,0.00104,0.00104,1.1,0.8,0.125,146.0393812330009,-8.906413527145787,-39.14450879280899,-0.22838905429968803,97.76006985874645,
Summer,0.1,0.96,0.00104,0.00104,1.1,0.8,0.16666666666666666,146.0393812330009,-8.906413527145787,-41.85955410461134,-0.244230015146213,95.02918358609757,
Summer,0.1,0.96,0.00104,0.00104,1.1,1.2,0.125,146.0393812330009,-0.5307110202938929,-39.14450879280899,-0.22838905429968803,106.13577236559834,
Summer,0.1,0.96,0.00104,0.00104,1.1,1.2,0.16666666666666666,146.0393812330009,-0.5307110202938929,-41.85955410461134,-0.244230015146213,103.40488609294947,
Summer,0.1,0.96,0.00104,0.00156,0.9,0.8,0.125,146.0393812330009,-11.69720553042822,-39.14450879280899,-0.34258358144953205,94.85508332831417,
Summer,0.1,0.96,0.00104,0.00156,0.9,0.8,0.16666666666666666,146.0393812330009,-11.69720553042822,-41.85955410461134,-0.3663450227193195,92.11627657524204,
Summer,0.1,0.96,0.00104,0.00156,0.9,1.2,0.125,146.0393812330009,-3.1967274635246667,-39.14450879280899,-0.34258358144953205,103.35556139521772,
Summer,0.1,0.96,0.00104,0.00156,0.9,1.2,0.16666666666666666,146.0393812330009,-3.1967274635246667,-41.85955410461134,-0.3663450227193195,100.6167546421456,
Summer,0.1,0.96,0.00104,0.00156,1.1,0.8,0.125,146.0393812330009,-8.906413527145787,-39.14450879280899,-0.34258358144953205,97.6458753315966,
Summer,0.1,0.96,0.00104,0.00156,1.1,0.8,0.16666666666666666,146.0393812330009,-8.906413527145787,-41.85955410461134,-0.3663450227193195,94.90706857852447,
Summer,0.1,0.96,0.00104,0.00156,1.1,1.2,0.125,146.0393812330009,-0.5307110202938929,-39.14450879280899,-0.34258358144953205,106.0215778384485,
Summer,0.1,0.96,0.00104,0.00156,1.1,1.2,0.16666666666666666,146.0393812330009,-0.5307110202938929,-41.85955410461134,-0.3663450227193195,103.28277108537637,
Summer,0.1,0.96,0.00156,0.00104,0.9,0.8,0.125,146.0393812330009,-11.69720553042822,-58.716763189213495,-0.22838905429968803,75.39702345905951,
Summer,0.1,0.96,0.00156,0.00104,0.9,0.8,0.16666666666666666,146.0393812330009,-11.69720553042822,-62.78933115691702,-0.244230015146213,71.30861453050944,
Summer,0.1,0.96,0.00156,0.00104,0.9,1.2,0.125,146.0393812330009,-3.1967274635246667,-58.716763189213495,-0.22838905429968803,83.89750152596307,
Summer,0.1,0.96,0.00156,0.00104,0.9,1.2,0.16666666666666666,146.0393812330009,-3.1967274635246667,-62.78933115691702,-0.244230015146213,79.809092597413,
Summer,0.1,0.96,0.00156,0.00104,1.1,0.8,0.125,146.0393812330009,-8.906413527145787,-58.716763189213495,-0.22838905429968803,78.18781546234194,
Summer,0.1,0.96,0.00156,0.00104,1.1,0.8,0.16666666666666666,146.0393812330009,-8.906413527145787,-62.78933115691702,-0.244230015146213,74.09940653379188,
Summer,0.1,0.96,0.00156,0.00104,1.1,1.2,0.125,146.0393812330009,-0.5307110202938929,-58.716763189213495,-0.22838905429968803,86.56351796919384,
Summer,0.1,0.96,0.00156,0.00104,1.1,1.2,0.16666666666666666,146.0393812330009,-0.5307110202938929,-62.78933115691702,-0.244230015146213,82.47510904064377,
Summer,0.1,0.96,0.00156,0.00156,0.9,0.8,0.125,146.0393812330009,-11.69720553042822,-58.716763189213495,-0.34258358144953205,75.28282893190966,
Summer,0.1,0.96,0.00156,0.00156,0.9,0.8,0.16666666666666666,146.0393812330009,-11.69720553042822,-62.78933115691702,-0.3663450227193195,71.18649952293634,
Summer,0.1,0.96,0.00156,0.00156,0.9,1.2,0.125,146.0393812330009,-3.1967274635246667,-58.716763189213495,-0.34258358144953205,83.78330699881322,
Summer,0.1,0.96,0.00156,0.00156,0.9,1.2,0.16666666666666666,146.0393812330009,-3.1967274635246667,-62.78933115691702,-0.3663450227193195,79.6869775898399,
Summer,0.1,0.96,0.00156,0.00156,1.1,0.8,0.125,146.0393812330009,-8.906413527145787,-58.716763189213495,-0.34258358144953205,78.0736209351921,
Summer,0.1,0.96,0.00156,0.00156,1.1,0.8,0.16666666666666666,146.0393812330009,-8.906413527145787,-62.78933115691702,-0.3663450227193195,73.97729152621878,
Summer,0.1,0.96,0.00156,0.00156,1.1,1.2,0.125,146.0393812330009,-0.5307110202938929,-58.716763189213495,-0.34258358144953205,86.44932344204399,
Summer,0.1,0.96,0.00156,0.00156,1.1,1.2,0.16666666666666666,146.0393812330009,-0.5307110202938929,-62.78933115691702,-0.3663450227193195,82.35299403307067,
Summer,0.1,0.99,0.00104,0.00104,0.9,0.8,0.125,146.0393812330009,-26.357201744220163,-39.14450879280899,-0.22838905429968803,80.30928164167207,
Summer,0.1,0.99,0.00104,0.00104,0.9,0.8,0.16666666666666666,146.0393812330009,-26.357201744220163,-41.85955410461134,-0.244230015146213,77.5783953690232,
Summer,0.1,0.99,0.00104,0.00104,0.9,1.2,0.125,146.0393812330009,-17.85672367731661,-39.14450879280899,-0.22838905429968803,88.80975970857563,
Summer,0.1,0.99,0.00104,0.00104,0.9,1.2,0.16666666666666666,146.0393812330009,-17.85672367731661,-41.85955410461134,-0.244230015146213,86.07887343592675,
Summer,0.1,0.99,0.00104,0.00104,1.1,0.8,0.125,146.0393812330009,-23.56640974093773,-39.14450879280899,-0.22838905429968803,83.1000736449545,
Summer,0.1,0.99,0.00104,0.00104,1.1,0.8,0.16666666666666666,146.0393812330009,-23.56640974093773,-41.85955410461134,-0.244230015146213,80.36918737230563,
Summer,0.1,0.99,0.00104,0.00104,1.1,1.2,0.125,146.0393812330009,-15.190707234085835,-39.14450879280899,-0.22838905429968803,91.4757761518064,
Summer,0.1,0.99,0.00104,0.00104,1.1,1.2,0.16666666666666666,146.0393812330009,-15.190707234085835,-41.85955410461134,-0.244230015146213,88.74488987915753,
Summer,0.1,0.99,0.00104,0.00156,0.9,0.8,0.125,146.0393812330009,-26.357201744220163,-39.14450879280899,-0.34258358144953205,80.19508711452222,
Summer,0.1,0.99,0.00104,0.00156,0.9,0.8,0.16666666666666666,146.0393812330009,-26.357201744220163,-41.85955410461134,-0.3663450227193195,77.4562803614501,
Summer,0.1,0.99,0.00104,0.00156,0.9,1.2,0.125,146.0393812330009,-17.85672367731661,-39.14450879280899,-0.34258358144953205,88.69556518142578,
Summer,0.1,0.99,0.00104,0.00156,0.9,1.2,0.16666666666666666,146.0393812330009,-17.85672367731661,-41.85955410461134,-0.3663450227193195,85.95675842835365,
Summer,0.1,0.99,0.00104,0.00156,1.1,0.8,0.125,146.0393812330009,-23.56640974093773,-39.14450879280899,-0.34258358144953205,82.98587911780466,
Summer,0.1,0.99,0.00104,0.00156,1.1,0.8,0.16666666666666666,146.0393812330009,-23.56640974093773,-41.85955410461134,-0.3663450227193195,80.24707236473253,
Summer,0.1,0.99,0.00104,0.00156,1.1,1.2,0.125,146.0393812330009,-15.190707234085835,-39.14450879280899,-0.34258358144953205,91.36158162465655,
Summer,0.1,0.99,0.00104,0.00156,1.1,1.2,0.16666666666666666,146.0393812330009,-15.190707234085835,-41.85955410461134,-0.3663450227193195,88.62277487158443,
Summer,0.1,0.99,0.00156,0.00104,0.9,0.8,0.125,146.0393812330009,-26.357201744220163,-58.716763189213495,-0.22838905429968803,60.73702724526756,
Summer,0.1,0.99,0.00156,0.00104,0.9,0.8,0.16666666666666666,146.0393812330009,-26.357201744220163,-62.78933115691702,-0.244230015146213,56.64861831671751,
Summer,0.1,0.99,0.00156,0.00104,0.9,1.2,0.125,146.0393812330009,-17.85672367731661,-58.716763189213495,-0.22838905429968803,69.23750531217112,
Summer,0.1,0.99,0.00156,0.00104,0.9,1.2,0.16666666666666666,146.0393812330009,-17.85672367731661,-62.78933115691702,-0.244230015146213,65.14909638362106,
Summer,0.1,0.99,0.00156,0.00104,1.1,0.8,0.125,146.0393812330009,-23.56640974093773,-58.716763189213495,-0.22838905429968803,63.527819248549996,
Summer,0.1,0.99,0.00156,0.00104,1.1,0.8,0.16666666666666666,146.0393812330009,-23.56640974093773,-62.78933115691702,-0.244230015146213,59.43941031999994,
Summer,0.1,0.99,0.00156,0.00104,1.1,1.2,0.125,146.0393812330009,-15.190707234085835,-58.716763189213495,-0.22838905429968803,71.9035217554019,
Summer,0.1,0.99,0.00156,0.00104,1.1,1.2,0.16666666666666666,146.0393812330009,-15.190707234085835,-62.78933115691702,-0.244230015146213,67.81511282685183,
Summer,0.1,0.99,0.00156,0.00156,0.9,0.8,0.125,146.0393812330009,-26.357201744220163,-58.716763189213495,-0.34258358144953205,60.62283271811772,
Summer,0.1,0.99,0.00156,0.00156,0.9,0.8,0.16666666666666666,146.0393812330009,-26.357201744220163,-62.78933115691702,-0.3663450227193195,56.5265033091444,
Summer,0.1,0.99,0.00156,0.00156,0.9,1.2,0.125,146.0393812330009,-17.85672367731661,-58.716763189213495,-0.34258358144953205,69.12331078502127,
Summer,0.1,0.99,0.00156,0.00156,0.9,1.2,0.16666666666666666,146.0393812330009,-17.85672367731661,-62.78933115691702,-0.3663450227193195,65.02698137604796,
Summer,0.1,0.99,0.00156,0.00156,1.1,0.8,0.125,146.0393812330009,-23.56640974093773,-58.716763189213495,-0.34258358144953205,63.413624721400154,
Summer,0.1,0.99,0.00156,0.00156,1.1,0.8,0.16666666666666666,146.0393812330009,-23.56640974093773,-62.78933115691702,-0.3663450227193195,59.317295312426836,
Summer,0.1,0.99,0.00156,0.00156,1.1,1.2,0.125,146.0393812330009,-15.190707234085835,-58.716763189213495,-0.34258358144953205,71.78932722825205,
Summer,0.1,0.99,0.00156,0.00156,1.1,1.2,0.16666666666666666,146.0393812330009,-15.190707234085835,-62.78933115691702,-0.3663450227193195,67.69299781927873,
Autumn,0.05,0.96,0.00104,0.00104,0.9,0.8,0.125,109.83164895650178,-44.13482332713039,-27.856208975011292,-2.2586980239943997,35.5819186303657,
Autumn,0.05,0.96,0.00104,0.00104,0.9,0.8,0.16666666666666666,109.83164895650178,-44.13482332713039,-29.788302949737183,-2.4153602908089415,33.49316238882526,
Autumn,0.05,0.96,0.00104,0.00104,0.9,1.2,0.125,109.83164895650178,-25.415132267065076,-27.856208975011292,-2.2586980239943997,54.301609690431015,
Autumn,0.05,0.96,0.00104,0.00104,0.9,1.2,0.16666666666666666,109.83164895650178,-25.415132267065076,-29.788302949737183,-2.4153602908089415,52.21285344889058,
Autumn,0.05,0.96,0.00104,0.00104,1.1,0.8,0.125,109.83164895650178,-41.33399378639717,-27.856208975011292,-2.2586980239943997,38.38274817109892,
Autumn,0.05,0.96,0.00104,0.00104,1.1,0.8,0.16666666666666666,109.83164895650178,-41.33399378639717,-29.788302949737183,-2.4153602908089415,36.29399192955848,
Autumn,0.05,0.96,0.00104,0.00104,1.1,1.2,0.125,109.83164895650178,-20.97981844164076,-27.856208975011292,-2.2586980239943997,58.73692351585533,
Autumn,0.05,0.96,0.00104,0.00104,1.1,1.2,0.16666666666666666,109.83164895650178,-20.97981844164076,-29.788302949737183,-2.4153602908089415,56.64816727431489,
Autumn,0.05,0.96,0.00104,0.00156,0.9,0.8,0.125,109.83164895650178,-44.13482332713039,-27.856208975011292,-3.3880470359916,34.4525696183685,
Autumn,0.05,0.96,0.00104,0.00156,0.9,0.8,0.16666666666666666,109.83164895650178,-44.13482332713039,-29.788302949737183,-3.623040436213413,32.28548224342079,
Autumn,0.05,0.96,0.00104,0.00156,0.9,1.2,0.125,109.83164895650178,-25.415132267065076,-27.856208975011292,-3.3880470359916,53.172260678433815,
Autumn,0.05,0.96,0.00104,0.00156,0.9,1.2,0.16666666666666666,109.83164895650178,-25.415132267065076,-29.788302949737183,-3.623040436213413,51.0051733034861,
Autumn,0.05,0.96,0.00104,0.00156,1.1,0.8,0.125,109.83164895650178,-41.33399378639717,-27.856208975011292,-3.3880470359916,37.25339915910172,
Autumn,0.05,0.96,0.00104,0.00156,1.1,0.8,0.16666666666666666,109.83164895650178,-41.33399378639717,-29.788302949737183,-3.623040436213413,35.086311784154006,
Autumn,0.05,0.96,0.00104,0.00156,1.1,1.2,0.125,109.83164895650178,-20.97981844164076,-27.856208975011292,-3.3880470359916,57.60757450385813,
Autumn,0.05,0.96,0.00104,0.00156,1.1,1.2,0.16666666666666666,109.83164895650178,-20.97981844164076,-29.788302949737183,-3.623040436213413,55.44048712891042,
Autumn,0.05,0.96,0.00156,0.00104,0.9,0.8,0.125,109.83164895650178,-44.13482332713039,-41.784313462516934,-2.2586980239943997,21.653814142860057,
Autumn,0.05,0.96,0.00156,0.00104,0.9,0.8,0.16666666666666666,109.83164895650178,-44.13482332713039,-44.68245442460577,-2.4153602908089415,18.599010913956675,
Autumn,0.05,0.96,0.00156,0.00104,0.9,1.2,0.125,109.83164895650178,-25.415132267065076,-41.784313462516934,-2.2586980239943997,40.37350520292537,
Autumn,0.05,0.96,0.00156,0.00104,0.9,1.2,0.16666666666666666,109.83164895650178,-25.415132267065076,-44.68245442460577,-2.4153602908089415,37.31870197402199,
Autumn,0.05,0.96,0.00156,0.00104,1.1,0.8,0.125,109.83164895650178,-41.33399378639717,-41.784313462516934,-2.2586980239943997,24.454643683593275,
Autumn,0.05,0.96,0.00156,0.00104,1.1,0.8,0.16666666666666666,109.83164895650178,-41.33399378639717,-44.68245442460577,-2.4153602908089415,21.399840454689894,
Autumn,0.05,0.96,0.00156,0.00104,1.1,1.2,0.125,109.83164895650178,-20.97981844164076,-41.784313462516934,-2.2586980239943997,44.80881902834969,
Autumn,0.05,0.96,0.00156,0.00104,1.1,1.2,0.16666666666666666,109.83164895650178,-20.97981844164076,-44.68245442460577,-2.4153602908089415,41.75401579944631,
Autumn,0.05,0.96,0.00156,0.00156,0.9,0.8,0.125,109.83164895650178,-44.13482332713039,-41.784313462516934,-3.3880470359916,20.524465130862854,
Autumn,0.05,0.96,0.00156,0.00156,0.9,0.8,0.16666666666666666,109.83164895650178,-44.13482332713039,-44.68245442460577,-3.623040436213413,17.391330768552205,
Autumn,0.05,0.96,0.00156,0.00156,0.9,1.2,0.125,109.83164895650178,-25.415132267065076,-41.784313462516934,-3.3880470359916,39.24415619092817,
Autumn,0.05,0.96,0.00156,0.00156,0.9,1.2,0.16666666666666666,109.83164895650178,-25.415132267065076,-44.68245442460577,-3.623040436213413,36.11102182861752,
Autumn,0.05,0.96,0.00156,0.00156,1.1,0.8,0.125,109.83164895650178,-41.33399378639717,-41.784313462516934,-3.3880470359916,23.325294671596073,
Autumn,0.05,0.96,0.00156,0.00156,1.1,0.8,0.16666666666666666,109.83164895650178,-41.33399378639717,-44.68245442460577,-3.623040436213413,20.192160309285423,
Autumn,0.05,0.96,0.00156,0.00156,1.1,1.2,0.125,109.83164895650178,-20.97981844164076,-41.784313462516934,-3.3880470359916,43.67947001635249,
Autumn,0.05,0.96,0.00156,0.00156,1.1,1.2,0.16666666666666666,109.83164895650178,-20.97981844164076,-44.68245442460577,-3.623040436213413,40.54633565404183,
Autumn,0.05,0.99,0.00104,0.00104,0.9,0.8,0.125,109.83164895650178,-57.38018007279868,-27.856208975011292,-2.2586980239943997,22.33656188469741,
Autumn,0.05,0.99,0.00104,0.00104,0.9,0.8,0.16666666666666666,109.83164895650178,-57.38018007279868,-29.788302949737183,-2.4153602908089415,20.247805643156976,
Autumn,0.05,0.99,0.00104,0.00104,0.9,1.2,0.125,109.83164895650178,-38.660489012733365,-27.856208975011292,-2.2586980239943997,41.056252944762726,
Autumn,0.05,0.99,0.00104,0.00104,0.9,1.2,0.16666666666666666,109.83164895650178,-38.660489012733365,-29.788302949737183,-2.4153602908089415,38.96749670322229,
Autumn,0.05,0.99,0.00104,0.00104,1.1,0.8,0.125,109.83164895650178,-54.57935053206546,-27.856208975011292,-2.2586980239943997,25.13739142543063,
Autumn,0.05,0.99,0.00104,0.00104,1.1,0.8,0.16666666666666666,109.83164895650178,-54.57935053206546,-29.788302949737183,-2.4153602908089415,23.048635183890195,
Autumn,0.05,0.99,0.00104,0.00104,1.1,1.2,0.125,109.83164895650178,-34.22517518730905,-27.856208975011292,-2.2586980239943997,45.49156677018704,
Autumn,0.05,0.99,0.00104,0.00104,1.1,1.2,0.16666666666666666,109.83164895650178,-34.22517518730905,-29.788302949737183,-2.4153602908089415,43.402810528646604,
Autumn,0.05,0.99,0.00104,0.00156,0.9,0.8,0.125,109.83164895650178,-57.38018007279868,-27.856208975011292,-3.3880470359916,21.207212872700207,
Autumn,0.05,0.99,0.00104,0.00156,0.9,0.8,0.16666666666666666,109.83164895650178,-57.38018007279868,-29.788302949737183,-3.623040436213413,19.040125497752506,
Autumn,0.05,0.99,0.00104,0.00156,0.9,1.2,0.125,109.83164895650178,-38.660489012733365,-27.856208975011292,-3.3880470359916,39.926903932765526,
Autumn,0.05,0.99,0.00104,0.00156,0.9,1.2,0.16666666666666666,109.83164895650178,-38.660489012733365,-29.788302949737183,-3.623040436213413,37.759816557817814,
Autumn,0.05,0.99,0.00104,0.00156,1.1,0.8,0.125,109.83164895650178,-54.57935053206546,-27.856208975011292,-3.3880470359916,24.008042413433426,
Autumn,0.05,0.99,0.00104,0.00156,1.1,0.8,0.16666666666666666,109.83164895650178,-54.57935053206546,-29.788302949737183,-3.623040436213413,21.840955038485724,
Autumn,0.05,0.99,0.00104,0.00156,1.1,1.2,0.125,109.83164895650178,-34.22517518730905,-27.856208975011292,-3.3880470359916,44.36221775818984,
Autumn,0.05,0.99,0.00104,0.00156,1.1,1.2,0.16666666666666666,109.83164895650178,-34.22517518730905,-29.788302949737183,-3.623040436213413,42.19513038324213,
Autumn,0.05,0.99,0.00156,0.00104,0.9,0.8,0.125,109.83164895650178,-57.38018007279868,-41.784313462516934,-2.2586980239943997,8.408457397191766,
Autumn,0.05,0.99,0.00156,0.00104,0.9,0.8,0.16666666666666666,109.83164895650178,-57.38018007279868,-44.68245442460577,-2.4153602908089415,5.3536541682883865,
Autumn,0.05,0.99,0.00156,0.00104,0.9,1.2,0.125,109.83164895650178,-38.660489012733365,-41.784313462516934,-2.2586980239943997,27.128148457257083,
Autumn,0.05,0.99,0.00156,0.00104,0.9,1.2,0.16666666666666666,109.83164895650178,-38.660489012733365,-44.68245442460577,-2.4153602908089415,24.073345228353702,
Autumn,0.05,0.99,0.00156,0.00104,1.1,0.8,0.125,109.83164895650178,-54.57935053206546,-41.784313462516934,-2.2586980239943997,11.209286937924984,
Autumn,0.05,0.99,0.00156,0.00104,1.1,0.8,0.16666666666666666,109.83164895650178,-54.57935053206546,-44.68245442460577,-2.4153602908089415,8.154483709021605,
Autumn,0.05,0.99,0.00156,0.00104,1.1,1.2,0.125,109.83164895650178,-34.22517518730905,-41.784313462516934,-2.2586980239943997,31.5634622826814,
Autumn,0.05,0.99,0.00156,0.00104,1.1,1.2,0.16666666666666666,109.83164895650178,-34.22517518730905,-44.68245442460577,-2.4153602908089415,28.50865905377802,
Autumn,0.05,0.99,0.00156,0.00156,0.9,0.8,0.125,109.83164895650178,-57.38018007279868,-41.784313462516934,-3.3880470359916,7.279108385194566,
Autumn,0.05,0.99,0.00156,0.00156,0.9,0.8,0.16666666666666666,109.83164895650178,-57.38018007279868,-44.68245442460577,-3.623040436213413,4.145974022883914,
Autumn,0.05,0.99,0.00156,0.00156,0.9,1.2,0.125,109.83164895650178,-38.660489012733365,-41.784313462516934,-3.3880470359916,25.99879944525988,
Autumn,0.05,0.99,0.00156,0.00156,0.9,1.2,0.16666666666666666,109.83164895650178,-38.660489012733365,-44.68245442460577,-3.623040436213413,22.86566508294923,
Autumn,0.05,0.99,0.00156,0.00156,1.1,0.8,0.125,109.83164895650178,-54.57935053206546,-41.784313462516934,-3.3880470359916,10.079937925927783,
Autumn,0.05,0.99,0.00156,0.00156,1.1,0.8,0.16666666666666666,109.83164895650178,-54.57935053206546,-44.68245442460577,-3.623040436213413,6.946803563617133,
Autumn,0.05,0.99,0.00156,0.00156,1.1,1.2,0.125,109.83164895650178,-34.22517518730905,-41.784313462516934,-3.3880470359916,30.434113270684197,
Autumn,0.05,0.99,0.00156,0.00156,1.1,1.2,0.16666666666666666,109.83164895650178,-34.22517518730905,-44.68245442460577,-3.623040436213413,27.300978908373548,
Autumn,0.1,0.96,0.00104,0.00104,0.9,0.8,0.125,104.05103585352802,-44.13482332713039,-27.856208975011292,-2.2586980239943997,29.80130552739194,
Autumn,0.1,0.96,0.00104,0.00104,0.9,0.8,0.16666666666666666,104.05103585352802,-44.13482332713039,-29.788302949737183,-2.4153602908089415,27.712549285851505,
Autumn,0.1,0.96,0.00104,0.00104,0.9,1.2,0.125,104.05103585352802,-25.415132267065076,-27.856208975011292,-2.2586980239943997,48.520996587457255,
Autumn,0.1,0.96,0.00104,0.00104,0.9,1.2,0.16666666666666666,104.05103585352802,-25.415132267065076,-29.788302949737183,-2.4153602908089415,46.43224034591682,
Autumn,0.1,0.96,0.00104,0.00104,1.1,0.8,0.125,104.05103585352802,-41.33399378639717,-27.856208975011292,-2.2586980239943997,32.60213506812516,
Autumn,0.1,0.96,0.00104,0.00104,1.1,0.8,0.16666666666666666,104.05103585352802,-41.33399378639717,-29.788302949737183,-2.4153602908089415,30.51337882658472,
Autumn,0.1,0.96,0.00104,0.00104,1.1,1.2,0.125,104.05103585352802,-20.97981844164076,-27.856208975011292,-2.2586980239943997,52.95631041288157,
Autumn,0.1,0.96,0.00104,0.00104,1.1,1.2,0.16666666666666666,104.05103585352802,-20.97981844164076,-29.788302949737183,-2.4153602908089415,50.86755417134113,
Autumn,0.1,0.96,0.00104,0.00156,0.9,0.8,0.125,104.05103585352802,-44.13482332713039,-27.856208975011292,-3.3880470359916,28.671956515394736,
Autumn,0.1,0.96,0.00104,0.00156,0.9,0.8,0.16666666666666666,104.05103585352802,-44.13482332713039,-29.788302949737183,-3.623040436213413,26.504869140447035,
Autumn,0.1,0.96,0.00104,0.00156,0.9,1.2,0.125,104.05103585352802,-25.415132267065076,-27.856208975011292,-3.3880470359916,47.391647575460055,
Autumn,0.1,0.96,0.00104,0.00156,0.9,1.2,0.16666666666666666,104.05103585352802,-25.415132267065076,-29.788302949737183,-3.623040436213413,45.22456020051234,
Autumn,0.1,0.96,0.00104,0.00156,1.1,0.8,0.125,104.05103585352802,-41.33399378639717,-27.856208975011292,-3.3880470359916,31.472786056127955,
Autumn,0.1,0.96,0.00104,0.00156,1.1,0.8,0.16666666666666666,104.05103585352802,-41.33399378639717,-29.788302949737183,-3.623040436213413,29.30569868118025,
Autumn,0.1,0.96,0.00104,0.00156,1.1,1.2,0.125,104.05103585352802,-20.97981844164076,-27.856208975011292,-3.3880470359916,51.82696140088437,
Autumn,0.1,0.96,0.00104,0.00156,1.1,1.2,0.16666666666666666,104.05103585352802,-20.97981844164076,-29.788302949737183,-3.623040436213413,49.65987402593666,
Autumn,0.1,0.96,0.00156,0.00104,0.9,0.8,0.125,104.05103585352802,-44.13482332713039,-41.784313462516934,-2.2586980239943997,15.873201039886295,
Autumn,0.1,0.96,0.00156,0.00104,0.9,0.8,0.16666666666666666,104.05103585352802,-44.13482332713039,-44.68245442460577,-2.4153602908089415,12.818397810982916,
Autumn,0.1,0.96,0.00156,0.00104,0.9,1.2,0.125,104.05103585352802,-25.415132267065076,-41.784313462516934,-2.2586980239943997,34.59289209995161,
Autumn,0.1,0.96,0.00156,0.00104,0.9,1.2,0.16666666666666666,104.05103585352802,-25.415132267065076,-44.68245442460577,-2.4153602908089415,31.53808887104823,
Autumn,0.1,0.96,0.00156,0.00104,1.1,0.8,0.125,104.05103585352802,-41.33399378639717,-41.784313462516934,-2.2586980239943997,18.674030580619515,
Autumn,0.1,0.96,0.00156,0.00104,1.1,0.8,0.16666666666666666,104.05103585352802,-41.33399378639717,-44.68245442460577,-2.4153602908089415,15.619227351716134,
Autumn,0.1,0.96,0.00156,0.00104,1.1,1.2,0.125,104.05103585352802,-20.97981844164076,-41.784313462516934,-2.2586980239943997,39.02820592537593,
Autumn,0.1,0.96,0.00156,0.00104,1.1,1.2,0.16666666666666666,104.05103585352802,-20.97981844164076,-44.68245442460577,-2.4153602908089415,35.97340269647255,
Autumn,0.1,0.96,0.00156,0.00156,0.9,0.8,0.125,104.05103585352802,-44.13482332713039,-41.784313462516934,-3.3880470359916,14.743852027889094,
Autumn,0.1,0.96,0.00156,0.00156,0.9,0.8,0.16666666666666666,104.05103585352802,-44.13482332713039,-44.68245442460577,-3.623040436213413,11.610717665578443,
Autumn,0.1,0.96,0.00156,0.00156,0.9,1.2,0.125,104.05103585352802,-25.415132267065076,-41.784313462516934,-3.3880470359916,33.46354308795441,
Autumn,0.1,0.96,0.00156,0.00156,0.9,1.2,0.16666666666666666,104.05103585352802,-25.415132267065076,-44.68245442460577,-3.623040436213413,30.33040872564376,
Autumn,0.1,0.96,0.00156,0.00156,1.1,0.8,0.125,104.05103585352802,-41.33399378639717,-41.784313462516934,-3.3880470359916,17.544681568622313,
Autumn,0.1,0.96,0.00156,0.00156,1.1,0.8,0.16666666666666666,104.05103585352802,-41.33399378639717,-44.68245442460577,-3.623040436213413,14.411547206311662,
Autumn,0.1,0.96,0.00156,0.00156,1.1,1.2,0.125,104.05103585352802,-20.97981844164076,-41.784313462516934,-3.3880470359916,37.89885691337873,
Autumn,0.1,0.96,0.00156,0.00156,1.1,1.2,0.16666666666666666,104.05103585352802,-20.97981844164076,-44.68245442460577,-3.623040436213413,34.76572255106807,
Autumn,0.1,0.99,0.00104,0.00104,0.9,0.8,0.125,104.05103585352802,-57.38018007279868,-27.856208975011292,-2.2586980239943997,16.55594878172365,
Autumn,0.1,0.99,0.00104,0.00104,0.9,0.8,0.16666666666666666,104.05103585352802,-57.38018007279868,-29.788302949737183,-2.4153602908089415,14.467192540183216,
Autumn,0.1,0.99,0.00104,0.00104,0.9,1.2,0.125,104.05103585352802,-38.660489012733365,-27.856208975011292,-2.2586980239943997,35.275639841788966,
Autumn,0.1,0.99,0.00104,0.00104,0.9,1.2,0.16666666666666666,104.05103585352802,-38.660489012733365,-29.788302949737183,-2.4153602908089415,33.18688360024853,
Autumn,0.1,0.99,0.00104,0.00104,1.1,0.8,0.125,104.05103585352802,-54.57935053206546,-27.856208975011292,-2.2586980239943997,19.35677832245687,
Autumn,0.1,0.99,0.00104,0.00104,1.1,0.8,0.16666666666666666,104.05103585352802,-54.57935053206546,-29.788302949737183,-2.4153602908089415,17.268022080916435,
Autumn,0.1,0.99,0.00104,0.00104,1.1,1.2,0.125,104.05103585352802,-34.22517518730905,-27.856208975011292,-2.2586980239943997,39.71095366721328,
Autumn,0.1,0.99,0.00104,0.00104,1.1,1.2,0.16666666666666666,104.05103585352802,-34.22517518730905,-29.788302949737183,-2.4153602908089415,37.622197425672844,
Autumn,0.1,0.99,0.00104,0.00156,0.9,0.8,0.125,104.05103585352802,-57.38018007279868,-27.856208975011292,-3.3880470359916,15.426599769726447,
Autumn,0.1,0.99,0.00104,0.00156,0.9,0.8,0.16666666666666666,104.05103585352802,-57.38018007279868,-29.788302949737183,-3.623040436213413,13.259512394778744,
Autumn,0.1,0.99,0.00104,0.00156,0.9,1.2,0.125,104.05103585352802,-38.660489012733365,-27.856208975011292,-3.3880470359916,34.146290829791766,
Autumn,0.1,0.99,0.00104,0.00156,0.9,1.2,0.16666666666666666,104.05103585352802,-38.660489012733365,-29.788302949737183,-3.623040436213413,31.979203454844058,
Autumn,0.1,0.99,0.00104,0.00156,1.1,0.8,0.125,104.05103585352802,-54.57935053206546,-27.856208975011292,-3.3880470359916,18.227429310459666,
Autumn,0.1,0.99,0.00104,0.00156,1.1,0.8,0.16666666666666666,104.05103585352802,-54.57935053206546,-29.788302949737183,-3.623040436213413,16.060341935511964,
Autumn,0.1,0.99,0.00104,0.00156,1.1,1.2,0.125,104.05103585352802,-34.22517518730905,-27.856208975011292,-3.3880470359916,38.58160465521608,
Autumn,0.1,0.99,0.00104,0.00156,1.1,1.2,0.16666666666666666,104.05103585352802,-34.22517518730905,-29.788302949737183,-3.623040436213413,36.41451728026837,
Autumn,0.1,0.99,0.00156,0.00104,0.9,0.8,0.125,104.05103585352802,-57.38018007279868,-41.784313462516934,-2.2586980239943997,2.6278442942180065,
Autumn,0.1,0.99,0.00156,0.00104,0.9,0.8,0.16666666666666666,104.05103585352802,-57.38018007279868,-44.68245442460577,-2.4153602908089415,-0.42695893468537394,
Autumn,0.1,0.99,0.00156,0.00104,0.9,1.2,0.125,104.05103585352802,-38.660489012733365,-41.784313462516934,-2.2586980239943997,21.347535354283323,
Autumn,0.1,0.99,0.00156,0.00104,0.9,1.2,0.16666666666666666,104.05103585352802,-38.660489012733365,-44.68245442460577,-2.4153602908089415,18.292732125379942,
Autumn,0.1,0.99,0.00156,0.00104,1.1,0.8,0.125,104.05103585352802,-54.57935053206546,-41.784313462516934,-2.2586980239943997,5.4286738349512245,
Autumn,0.1,0.99,0.00156,0.00104,1.1,0.8,0.16666666666666666,104.05103585352802,-54.57935053206546,-44.68245442460577,-2.4153602908089415,2.3738706060478445,
Autumn,0.1,0.99,0.00156,0.00104,1.1,1.2,0.125,104.05103585352802,-34.22517518730905,-41.784313462516934,-2.2586980239943997,25.78284917970764,
Autumn,0.1,0.99,0.00156,0.00104,1.1,1.2,0.16666666666666666,104.05103585352802,-34.22517518730905,-44.68245442460577,-2.4153602908089415,22.72804595080426,
Autumn,0.1,0.99,0.00156,0.00156,0.9,0.8,0.125,104.05103585352802,-57.38018007279868,-41.784313462516934,-3.3880470359916,1.498495282220806,
Autumn,0.1,0.99,0.00156,0.00156,0.9,0.8,0.16666666666666666,104.05103585352802,-57.38018007279868,-44.68245442460577,-3.623040436213413,-1.6346390800898454,
Autumn,0.1,0.99,0.00156,0.00156,0.9,1.2,0.125,104.05103585352802,-38.660489012733365,-41.784313462516934,-3.3880470359916,20.21818634228612,
Autumn,0.1,0.99,0.00156,0.00156,0.9,1.2,0.16666666666666666,104.05103585352802,-38.660489012733365,-44.68245442460577,-3.623040436213413,17.08505197997547,
Autumn,0.1,0.99,0.00156,0.00156,1.1,0.8,0.125,104.05103585352802,-54.57935053206546,-41.784313462516934,-3.3880470359916,4.299324822954024,
Autumn,0.1,0.99,0.00156,0.00156,1.1,0.8,0.16666666666666666,104.05103585352802,-54.57935053206546,-44.68245442460577,-3.623040436213413,1.166190460643373,
Autumn,0.1,0.99,0.00156,0.00156,1.1,1.2,0.125,104.05103585352802,-34.22517518730905,-41.784313462516934,-3.3880470359916,24.653500167710437,
Autumn,0.1,0.99,0.00156,0.00156,1.1,1.2,0.16666666666666666,104.05103585352802,-34.22517518730905,-44.68245442460577,-3.623040436213413,21.520365805399788,
Winter,0.05,0.96,0.00104,0.00104,0.9,0.8,0.125,66.79031402625152,-66.87573007351642,-8.869465539276263,-1.193065801220231,-10.147947387761393,
Winter,0.05,0.96,0.00104,0.00104,0.9,0.8,0.16666666666666666,66.79031402625152,-66.87573007351642,-9.484647631816106,-1.2758163021249649,-10.845879981205972,
Winter,0.05,0.96,0.00104,0.00104,0.9,1.2,0.125,66.79031402625152,-49.30567655783136,-8.869465539276263,-1.193065801220231,7.422106127923667,
Winter,0.05,0.96,0.00104,0.00104,0.9,1.2,0.16666666666666666,66.79031402625152,-49.30567655783136,-9.484647631816106,-1.2758163021249649,6.72417353447909,
Winter,0.05,0.96,0.00104,0.00104,1.1,0.8,0.125,66.79031402625152,-65.30126220541558,-8.869465539276263,-1.193065801220231,-8.573479519660554,
Winter,0.05,0.96,0.00104,0.00104,1.1,0.8,0.16666666666666666,66.79031402625152,-65.30126220541558,-9.484647631816106,-1.2758163021249649,-9.271412113105132,
Winter,0.05,0.96,0.00104,0.00104,1.1,1.2,0.125,66.79031402625152,-46.874440111224885,-8.869465539276263,-1.193065801220231,9.853342574530144,
Winter,0.05,0.96,0.00104,0.00104,1.1,1.2,0.16666666666666666,66.79031402625152,-46.874440111224885,-9.484647631816106,-1.2758163021249649,9.155409981085565,
Winter,0.05,0.96,0.00104,0.00156,0.9,0.8,0.125,66.79031402625152,-66.87573007351642,-8.869465539276263,-1.7895987018303467,-10.74448028837151,
Winter,0.05,0.96,0.00104,0.00156,0.9,0.8,0.16666666666666666,66.79031402625152,-66.87573007351642,-9.484647631816106,-1.9137244531874475,-11.483788132268453,
Winter,0.05,0.96,0.00104,0.00156,0.9,1.2,0.125,66.79031402625152,-49.30567655783136,-8.869465539276263,-1.7895987018303467,6.825573227313551,
Winter,0.05,0.96,0.00104,0.00156,0.9,1.2,0.16666666666666666,66.79031402625152,-49.30567655783136,-9.484647631816106,-1.9137244531874475,6.086265383416607,
Winter,0.05,0.96,0.00104,0.00156,1.1,0.8,0.125,66.79031402625152,-65.30126220541558,-8.869465539276263,-1.7895987018303467,-9.17001242027067,
Winter,0.05,0.96,0.00104,0.00156,1.1,0.8,0.16666666666666666,66.79031402625152,-65.30126220541558,-9.484647631816106,-1.9137244531874475,-9.909320264167613,
Winter,0.05,0.96,0.00104,0.00156,1.1,1.2,0.125,66.79031402625152,-46.874440111224885,-8.869465539276263,-1.7895987018303467,9.256809673920028,
Winter,0.05,0.96,0.00104,0.00156,1.1,1.2,0.16666666666666666,66.79031402625152,-46.874440111224885,-9.484647631816106,-1.9137244531874475,8.517501830023084,
Winter,0.05,0.96,0.00156,0.00104,0.9,0.8,0.125,66.79031402625152,-66.87573007351642,-13.304198308914392,-1.193065801220231,-14.582680157399523,
Winter,0.05,0.96,0.00156,0.00104,0.9,0.8,0.16666666666666666,66.79031402625152,-66.87573007351642,-14.226971447724157,-1.2758163021249649,-15.588203797114023,
Winter,0.05,0.96,0.00156,0.00104,0.9,1.2,0.125,66.79031402625152,-49.30567655783136,-13.304198308914392,-1.193065801220231,2.987373358285537,
Winter,0.05,0.96,0.00156,0.00104,0.9,1.2,0.16666666666666666,66.79031402625152,-49.30567655783136,-14.226971447724157,-1.2758163021249649,1.9818497185710386,
Winter,0.05,0.96,0.00156,0.00104,1.1,0.8,0.125,66.79031402625152,-65.30126220541558,-13.304198308914392,-1.193065801220231,-13.008212289298683,
Winter,0.05,0.96,0.00156,0.00104,1.1,0.8,0.16666666666666666,66.79031402625152,-65.30126220541558,-14.226971447724157,-1.2758163021249649,-14.013735929013183,
Winter,0.05,0.96,0.00156,0.00104,1.1,1.2,0.125,66.79031402625152,-46.874440111224885,-13.304198308914392,-1.193065801220231,5.4186098048920135,
Winter,0.05,0.96,0.00156,0.00104,1.1,1.2,0.16666666666666666,66.79031402625152,-46.874440111224885,-14.226971447724157,-1.2758163021249649,4.413086165177515,
Winter,0.05,0.96,0.00156,0.00156,0.9,0.8,0.125,66.79031402625152,-66.87573007351642,-13.304198308914392,-1.7895987018303467,-15.179213058009639,
Winter,0.05,0.96,0.00156,0.00156,0.9,0.8,0.16666666666666666,66.79031402625152,-66.87573007351642,-14.226971447724157,-1.9137244531874475,-16.226111948176506,
Winter,0.05,0.96,0.00156,0.00156,0.9,1.2,0.125,66.79031402625152,-49.30567655783136,-13.304198308914392,-1.7895987018303467,2.390840457675422,
Winter,0.05,0.96,0.00156,0.00156,0.9,1.2,0.16666666666666666,66.79031402625152,-49.30567655783136,-14.226971447724157,-1.9137244531874475,1.343941567508556,
Winter,0.05,0.96,0.00156,0.00156,1.1,0.8,0.125,66.79031402625152,-65.30126220541558,-13.304198308914392,-1.7895987018303467,-13.6047451899088,
Winter,0.05,0.96,0.00156,0.00156,1.1,0.8,0.16666666666666666,66.79031402625152,-65.30126220541558,-14.226971447724157,-1.9137244531874475,-14.651644080075664,
Winter,0.05,0.96,0.00156,0.00156,1.1,1.2,0.125,66.79031402625152,-46.874440111224885,-13.304198308914392,-1.7895987018303467,4.822076904281898,
Winter,0.05,0.96,0.00156,0.00156,1.1,1.2,0.16666666666666666,66.79031402625152,-46.874440111224885,-14.226971447724157,-1.9137244531874475,3.775178014115032,
Winter,0.05,0.99,0.00104,0.00104,0.9,0.8,0.125,66.79031402625152,-77.50013883993591,-8.869465539276263,-1.193065801220231,-20.772356154180887,
Winter,0.05,0.99,0.00104,0.00104,0.9,0.8,0.16666666666666666,66.79031402625152,-77.50013883993591,-9.484647631816106,-1.2758163021249649,-21.470288747625464,
Winter,0.05,0.99,0.00104,0.00104,0.9,1.2,0.125,66.79031402625152,-59.930085324250854,-8.869465539276263,-1.193065801220231,-3.2023026384958255,
Winter,0.05,0.99,0.00104,0.00104,0.9,1.2,0.16666666666666666,66.79031402625152,-59.930085324250854,-9.484647631816106,-1.2758163021249649,-3.9002352319404023,
Winter,0.05,0.99,0.00104,0.00104,1.1,0.8,0.125,66.79031402625152,-75.92567097183507,-8.869465539276263,-1.193065801220231,-19.197888286080047,
Winter,0.05,0.99,0.00104,0.00104,1.1,0.8,0.16666666666666666,66.79031402625152,-75.92567097183507,-9.484647631816106,-1.2758163021249649,-19.895820879524624,
Winter,0.05,0.99,0.00104,0.00104,1.1,1.2,0.125,66.79031402625152,-57.49884887764438,-8.869465539276263,-1.193065801220231,-0.7710661918893489,
Winter,0.05,0.99,0.00104,0.00104,1.1,1.2,0.16666666666666666,66.79031402625152,-57.49884887764438,-9.484647631816106,-1.2758163021249649,-1.468998785333926,
Winter,0.05,0.99,0.00104,0.00156,0.9,0.8,0.125,66.79031402625152,-77.50013883993591,-8.869465539276263,-1.7895987018303467,-21.368889054791,
Winter,0.05,0.99,0.00104,0.00156,0.9,0.8,0.16666666666666666,66.79031402625152,-77.50013883993591,-9.484647631816106,-1.9137244531874475,-22.108196898687947,
Winter,0.05,0.99,0.00104,0.00156,0.9,1.2,0.125,66.79031402625152,-59.930085324250854,-8.869465539276263,-1.7895987018303467,-3.7988355391059407,
Winter,0.05,0.99,0.00104,0.00156,0.9,1.2,0.16666666666666666,66.79031402625152,-59.930085324250854,-9.484647631816106,-1.9137244531874475,-4.538143383002885,
Winter,0.05,0.99,0.00104,0.00156,1.1,0.8,0.125,66.79031402625152,-75.92567097183507,-8.869465539276263,-1.7895987018303467,-19.794421186690162,
Winter,0.05,0.99,0.00104,0.00156,1.1,0.8,0.16666666666666666,66.79031402625152,-75.92567097183507,-9.484647631816106,-1.9137244531874475,-20.533729030587107,
Winter,0.05,0.99,0.00104,0.00156,1.1,1.2,0.125,66.79031402625152,-57.49884887764438,-8.869465539276263,-1.7895987018303467,-1.3675990924994645,
Winter,0.05,0.99,0.00104,0.00156,1.1,1.2,0.16666666666666666,66.79031402625152,-57.49884887764438,-9.484647631816106,-1.9137244531874475,-2.106906936396409,
Winter,0.05,0.99,0.00156,0.00104,0.9,0.8,0.125,66.79031402625152,-77.50013883993591,-13.304198308914392,-1.193065801220231,-25.20708892381902,
Winter,0.05,0.99,0.00156,0.00104,0.9,0.8,0.16666666666666666,66.79031402625152,-77.50013883993591,-14.226971447724157,-1.2758163021249649,-26.212612563533515,
Winter,0.05,0.99,0.00156,0.00104,0.9,1.2,0.125,66.79031402625152,-59.930085324250854,-13.304198308914392,-1.193065801220231,-7.637035408133955,
Winter,0.05,0.99,0.00156,0.00104,0.9,1.2,0.16666666666666666,66.79031402625152,-59.930085324250854,-14.226971447724157,-1.2758163021249649,-8.642559047848454,
Winter,0.05,0.99,0.00156,0.00104,1.1,0.8,0.125,66.79031402625152,-75.92567097183507,-13.304198308914392,-1.193065801220231,-23.63262105571818,
Winter,0.05,0.99,0.00156,0.00104,1.1,0.8,0.16666666666666666,66.79031402625152,-75.92567097183507,-14.226971447724157,-1.2758163021249649,-24.638144695432675,
Winter,0.05,0.99,0.00156,0.00104,1.1,1.2,0.125,66.79031402625152,-57.49884887764438,-13.304198308914392,-1.193065801220231,-5.205798961527479,
Winter,0.05,0.99,0.00156,0.00104,1.1,1.2,0.16666666666666666,66.79031402625152,-57.49884887764438,-14.226971447724157,-1.2758163021249649,-6.211322601241977,
Winter,0.05,0.99,0.00156,0.00156,0.9,0.8,0.125,66.79031402625152,-77.50013883993591,-13.304198308914392,-1.7895987018303467,-25.803621824429133,
Winter,0.05,0.99,0.00156,0.00156,0.9,0.8,0.16666666666666666,66.79031402625152,-77.50013883993591,-14.226971447724157,-1.9137244531874475,-26.850520714595998,
Winter,0.05,0.99,0.00156,0.00156,0.9,1.2,0.125,66.79031402625152,-59.930085324250854,-13.304198308914392,-1.7895987018303467,-8.23356830874407,
Winter,0.05,0.99,0.00156,0.00156,0.9,1.2,0.16666666666666666,66.79031402625152,-59.930085324250854,-14.226971447724157,-1.9137244531874475,-9.280467198910936,
Winter,0.05,0.99,0.00156,0.00156,1.1,0.8,0.125,66.79031402625152,-75.92567097183507,-13.304198308914392,-1.7895987018303467,-24.229153956328293,
Winter,0.05,0.99,0.00156,0.00156,1.1,0.8,0.16666666666666666,66.79031402625152,-75.92567097183507,-14.226971447724157,-1.9137244531874475,-25.27605284649516,
Winter,0.05,0.99,0.00156,0.00156,1.1,1.2,0.125,66.79031402625152,-57.49884887764438,-13.304198308914392,-1.7895987018303467,-5.802331862137594,
Winter,0.05,0.99,0.00156,0.00156,1.1,1.2,0.16666666666666666,66.79031402625152,-57.49884887764438,-14.226971447724157,-1.9137244531874475,-6.84923075230446,
Winter,0.1,0.96,0.00104,0.00104,0.9,0.8,0.125,63.275034340659346,-66.87573007351642,-8.869465539276263,-1.193065801220231,-13.66322707335357,
Winter,0.1,0.96,0.00104,0.00104,0.9,0.8,0.16666666666666666,63.275034340659346,-66.87573007351642,-9.484647631816106,-1.2758163021249649,-14.361159666798148,
Winter,0.1,0.96,0.00104,0.00104,0.9,1.2,0.125,63.275034340659346,-49.30567655783136,-8.869465539276263,-1.193065801220231,3.9068264423314902,
Winter,0.1,0.96,0.00104,0.00104,0.9,1.2,0.16666666666666666,63.275034340659346,-49.30567655783136,-9.484647631816106,-1.2758163021249649,3.2088938488869134,
Winter,0.1,0.96,0.00104,0.00104,1.1,0.8,0.125,63.275034340659346,-65.30126220541558,-8.869465539276263,-1.193065801220231,-12.08875920525273,
Winter,0.1,0.96,0.00104,0.00104,1.1,0.8,0.16666666666666666,63.275034340659346,-65.30126220541558,-9.484647631816106,-1.2758163021249649,-12.786691798697309,
Winter,0.1,0.96,0.00104,0.00104,1.1,1.2,0.125,63.275034340659346,-46.874440111224885,-8.869465539276263,-1.193065801220231,6.338062888937967,
Winter,0.1,0.96,0.00104,0.00104,1.1,1.2,0.16666666666666666,63.275034340659346,-46.874440111224885,-9.484647631816106,-1.2758163021249649,5.64013029549339,
Winter,0.1,0.96,0.00104,0.00156,0.9,0.8,0.125,63.275034340659346,-66.87573007351642,-8.869465539276263,-1.7895987018303467,-14.259759973963686,
Winter,0.1,0.96,0.00104,0.00156,0.9,0.8,0.16666666666666666,63.275034340659346,-66.87573007351642,-9.484647631816106,-1.9137244531874475,-14.99906781786063,
Winter,0.1,0.96,0.00104,0.00156,0.9,1.2,0.125,63.275034340659346,-49.30567655783136,-8.869465539276263,-1.7895987018303467,3.310293541721375,
Winter,0.1,0.96,0.00104,0.00156,0.9,1.2,0.16666666666666666,63.275034340659346,-49.30567655783136,-9.484647631816106,-1.9137244531874475,2.5709856978244305,
Winter,0.1,0.96,0.00104,0.00156,1.1,0.8,0.125,63.275034340659346,-65.30126220541558,-8.869465539276263,-1.7895987018303467,-12.685292105862846,
Winter,0.1,0.96,0.00104,0.00156,1.1,0.8,0.16666666666666666,63.275034340659346,-65.30126220541558,-9.484647631816106,-1.9137244531874475,-13.42459994975979,
Winter,0.1,0.96,0.00104,0.00156,1.1,1.2,0.125,63.275034340659346,-46.874440111224885,-8.869465539276263,-1.7895987018303467,5.741529988327851,
Winter,0.1,0.96,0.00104,0.00156,1.1,1.2,0.16666666666666666,63.275034340659346,-46.874440111224885,-9.484647631816106,-1.9137244531874475,5.002222144430907,
Winter,0.1,0.96,0.00156,0.00104,0.9,0.8,0.125,63.275034340659346,-66.87573007351642,-13.304198308914392,-1.193065801220231,-18.097959842991703,
Winter,0.1,0.96,0.00156,0.00104,0.9,0.8,0.16666666666666666,63.275034340659346,-66.87573007351642,-14.226971447724157,-1.2758163021249649,-19.1034834827062,
Winter,0.1,0.96,0.00156,0.00104,0.9,1.2,0.125,63.275034340659346,-49.30567655783136,-13.304198308914392,-1.193065801220231,-0.5279063273066391,
Winter,0.1,0.96,0.00156,0.00104,0.9,1.2,0.16666666666666666,63.275034340659346,-49.30567655783136,-14.226971447724157,-1.2758163021249649,-1.5334299670211378,
Winter,0.1,0.96,0.00156,0.00104,1.1,0.8,0.125,63.275034340659346,-65.30126220541558,-13.304198308914392,-1.193065801220231,-16.52349197489086,
Winter,0.1,0.96,0.00156,0.00104,1.1,0.8,0.16666666666666666,63.275034340659346,-65.30126220541558,-14.226971447724157,-1.2758163021249649,-17.52901561460536,
Winter,0.1,0.96,0.00156,0.00104,1.1,1.2,0.125,63.275034340659346,-46.874440111224885,-13.304198308914392,-1.193065801220231,1.9033301192998373,
Winter,0.1,0.96,0.00156,0.00104,1.1,1.2,0.16666666666666666,63.275034340659346,-46.874440111224885,-14.226971447724157,-1.2758163021249649,0.8978064795853387,
Winter,0.1,0.96,0.00156,0.00156,0.9,0.8,0.125,63.275034340659346,-66.87573007351642,-13.304198308914392,-1.7895987018303467,-18.694492743601817,
Winter,0.1,0.96,0.00156,0.00156,0.9,0.8,0.16666666666666666,63.275034340659346,-66.87573007351642,-14.226971447724157,-1.9137244531874475,-19.741391633768682,
Winter,0.1,0.96,0.00156,0.00156,0.9,1.2,0.125,63.275034340659346,-49.30567655783136,-13.304198308914392,-1.7895987018303467,-1.1244392279167548,
Winter,0.1,0.96,0.00156,0.00156,0.9,1.2,0.16666666666666666,63.275034340659346,-49.30567655783136,-14.226971447724157,-1.9137244531874475,-2.1713381180836206,
Winter,0.1,0.96,0.00156,0.00156,1.1,0.8,0.125,63.275034340659346,-65.30126220541558,-13.304198308914392,-1.7895987018303467,-17.120024875500977,
Winter,0.1,0.96,0.00156,0.00156,1.1,0.8,0.16666666666666666,63.275034340659346,-65.30126220541558,-14.226971447724157,-1.9137244531874475,-18.166923765667843,
Winter,0.1,0.96,0.00156,0.00156,1.1,1.2,0.125,63.275034340659346,-46.874440111224885,-13.304198308914392,-1.7895987018303467,1.3067972186897217,
Winter,0.1,0.96,0.00156,0.00156,1.1,1.2,0.16666666666666666,63.275034340659346,-46.874440111224885,-14.226971447724157,-1.9137244531874475,0.259898328522856,
Winter,0.1,0.99,0.00104,0.00104,0.9,0.8,0.125,63.275034340659346,-77.50013883993591,-8.869465539276263,-1.193065801220231,-24.287635839773063,
Winter,0.1,0.99,0.00104,0.00104,0.9,0.8,0.16666666666666666,63.275034340659346,-77.50013883993591,-9.484647631816106,-1.2758163021249649,-24.98556843321764,
Winter,0.1,0.99,0.00104,0.00104,0.9,1.2,0.125,63.275034340659346,-59.930085324250854,-8.869465539276263,-1.193065801220231,-6.717582324088002,
Winter,0.1,0.99,0.00104,0.00104,0.9,1.2,0.16666666666666666,63.275034340659346,-59.930085324250854,-9.484647631816106,-1.2758163021249649,-7.415514917532579,
Winter,0.1,0.99,0.00104,0.00104,1.1,0.8,0.125,63.275034340659346,-75.92567097183507,-8.869465539276263,-1.193065801220231,-22.713167971672224,
Winter,0.1,0.99,0.00104,0.00104,1.1,0.8,0.16666666666666666,63.275034340659346,-75.92567097183507,-9.484647631816106,-1.2758163021249649,-23.4111005651168,
Winter,0.1,0.99,0.00104,0.00104,1.1,1.2,0.125,63.275034340659346,-57.49884887764438,-8.869465539276263,-1.193065801220231,-4.2863458774815255,
Winter,0.1,0.99,0.00104,0.00104,1.1,1.2,0.16666666666666666,63.275034340659346,-57.49884887764438,-9.484647631816106,-1.2758163021249649,-4.984278470926102,
Winter,0.1,0.99,0.00104,0.00156,0.9,0.8,0.125,63.275034340659346,-77.50013883993591,-8.869465539276263,-1.7895987018303467,-24.884168740383178,
Winter,0.1,0.99,0.00104,0.00156,0.9,0.8,0.16666666666666666,63.275034340659346,-77.50013883993591,-9.484647631816106,-1.9137244531874475,-25.623476584280123,
Winter,0.1,0.99,0.00104,0.00156,0.9,1.2,0.125,63.275034340659346,-59.930085324250854,-8.869465539276263,-1.7895987018303467,-7.314115224698117,
Winter,0.1,0.99,0.00104,0.00156,0.9,1.2,0.16666666666666666,63.275034340659346,-59.930085324250854,-9.484647631816106,-1.9137244531874475,-8.05342306859506,
Winter,0.1,0.99,0.00104,0.00156,1.1,0.8,0.125,63.275034340659346,-75.92567097183507,-8.869465539276263,-1.7895987018303467,-23.30970087228234,
Winter,0.1,0.99,0.00104,0.00156,1.1,0.8,0.16666666666666666,63.275034340659346,-75.92567097183507,-9.484647631816106,-1.9137244531874475,-24.049008716179284,
Winter,0.1,0.99,0.00104,0.00156,1.1,1.2,0.125,63.275034340659346,-57.49884887764438,-8.869465539276263,-1.7895987018303467,-4.882878778091641,
Winter,0.1,0.99,0.00104,0.00156,1.1,1.2,0.16666666666666666,63.275034340659346,-57.49884887764438,-9.484647631816106,-1.9137244531874475,-5.622186621988585,
Winter,0.1,0.99,0.00156,0.00104,0.9,0.8,0.125,63.275034340659346,-77.50013883993591,-13.304198308914392,-1.193065801220231,-28.722368609411195,
Winter,0.1,0.99,0.00156,0.00104,0.9,0.8,0.16666666666666666,63.275034340659346,-77.50013883993591,-14.226971447724157,-1.2758163021249649,-29.72789224912569,
Winter,0.1,0.99,0.00156,0.00104,0.9,1.2,0.125,63.275034340659346,-59.930085324250854,-13.304198308914392,-1.193065801220231,-11.15231509372613,
Winter,0.1,0.99,0.00156,0.00104,0.9,1.2,0.16666666666666666,63.275034340659346,-59.930085324250854,-14.226971447724157,-1.2758163021249649,-12.15783873344063,
Winter,0.1,0.99,0.00156,0.00104,1.1,0.8,0.125,63.275034340659346,-75.92567097183507,-13.304198308914392,-1.193065801220231,-27.147900741310355,
Winter,0.1,0.99,0.00156,0.00104,1.1,0.8,0.16666666666666666,63.275034340659346,-75.92567097183507,-14.226971447724157,-1.2758163021249649,-28.153424381024852,
Winter,0.1,0.99,0.00156,0.00104,1.1,1.2,0.125,63.275034340659346,-57.49884887764438,-13.304198308914392,-1.193065801220231,-8.721078647119654,
Winter,0.1,0.99,0.00156,0.00104,1.1,1.2,0.16666666666666666,63.275034340659346,-57.49884887764438,-14.226971447724157,-1.2758163021249649,-9.726602286834154,
Winter,0.1,0.99,0.00156,0.00156,0.9,0.8,0.125,63.275034340659346,-77.50013883993591,-13.304198308914392,-1.7895987018303467,-29.31890151002131,
Winter,0.1,0.99,0.00156,0.00156,0.9,0.8,0.16666666666666666,63.275034340659346,-77.50013883993591,-14.226971447724157,-1.9137244531874475,-30.365800400188174,
Winter,0.1,0.99,0.00156,0.00156,0.9,1.2,0.125,63.275034340659346,-59.930085324250854,-13.304198308914392,-1.7895987018303467,-11.748847994336247,
Winter,0.1,0.99,0.00156,0.00156,0.9,1.2,0.16666666666666666,63.275034340659346,-59.930085324250854,-14.226971447724157,-1.9137244531874475,-12.795746884503112,
Winter,0.1,0.99,0.00156,0.00156,1.1,0.8,0.125,63.275034340659346,-75.92567097183507,-13.304198308914392,-1.7895987018303467,-27.74443364192047,
Winter,0.1,0.99,0.00156,0.00156,1.1,0.8,0.16666666666666666,63.275034340659346,-75.92567097183507,-14.226971447724157,-1.9137244531874475,-28.791332532087335,
Winter,0.1,0.99,0.00156,0.00156,1.1,1.2,0.125,63.275034340659346,-57.49884887764438,-13.304198308914392,-1.7895987018303467,-9.31761154772977,
Winter,0.1,0.99,0.00156,0.00156,1.1,1.2,0.16666666666666666,63.275034340659346,-57.49884887764438,-14.226971447724157,-1.9137244531874475,-10.364510437896636,
AnnualContinuous,0.05,0.96,0.00104,0.00104,0.9,0.8,0.125,118.40908297440373,-39.543331861403885,-23.884761385104788,-0.6773083330960107,54.30368139479905,54.45400749226475
AnnualContinuous,0.05,0.96,0.00104,0.00104,0.9,0.8,0.16666666666666666,118.40908297440373,-39.543331861403885,-25.541397562745612,-0.7242861307776821,52.600067419476545,52.750393516942246
AnnualContinuous,0.05,0.96,0.00104,0.00104,0.9,1.2,0.125,118.40908297440373,-23.345425652522238,-23.884761385104788,-0.6773083330960107,70.5015876036807,70.65191370114641
AnnualContinuous,0.05,0.96,0.00104,0.00104,0.9,1.2,0.16666666666666666,118.40908297440373,-23.345425652522238,-25.541397562745612,-0.7242861307776821,68.79797362835819,68.9482997258239
AnnualContinuous,0.05,0.96,0.00104,0.00104,1.1,0.8,0.125,118.40908297440373,-37.10793476837665,-23.884761385104788,-0.6773083330960107,56.73907848782628,56.889404585291985
AnnualContinuous,0.05,0.96,0.00104,0.00104,1.1,0.8,0.16666666666666666,118.40908297440373,-37.10793476837665,-25.541397562745612,-0.7242861307776821,55.03546451250378,55.18579060996948
AnnualContinuous,0.05,0.96,0.00104,0.00104,1.1,1.2,0.125,118.40908297440373,-19.96333268741131,-23.884761385104788,-0.6773083330960107,73.88368056879163,74.03400666625734
AnnualContinuous,0.05,0.96,0.00104,0.00104,1.1,1.2,0.16666666666666666,118.40908297440373,-19.96333268741131,-25.541397562745612,-0.7242861307776821,72.18006659346912,72.33039269093483
AnnualContinuous,0.05,0.96,0.00104,0.00156,0.9,0.8,0.125,118.40908297440373,-39.543331861403885,-23.884761385104788,-1.015962499644016,53.96502722825104,54.11535332571674
AnnualContinuous,0.05,0.96,0.00104,0.00156,0.9,0.8,0.16666666666666666,118.40908297440373,-39.543331861403885,-25.541397562745612,-1.0864291961665231,52.23792435408771,52.38825045155341
AnnualContinuous,0.05,0.96,0.00104,0.00156,0.9,1.2,0.125,118.40908297440373,-23.345425652522238,-23.884761385104788,-1.015962499644016,70.1629334371327,70.3132595345984
AnnualContinuous,0.05,0.96,0.00104,0.00156,0.9,1.2,0.16666666666666666,118.40908297440373,-23.345425652522238,-25.541397562745612,-1.0864291961665231,68.43583056296936,68.58615666043507
AnnualContinuous,0.05,0.96,0.00104,0.00156,1.1,0.8,0.125,118.40908297440373,-37.10793476837665,-23.884761385104788,-1.015962499644016,56.40042432127827,56.550750418743974
AnnualContinuous,0.05,0.96,0.00104,0.00156,1.1,0.8,0.16666666666666666,118.40908297440373,-37.10793476837665,-25.541397562745612,-1.0864291961665231,54.673321447114944,54.823647544580645
AnnualContinuous,0.05,0.96,0.00104,0.00156,1.1,1.2,0.125,118.40908297440373,-19.96333268741131,-23.884761385104788,-1.015962499644016,73.54502640224362,73.69535249970933
AnnualContinuous,0.05,0.96,0.00104,0.00156,1.1,1.2,0.16666666666666666,118.40908297440373,-19.96333268741131,-25.541397562745612,-1.0864291961665231,71.81792352808029,71.968249625546
AnnualContinuous,0.05,0.96,0.00156,0.00104,0.9,0.8,0.125,118.40908297440373,-39.543331861403885,-35.827142077657186,-0.6773083330960107,42.36130070224665,42.51162679971235
AnnualContinuous,0.05,0.96,0.00156,0.00104,0.9,0.8,0.16666666666666666,118.40908297440373,-39.543331861403885,-38.312096344118416,-0.7242861307776821,39.829368638103745,39.979694735569446
AnnualContinuous,0.05,0.96,0.00156,0.00104,0.9,1.2,0.125,118.40908297440373,-23.345425652522238,-35.827142077657186,-0.6773083330960107,58.5592069111283,58.709533008594
AnnualContinuous,0.05,0.96,0.00156,0.00104,0.9,1.2,0.16666666666666666,118.40908297440373,-23.345425652522238,-38.312096344118416,-0.7242861307776821,56.02727484698539,56.17760094445109
AnnualContinuous,0.05,0.96,0.00156,0.00104,1.1,0.8,0.125,118.40908297440373,-37.10793476837665,-35.827142077657186,-0.6773083330960107,44.796697795273886,44.94702389273959
AnnualContinuous,0.05,0.96,0.00156,0.00104,1.1,0.8,0.16666666666666666,118.40908297440373,-37.10793476837665,-38.312096344118416,-0.7242861307776821,42.26476573113098,42.41509182859668
AnnualContinuous,0.05,0.96,0.00156,0.00104,1.1,1.2,0.125,118.40908297440373,-19.96333268741131,-35.827142077657186,-0.6773083330960107,61.94129987623923,62.09162597370493
AnnualContinuous,0.05,0.96,0.00156,0.00104,1.1,1.2,0.16666666666666666,118.40908297440373,-19.96333268741131,-38.312096344118416,-0.7242861307776821,59.40936781209632,59.55969390956202
AnnualContinuous,0.05,0.96,0.00156,0.00156,0.9,0.8,0.125,118.40908297440373,-39.543331861403885,-35.827142077657186,-1.015962499644016,42.02264653569864,42.17297263316434
AnnualContinuous,0.05,0.96,0.00156,0.00156,0.9,0.8,0.16666666666666666,118.40908297440373,-39.543331861403885,-38.312096344118416,-1.0864291961665231,39.46722557271491,39.61755167018061
AnnualContinuous,0.05,0.96,0.00156,0.00156,0.9,1.2,0.125,118.40908297440373,-23.345425652522238,-35.827142077657186,-1.015962499644016,58.22055274458029,58.37087884204599
AnnualContinuous,0.05,0.96,0.00156,0.00156,0.9,1.2,0.16666666666666666,118.40908297440373,-23.345425652522238,-38.312096344118416,-1.0864291961665231,55.66513178159656,55.81545787906226
AnnualContinuous,0.05,0.96,0.00156,0.00156,1.1,0.8,0.125,118.40908297440373,-37.10793476837665,-35.827142077657186,-1.015962499644016,44.458043628725875,44.608369726191576
AnnualContinuous,0.05,0.96,0.00156,0.00156,1.1,0.8,0.16666666666666666,118.40908297440373,-37.10793476837665,-38.312096344118416,-1.0864291961665231,41.90262266574214,42.052948763207844
AnnualContinuous,0.05,0.96,0.00156,0.00156,1.1,1.2,0.125,118.40908297440373,-19.96333268741131,-35.827142077657186,-1.015962499644016,61.60264570969122,61.75297180715692
AnnualContinuous,0.05,0.96,0.00156,0.00156,1.1,1.2,0.16666666666666666,118.40908297440373,-19.96333268741131,-38.312096344118416,-1.0864291961665231,59.047224746707485,59.197550844173186
AnnualContinuous,0.05,0.99,0.00104,0.00104,0.9,0.8,0.125,118.40908297440373,-52.34490249855685,-23.884761385104788,-0.6773083330960107,41.502110757646086,41.65243685511179
AnnualContinuous,0.05,0.99,0.00104,0.00104,0.9,0.8,0.16666666666666666,118.40908297440373,-52.34490249855685,-25.541397562745612,-0.7242861307776821,39.79849678232358,39.94882287978928
AnnualContinuous,0.05,0.99,0.00104,0.00104,0.9,1.2,0.125,118.40908297440373,-36.1469962896752,-23.884761385104788,-0.6773083330960107,57.700016966527734,57.850343063993435
AnnualContinuous,0.05,0.99,0.00104,0.00104,0.9,1.2,0.16666666666666666,118.40908297440373,-36.1469962896752,-25.541397562745612,-0.7242861307776821,55.99640299120523,56.14672908867093
AnnualContinuous,0.05,0.99,0.00104,0.00104,1.1,0.8,0.125,118.40908297440373,-49.909505405529615,-23.884761385104788,-0.6773083330960107,43.93750785067332,44.08783394813902
AnnualContinuous,0.05,0.99,0.00104,0.00104,1.1,0.8,0.16666666666666666,118.40908297440373,-49.909505405529615,-25.541397562745612,-0.7242861307776821,42.233893875350816,42.38421997281652
AnnualContinuous,0.05,0.99,0.00104,0.00104,1.1,1.2,0.125,118.40908297440373,-32.76490332456427,-23.884761385104788,-0.6773083330960107,61.08210993163866,61.23243602910436
AnnualContinuous,0.05,0.99,0.00104,0.00104,1.1,1.2,0.16666666666666666,118.40908297440373,-32.76490332456427,-25.541397562745612,-0.7242861307776821,59.37849595631616,59.52882205378186
AnnualContinuous,0.05,0.99,0.00104,0.00156,0.9,0.8,0.125,118.40908297440373,-52.34490249855685,-23.884761385104788,-1.015962499644016,41.163456591098075,41.313782688563776
AnnualContinuous,0.05,0.99,0.00104,0.00156,0.9,0.8,0.16666666666666666,118.40908297440373,-52.34490249855685,-25.541397562745612,-1.0864291961665231,39.43635371693475,39.58667981440045
AnnualContinuous,0.05,0.99,0.00104,0.00156,0.9,1.2,0.125,118.40908297440373,-36.1469962896752,-23.884761385104788,-1.015962499644016,57.36136279997972,57.511688897445424
AnnualContinuous,0.05,0.99,0.00104,0.00156,0.9,1.2,0.16666666666666666,118.40908297440373,-36.1469962896752,-25.541397562745612,-1.0864291961665231,55.634259925816394,55.784586023282095
AnnualContinuous,0.05,0.99,0.00104,0.00156,1.1,0.8,0.125,118.40908297440373,-49.909505405529615,-23.884761385104788,-1.015962499644016,43.59885368412531,43.74917978159101
AnnualContinuous,0.05,0.99,0.00104,0.00156,1.1,0.8,0.16666666666666666,118.40908297440373,-49.909505405529615,-25.541397562745612,-1.0864291961665231,41.87175080996198,42.02207690742768
AnnualContinuous,0.05,0.99,0.00104,0.00156,1.1,1.2,0.125,118.40908297440373,-32.76490332456427,-23.884761385104788,-1.015962499644016,60.74345576509065,60.89378186255635
AnnualContinuous,0.05,0.99,0.00104,0.00156,1.1,1.2,0.16666666666666666,118.40908297440373,-32.76490332456427,-25.541397562745612,-1.0864291961665231,59.01635289092732,59.16667898839302
AnnualContinuous,0.05,0.99,0.00156,0.00104,0.9,0.8,0.125,118.40908297440373,-52.34490249855685,-35.827142077657186,-0.6773083330960107,29.559730065093685,29.710056162559386
AnnualContinuous,0.05,0.99,0.00156,0.00104,0.9,0.8,0.16666666666666666,118.40908297440373,-52.34490249855685,-38.312096344118416,-0.7242861307776821,27.027798000950785,27.178124098416486
AnnualContinuous,0.05,0.99,0.00156,0.00104,0.9,1.2,0.125,118.40908297440373,-36.1469962896752,-35.827142077657186,-0.6773083330960107,45.757636273975336,45.90796237144104
AnnualContinuous,0.05,0.99,0.00156,0.00104,0.9,1.2,0.16666666666666666,118.40908297440373,-36.1469962896752,-38.312096344118416,-0.7242861307776821,43.22570420983243,43.37603030729813
AnnualContinuous,0.05,0.99,0.00156,0.00104,1.1,0.8,0.125,118.40908297440373,-49.909505405529615,-35.827142077657186,-0.6773083330960107,31.99512715812092,32.145453255586624
AnnualContinuous,0.05,0.99,0.00156,0.00104,1.1,0.8,0.16666666666666666,118.40908297440373,-49.909505405529615,-38.312096344118416,-0.7242861307776821,29.46319509397802,29.61352119144372
AnnualContinuous,0.05,0.99,0.00156,0.00104,1.1,1.2,0.125,118.40908297440373,-32.76490332456427,-35.827142077657186,-0.6773083330960107,49.139729239086265,49.290055336551966
AnnualContinuous,0.05,0.99,0.00156,0.00104,1.1,1.2,0.16666666666666666,118.40908297440373,-32.76490332456427,-38.312096344118416,-0.7242861307776821,46.60779717494336,46.75812327240906
AnnualContinuous,0.05,0.99,0.00156,0.00156,0.9,0.8,0.125,118.40908297440373,-52.34490249855685,-35.827142077657186,-1.015962499644016,29.22107589854568,29.371401996011382
AnnualContinuous,0.05,0.99,0.00156,0.00156,0.9,0.8,0.16666666666666666,118.40908297440373,-52.34490249855685,-38.312096344118416,-1.0864291961665231,26.665654935561943,26.815981033027644
AnnualContinuous,0.05,0.99,0.00156,0.00156,0.9,1.2,0.125,118.40908297440373,-36.1469962896752,-35.827142077657186,-1.015962499644016,45.418982107427325,45.56930820489303
AnnualContinuous,0.05,0.99,0.00156,0.00156,0.9,1.2,0.16666666666666666,118.40908297440373,-36.1469962896752,-38.312096344118416,-1.0864291961665231,42.863561144443594,43.013887241909295
AnnualContinuous,0.05,0.99,0.00156,0.00156,1.1,0.8,0.125,118.40908297440373,-49.909505405529615,-35.827142077657186,-1.015962499644016,31.656472991572915,31.806799089038616
AnnualContinuous,0.05,0.99,0.00156,0.00156,1.1,0.8,0.16666666666666666,118.40908297440373,-49.909505405529615,-38.312096344118416,-1.0864291961665231,29.101052028589177,29.251378126054878
AnnualContinuous,0.05,0.99,0.00156,0.00156,1.1,1.2,0.125,118.40908297440373,-32.76490332456427,-35.827142077657186,-1.015962499644016,48.801075072538254,48.951401170003955
AnnualContinuous,0.05,0.99,0.00156,0.00156,1.1,1.2,0.16666666666666666,118.40908297440373,-32.76490332456427,-38.312096344118416,-1.0864291961665231,46.24565410955452,46.39598020702022
AnnualContinuous,0.1,0.96,0.00104,0.00104,0.9,0.8,0.125,112.17702597575091,-39.543331861403885,-23.884761385104788,-0.6773083330960107,48.07162439614623,48.22195049361193
AnnualContinuous,0.1,0.96,0.00104,0.00104,0.9,0.8,0.16666666666666666,112.17702597575091,-39.543331861403885,-25.541397562745612,-0.7242861307776821,46.36801042082372,46.51833651828942
AnnualContinuous,0.1,0.96,0.00104,0.00104,0.9,1.2,0.125,112.17702597575091,-23.345425652522238,-23.884761385104788,-0.6773083330960107,64.26953060502787,64.41985670249358
AnnualContinuous,0.1,0.96,0.00104,0.00104,0.9,1.2,0.16666666666666666,112.17702597575091,-23.345425652522238,-25.541397562745612,-0.7242861307776821,62.56591662970537,62.71624272717107
AnnualContinuous,0.1,0.96,0.00104,0.00104,1.1,0.8,0.125,112.17702597575091,-37.10793476837665,-23.884761385104788,-0.6773083330960107,50.50702148917346,50.65734758663916
AnnualContinuous,0.1,0.96,0.00104,0.00104,1.1,0.8,0.16666666666666666,112.17702597575091,-37.10793476837665,-25.541397562745612,-0.7242861307776821,48.803407513850956,48.95373361131666
AnnualContinuous,0.1,0.96,0.00104,0.00104,1.1,1.2,0.125,112.17702597575091,-19.96333268741131,-23.884761385104788,-0.6773083330960107,67.6516235701388,67.8019496676045
AnnualContinuous,0.1,0.96,0.00104,0.00104,1.1,1.2,0.16666666666666666,112.17702597575091,-19.96333268741131,-25.541397562745612,-0.7242861307776821,65.9480095948163,66.098335692282
AnnualContinuous,0.1,0.96,0.00104,0.00156,0.9,0.8,0.125,112.17702597575091,-39.543331861403885,-23.884761385104788,-1.015962499644016,47.732970229598216,47.88329632706392
AnnualContinuous,0.1,0.96,0.00104,0.00156,0.9,0.8,0.16666666666666666,112.17702597575091,-39.543331861403885,-25.541397562745612,-1.0864291961665231,46.00586735543489,46.15619345290059
AnnualContinuous,0.1,0.96,0.00104,0.00156,0.9,1.2,0.125,112.17702597575091,-23.345425652522238,-23.884761385104788,-1.015962499644016,63.93087643847986,64.08120253594556
AnnualContinuous,0.1,0.96,0.00104,0.00156,0.9,1.2,0.16666666666666666,112.17702597575091,-23.345425652522238,-25.541397562745612,-1.0864291961665231,62.203773564316535,62.354099661782236
AnnualContinuous,0.1,0.96,0.00104,0.00156,1.1,0.8,0.125,112.17702597575091,-37.10793476837665,-23.884761385104788,-1.015962499644016,50.16836732262545,50.31869342009115
AnnualContinuous,0.1,0.96,0.00104,0.00156,1.1,0.8,0.16666666666666666,112.17702597575091,-37.10793476837665,-25.541397562745612,-1.0864291961665231,48.44126444846212,48.59159054592782
AnnualContinuous,0.1,0.96,0.00104,0.00156,1.1,1.2,0.125,112.17702597575091,-19.96333268741131,-23.884761385104788,-1.015962499644016,67.31296940359078,67.46329550105649
AnnualContinuous,0.1,0.96,0.00104,0.00156,1.1,1.2,0.16666666666666666,112.17702597575091,-19.96333268741131,-25.541397562745612,-1.0864291961665231,65.58586652942746,65.73619262689317
AnnualContinuous,0.1,0.96,0.00156,0.00104,0.9,0.8,0.125,112.17702597575091,-39.543331861403885,-35.827142077657186,-0.6773083330960107,36.12924370359383,36.27956980105953
AnnualContinuous,0.1,0.96,0.00156,0.00104,0.9,0.8,0.16666666666666666,112.17702597575091,-39.543331861403885,-38.312096344118416,-0.7242861307776821,33.59731163945092,33.74763773691662
AnnualContinuous,0.1,0.96,0.00156,0.00104,0.9,1.2,0.125,112.17702597575091,-23.345425652522238,-35.827142077657186,-0.6773083330960107,52.32714991247548,52.47747600994118
AnnualContinuous,0.1,0.96,0.00156,0.00104,0.9,1.2,0.16666666666666666,112.17702597575091,-23.345425652522238,-38.312096344118416,-0.7242861307776821,49.79521784833257,49.94554394579827
AnnualContinuous,0.1,0.96,0.00156,0.00104,1.1,0.8,0.125,112.17702597575091,-37.10793476837665,-35.827142077657186,-0.6773083330960107,38.56464079662106,38.714966894086764
AnnualContinuous,0.1,0.96,0.00156,0.00104,1.1,0.8,0.16666666666666666,112.17702597575091,-37.10793476837665,-38.312096344118416,-0.7242861307776821,36.032708732478156,36.18303482994386
AnnualContinuous,0.1,0.96,0.00156,0.00104,1.1,1.2,0.125,112.17702597575091,-19.96333268741131,-35.827142077657186,-0.6773083330960107,55.709242877586405,55.859568975052106
AnnualContinuous,0.1,0.96,0.00156,0.00104,1.1,1.2,0.16666666666666666,112.17702597575091,-19.96333268741131,-38.312096344118416,-0.7242861307776821,53.1773108134435,53.3276369109092
AnnualContinuous,0.1,0.96,0.00156,0.00156,0.9,0.8,0.125,112.17702597575091,-39.543331861403885,-35.827142077657186,-1.015962499644016,35.79058953704582,35.94091563451152
AnnualContinuous,0.1,0.96,0.00156,0.00156,0.9,0.8,0.16666666666666666,112.17702597575091,-39.543331861403885,-38.312096344118416,-1.0864291961665231,33.23516857406209,33.38549467152779
AnnualContinuous,0.1,0.96,0.00156,0.00156,0.9,1.2,0.125,112.17702597575091,-23.345425652522238,-35.827142077657186,-1.015962499644016,51.988495745927466,52.13882184339317
AnnualContinuous,0.1,0.96,0.00156,0.00156,0.9,1.2,0.16666666666666666,112.17702597575091,-23.345425652522238,-38.312096344118416,-1.0864291961665231,49.433074782943734,49.583400880409435
AnnualContinuous,0.1,0.96,0.00156,0.00156,1.1,0.8,0.125,112.17702597575091,-37.10793476837665,-35.827142077657186,-1.015962499644016,38.22598663007305,38.37631272753875
AnnualContinuous,0.1,0.96,0.00156,0.00156,1.1,0.8,0.16666666666666666,112.17702597575091,-37.10793476837665,-38.312096344118416,-1.0864291961665231,35.67056566708932,35.82089176455502
AnnualContinuous,0.1,0.96,0.00156,0.00156,1.1,1.2,0.125,112.17702597575091,-19.96333268741131,-35.827142077657186,-1.015962499644016,55.370588711038394,55.520914808504095
AnnualContinuous,0.1,0.96,0.00156,0.00156,1.1,1.2,0.16666666666666666,112.17702597575091,-19.96333268741131,-38.312096344118416,-1.0864291961665231,52.81516774805466,52.96549384552036
AnnualContinuous,0.1,0.99,0.00104,0.00104,0.9,0.8,0.125,112.17702597575091,-52.34490249855685,-23.884761385104788,-0.6773083330960107,35.270053758993264,35.420379856458965
AnnualContinuous,0.1,0.99,0.00104,0.00104,0.9,0.8,0.16666666666666666,112.17702597575091,-52.34490249855685,-25.541397562745612,-0.7242861307776821,33.56643978367076,33.71676588113646
AnnualContinuous,0.1,0.99,0.00104,0.00104,0.9,1.2,0.125,112.17702597575091,-36.1469962896752,-23.884761385104788,-0.6773083330960107,51.46795996787491,51.61828606534061
AnnualContinuous,0.1,0.99,0.00104,0.00104,0.9,1.2,0.16666666666666666,112.17702597575091,-36.1469962896752,-25.541397562745612,-0.7242861307776821,49.76434599255241,49.91467209001811
AnnualContinuous,0.1,0.99,0.00104,0.00104,1.1,0.8,0.125,112.17702597575091,-49.909505405529615,-23.884761385104788,-0.6773083330960107,37.7054508520205,37.8557769494862
AnnualContinuous,0.1,0.99,0.00104,0.00104,1.1,0.8,0.16666666666666666,112.17702597575091,-49.909505405529615,-25.541397562745612,-0.7242861307776821,36.00183687669799,36.152162974163694
AnnualContinuous,0.1,0.99,0.00104,0.00104,1.1,1.2,0.125,112.17702597575091,-32.76490332456427,-23.884761385104788,-0.6773083330960107,54.85005293298584,55.00037903045154
AnnualContinuous,0.1,0.99,0.00104,0.00104,1.1,1.2,0.16666666666666666,112.17702597575091,-32.76490332456427,-25.541397562745612,-0.7242861307776821,53.146438957663335,53.296765055129036
AnnualContinuous,0.1,0.99,0.00104,0.00156,0.9,0.8,0.125,112.17702597575091,-52.34490249855685,-23.884761385104788,-1.015962499644016,34.93139959244525,35.081725689910954
AnnualContinuous,0.1,0.99,0.00104,0.00156,0.9,0.8,0.16666666666666666,112.17702597575091,-52.34490249855685,-25.541397562745612,-1.0864291961665231,33.204296718281924,33.354622815747625
AnnualContinuous,0.1,0.99,0.00104,0.00156,0.9,1.2,0.125,112.17702597575091,-36.1469962896752,-23.884761385104788,-1.015962499644016,51.1293058013269,51.2796318987926
AnnualContinuous,0.1,0.99,0.00104,0.00156,0.9,1.2,0.16666666666666666,112.17702597575091,-36.1469962896752,-25.541397562745612,-1.0864291961665231,49.40220292716357,49.55252902462927
AnnualContinuous,0.1,0.99,0.00104,0.00156,1.1,0.8,0.125,112.17702597575091,-49.909505405529615,-23.884761385104788,-1.015962499644016,37.36679668547249,37.51712278293819
AnnualContinuous,0.1,0.99,0.00104,0.00156,1.1,0.8,0.16666666666666666,112.17702597575091,-49.909505405529615,-25.541397562745612,-1.0864291961665231,35.63969381130916,35.79001990877486
AnnualContinuous,0.1,0.99,0.00104,0.00156,1.1,1.2,0.125,112.17702597575091,-32.76490332456427,-23.884761385104788,-1.015962499644016,54.51139876643783,54.66172486390353
AnnualContinuous,0.1,0.99,0.00104,0.00156,1.1,1.2,0.16666666666666666,112.17702597575091,-32.76490332456427,-25.541397562745612,-1.0864291961665231,52.7842958922745,52.9346219897402
AnnualContinuous,0.1,0.99,0.00156,0.00104,0.9,0.8,0.125,112.17702597575091,-52.34490249855685,-35.827142077657186,-0.6773083330960107,23.327673066440862,23.477999163906563
AnnualContinuous,0.1,0.99,0.00156,0.00104,0.9,0.8,0.16666666666666666,112.17702597575091,-52.34490249855685,-38.312096344118416,-0.7242861307776821,20.795741002297962,20.946067099763663
AnnualContinuous,0.1,0.99,0.00156,0.00104,0.9,1.2,0.125,112.17702597575091,-36.1469962896752,-35.827142077657186,-0.6773083330960107,39.525579275322514,39.675905372788215
AnnualContinuous,0.1,0.99,0.00156,0.00104,0.9,1.2,0.16666666666666666,112.17702597575091,-36.1469962896752,-38.312096344118416,-0.7242861307776821,36.993647211179606,37.14397330864531
AnnualContinuous,0.1,0.99,0.00156,0.00104,1.1,0.8,0.125,112.17702597575091,-49.909505405529615,-35.827142077657186,-0.6773083330960107,25.763070159468096,25.913396256933797
AnnualContinuous,0.1,0.99,0.00156,0.00104,1.1,0.8,0.16666666666666666,112.17702597575091,-49.909505405529615,-38.312096344118416,-0.7242861307776821,23.231138095325196,23.381464192790897
AnnualContinuous,0.1,0.99,0.00156,0.00104,1.1,1.2,0.125,112.17702597575091,-32.76490332456427,-35.827142077657186,-0.6773083330960107,42.90767224043344,43.05799833789914
AnnualContinuous,0.1,0.99,0.00156,0.00104,1.1,1.2,0.16666666666666666,112.17702597575091,-32.76490332456427,-38.312096344118416,-0.7242861307776821,40.375740176290535,40.526066273756236
AnnualContinuous,0.1,0.99,0.00156,0.00156,0.9,0.8,0.125,112.17702597575091,-52.34490249855685,-35.827142077657186,-1.015962499644016,22.98901889989286,23.13934499735856
AnnualContinuous,0.1,0.99,0.00156,0.00156,0.9,0.8,0.16666666666666666,112.17702597575091,-52.34490249855685,-38.312096344118416,-1.0864291961665231,20.43359793690912,20.58392403437482
AnnualContinuous,0.1,0.99,0.00156,0.00156,0.9,1.2,0.125,112.17702597575091,-36.1469962896752,-35.827142077657186,-1.015962499644016,39.1869251087745,39.337251206240204
AnnualContinuous,0.1,0.99,0.00156,0.00156,0.9,1.2,0.16666666666666666,112.17702597575091,-36.1469962896752,-38.312096344118416,-1.0864291961665231,36.63150414579077,36.78183024325647
AnnualContinuous,0.1,0.99,0.00156,0.00156,1.1,0.8,0.125,112.17702597575091,-49.909505405529615,-35.827142077657186,-1.015962499644016,25.424415992920093,25.574742090385794
AnnualContinuous,0.1,0.99,0.00156,0.00156,1.1,0.8,0.16666666666666666,112.17702597575091,-49.909505405529615,-38.312096344118416,-1.0864291961665231,22.868995029936354,23.019321127402055
AnnualContinuous,0.1,0.99,0.00156,0.00156,1.1,1.2,0.125,112.17702597575091,-32.76490332456427,-35.827142077657186,-1.015962499644016,42.56901807388543,42.71934417135113
AnnualContinuous,0.1,0.99,0.00156,0.00156,1.1,1.2,0.16666666666666666,112.17702597575091,-32.76490332456427,-38.312096344118416,-1.0864291961665231,40.0135971109017,40.1639232083674
